ID,발견일시,발견엔진,계정핸들,계정명,팔로워,계정유형,국가,게시일,경과일,영상URL,shortcode,형식(릴스·캐러셀),길이초,조회수,좋아요,댓글,계정중앙조회수,배수,좋아요율,계정평소좋아요율,참여율비,댓글좋아요비,광고점수,광고판정,광고근거,카테고리,소주제,진입각도,증상·성분키워드,포맷ID,훅유형,훅문구(첫3초 자막 원문),구조,편집장치,촬영,길이대,음원명,포맷소진도,국내약사사용계정수,이식후보여부,용도(내용·형식·둘다),배정가능(김주성·오약·선영·공용·불가),등급,제외사유,한줄요약,왜터졌나(가설),우리버전제안(훅 문구 3개),캡처파일,이식심사점수,사람검토,사람메모,지표수집일시,썸네일파일,게이트판정,게이트근거
OYAK-DbVMg0nvMtU,2026-08-04T19:15:03+09:00,E1,oyakstory,오약 | 영양제 • 이너뷰티 | 오주헌 약사,2935,국내 약사 인플루언서,,2026-07-28,8,https://www.instagram.com/oyakstory/reel/DbVMg0nvMtU/,DbVMg0nvMtU,릴스,39,135199,1205,17,7020,19.26,0.008913,0.032179,0.277,0.0141,0,광고아님,캡션에 광고 표기 없음,의약품·약국템,일반의약품 비교,유명 제품 대체,비판텐·판테놀케어·노스카나·스카힐골드·라미실·바르지오·알보칠·페리덱스·후시딘·마데카솔·바세린·큐립,,질문형,약국에서 아직도 이거 달라고 하시나요?,문제 제기→6개 품목 비교→저장 CTA,제품명 자막·대체품 화살표·번호 목록,화면 자료 중심 릴스; 화자 노출 여부 미확인,,오리지널 오디오,미측정,,검토,내용·형식,김주성·선영,,,약국에서 자주 찾는 6개 품목을 유명 제품과 대체 제품으로 비교,검색 수요가 있는 제품명을 한 장면에서 연속 비교하고 저장 행동을 유도함(가설),"약국에서 10초 줄이려면?;유명한 약이 정답일까?;같은 증상, 다른 약국템 6개",,,,배정 재판정(콘텐츠 전환): 김주성·선영; 근거=선영 허용 범위,2026-08-05T09:41:02.491Z,DbVMg0nvMtU.jpg,통과,"형식 레퍼런스 예외(배수 19.26≥10, 조회수 13.5만; 조회수 무관)"
EUNHA-C7RB_JTvmgE,2026-08-04T19:21:18+09:00,E1,eunha__yak,은하약사 | 손혜림,11.3만,국내 약사 인플루언서,,2024-05-22,805,https://www.instagram.com/eunha__yak/reel/C7RB_JTvmgE/,C7RB_JTvmgE,릴스,,142000,8964,132,,,,,,0.0147,1,불명,제품 6개 추천; 광고·협찬 표기 없음,피부·뷰티,약국 피부템,화장대 공개→6개 추천,선크림·리쥬비넥스크림·비판텐·세비타비겔·아젤리아크림·멜라토닝크림·비타민K크림,,목록형,하얀피부에 목숨거는 여자약사 약국 피부템 대공개,자기문제 제시→6개 제품 소개→관리 CTA,제품명 자막·색상 이모지·번호 목록,화장대 제품 공개형 릴스,,오리지널 오디오,미측정,,검토,내용·형식,오약·선영,,,여자약사가 실제 화장대에서 약국 피부템 6가지를 공개,개인 경험과 제품명을 한 번에 제시해 피부 고민 시청자의 저장 수요를 자극함(가설),"약사가 화장대에서 꺼낸 피부템 6개;여드름·색소침착 약국템만 모았다;피부 고민별 약국템, 하나씩 고르세요",,,,지표수집 실패: 공개 재생수·릴스 길이 메타 미노출 | 배정 재판정(콘텐츠 전환): 오약·선영; 근거=뷰티는 김주성 불가; 선영 허용 범위,2026-08-06T02:12:20+09:00,C7RB_JTvmgE.jpg,판정불가(지표없음),조회수·배수 없음
ON-DYMxNgBP848,2026-08-04T19:27:55+09:00,E1,on.yaksa,건강을 ON💡약사 이강미,2751,국내 약사 인플루언서,,2026-06-18,48,https://www.instagram.com/on.yaksa/reel/DYMxNgBP848/,DYMxNgBP848,릴스,25.2,15000,,6,,,,,,,2,불명,선크림 5개 제품 추천; 광고·협찬 표기 없음; 프로필 자체 스마트스토어 링크 존재,피부·뷰티,선크림 비교,올리브영 선크림 BEST5,무기자차·녹두·논나노·피부장벽·톤업·자작나무,,랭킹형,선크림 BEST5를 정리해봤어요,문제 제기→5개 랭킹→바르는 법 체크리스트,순위 자막·제품명·체크리스트,제품 비교 중심 릴스,,믹스 오디오,미측정,,검토,내용·형식,선영,,,약사가 올리브영에서 구매 가능한 선크림 5개를 순위와 사용법으로 정리,제품 선택 부담을 순위로 줄이고 즉시 구매 가능한 브랜드를 제시함(가설),"올리브영 선크림, 약사가 고른 5개;민감피부 선크림을 순위로 고르면;SPF보다 먼저 볼 성분 3가지",,,,지표수집 실패: 공개 재생수 메타 미노출 | 지표 정정: 공개 좋아요 0은 미노출 placeholder로 확인되어 빈칸 처리 | 배정 재판정(콘텐츠 전환): 선영; 근거=뷰티는 김주성 불가; 제품 리뷰형 뷰티는 오약 불가; 선영 허용 범위,2026-08-06T02:12:20+09:00,DYMxNgBP848.jpg,판정불가(지표없음),조회수·배수 없음
JOY-DZEOaxNPCMa,2026-08-04T19:31:14+09:00,E1,joy_pharm1212,조이약사 | 수지 조이약국 | 맞춤 건강상담,157,국내 약사 인플루언서,,2026-06-02,64,https://www.instagram.com/joy_pharm1212/reel/DZEOaxNPCMa/,DZEOaxNPCMa,릴스,41.7,90000,,3,,,,,,,0,광고아님,캡션에 광고·협찬 표기 없음; 약물-음식 상호작용 교육,약물안전·상호작용,약물-음식,주의 조합 3가지,자몽·혈압약·고지혈증약·우유·항생제·생양배추·갑상선약,,목록형,약 먹으면서 이렇게 먹고 계신 분 있나요?,문제 제기→3개 조합 설명→약사에게 질문 CTA,경고 이모지·체크 목록·화살표,릴스; 촬영 방식 미확인,,오리지널 오디오,미측정,,검토,내용·형식,김주성·오약·선영·공용,,,약물과 음식의 대표 상호작용 3가지를 약사가 짧게 설명,금지 조합을 구체적인 음식과 약 이름으로 제시해 즉시 확인 수요를 만듦(가설),"약 먹을 때 같이 피해야 할 음식 3가지;자몽주스와 약, 왜 같이 먹으면 안 될까?;약 봉투 받기 전에 꼭 물어볼 한마디",,,,지표수집 실패: 공개 재생수 메타 미노출 | 지표 정정: 공개 좋아요 0은 미노출 placeholder로 확인되어 빈칸 처리 | 배정 재판정(콘텐츠 전환): 김주성·오약·선영·공용; 근거=선영 허용 범위,2026-08-06T02:12:20+09:00,DZEOaxNPCMa.jpg,판정불가(지표없음),조회수·배수 없음
GANGNAM-DYi1ECIvAeJ,2026-08-04T19:34:11+09:00,E1,gangnam_kimyaksa,강남김약사,944,국내 약사 인플루언서,,2026-05-21,76,https://www.instagram.com/gangnam_kimyaksa/reel/DYi1ECIvAeJ/,DYi1ECIvAeJ,릴스,6.5,2649,44,1,826,3.21,0.01661,0.042545,0.3904,0.0227,1,불명,트록세루틴·압박스타킹·피크노제놀 추천; 광고·협찬 표기 없음,건강·뷰티·대사,다리 붓기 관리,다리 붓기 관리템 3종,트록세루틴·압박스타킹·피크노제놀·정맥순환·미세순환,,목록형,오후만 되면 다리가 붓고 아픈 분들을 위한 관리템 3종,증상 제시→3개 관리템 설명→진료 필요 경고,번호 목록·체크 표시·주의 문구,제품·성분 설명 중심 릴스,,Yoshimasa Terui • Delirious,미측정,,검토,내용·형식,오약·선영,,,약사가 다리 붓기 증상과 관리 선택지 3가지를 설명하고 진료 필요 신호를 덧붙임,증상으로 시작해 선택지와 위험 신호를 함께 줘 정보 탐색 의도가 분명함(가설),"오후 다리 붓기, 무엇부터 확인할까?;붓기 관리템 3개를 약사에게 물었습니다;한쪽 다리만 붓는다면 먼저 확인할 것",,,,배정 재판정(콘텐츠 전환): 오약·선영; 근거=뷰티는 김주성 불가; 선영 허용 범위,2026-08-05T09:42:16.341Z,DYi1ECIvAeJ.jpg,미달,"~1만 구간(배수 3.21/8, 조회수 2649/3만)"
EJ-DVGgD6wk1Y8,2026-08-04T19:35:16+09:00,E1,ej_yaksa,슈가팁스 | 당 관리 루틴 공유하는 약사 김은정,1455,국내 약사 인플루언서,,2026-02-23,163,https://www.instagram.com/ej_yaksa/reel/DVGgD6wk1Y8/,DVGgD6wk1Y8,릴스,29.9,5217,59,45,454,11.5,0.011309,0.030755,0.3677,0.7627,1,불명,캡션에 광고·협찬 표기 없음; 게시물 상세 내용이 제한적으로 보임,혈당·대사·다이어트,약국 다이어트템,성분 2개 확인,혈당·대사 관련 성분 정보는 상세 확인 필요,,질문형,약국 다이어트템은 이 성분 두가지만 확인하세요,질문형 훅→성분 2개 소개(상세 미확인)→정보 CTA(미확인),후킹 자막·릴스,게시물 상세 촬영 방식 미확인,,Company Money • Drift Skunk,미측정,,검토,형식,오약·선영,,캡션 상세 내용이 제한적으로 보여 성분과 구조는 추가 확인이 필요,약국 다이어트템에서 핵심 성분 2개를 확인하라는 질문형 콘텐츠,짧은 성분 기준을 제시하는 질문형 훅이 선택 부담을 줄일 가능성(가설),"약국 다이어트템, 성분부터 보세요;당 관리 루틴에서 먼저 볼 두 가지;다이어트 제품 고르기 전 확인할 것",,,,배정 재판정(콘텐츠 전환): 김주성·오약·선영·공용; 근거=선영 허용 범위 | 배정 재판정(콘텐츠 전환): 오약·선영; 근거=다이어트 단독은 김주성 불가; 선영 허용 범위,2026-08-05T09:42:32.641Z,DVGgD6wk1Y8.jpg,통과,"형식 레퍼런스 예외(배수 11.5≥10, 조회수 5217; 조회수 무관)"
YAK-DXT6okcDyaI,2026-08-04T19:36:29+09:00,E1,yak.golnam,약골라주는남자 | 약사 박준형,7911,국내 약사 인플루언서,,2026-04-19,108,https://www.instagram.com/yak.golnam/reel/DXT6okcDyaI/,DXT6okcDyaI,릴스,44.3,9724,118,0,1440,6.75,0.012135,0.026397,0.4597,0,1,불명,제품 5개 추천; 광고·협찬 표기 없음; 프로필 상담 링크 존재,의약품·약국템,땀 억제제,약국 땀 억제제 종결 티어표,드리클로·노스엣·노스엣 센스·드라이언·스웨트롤,,티어표,땀쟁이들 필독💦 약국 땀 억제제 종결 티어표,문제 제기→5~1위 티어→저장 CTA,순위 자막·제품명·장점/주의 요약,제품 비교 중심 릴스,,오리지널 오디오,미측정,,검토,내용·형식,김주성·선영,,,약국 땀 억제제 5개를 효과·자극·가성비와 함께 순위로 정리,제품군 안에서 선택 기준을 순위로 압축하고 여름 전 저장을 유도함(가설),약국 땀 억제제 티어표;드리클로가 자극적이라면 대안은?;여름 전에 약사가 고른 땀 관리템,,,,배정 재판정(콘텐츠 전환): 김주성·선영; 근거=선영 허용 범위,2026-08-05T09:42:49.433Z,DXT6okcDyaI.jpg,미달,"~1만 구간(배수 6.75/8, 조회수 9724/3만)"
HISU-DXQWklDDxvD,2026-08-04T19:38:01+09:00,E1,hisutamine,오희수｜약사 히수타민,1.4만,국내 약사 인플루언서,,2026-04-19,108,https://www.instagram.com/hisutamine/reel/DXQWklDDxvD/,DXQWklDDxvD,릴스,42.1,4190,140,5,453,9.25,0.033413,0.236203,0.1415,0.0357,1,불명,약국 화장품 5개 추천; 광고·협찬 표기 없음,피부·뷰티,약국 화장품·민감건성,약국템 애정템 공개,노드라나액·프로캄 EGF·리쥬부스터 PDRN·레드엑스·판테놀·프로캄 판테놀 립에센스,,목록형,약사추천) 약국템으로 피부관리하기,민감·건성 피부 맥락→5개 제품 소개→사용감·성분 설명,제품명·번호·성분 자막,제품 공개 중심 릴스,,momo's • 나는 사랑둥이,미측정,,검토,내용·형식,오약·선영,,,민감성·건성 피부를 가진 약사가 약국 피부템 5개를 애정템으로 소개,피부 타입을 먼저 밝힌 뒤 제품과 성분을 연결해 시청자 자기 대입을 쉽게 함(가설),민감성 약사가 꾸준히 쓴 약국템;속건조·색소침착에 약국템 5개;약국 화장품 고르는 기준을 공개합니다,,,,배정 재판정(콘텐츠 전환): 선영; 근거=뷰티는 김주성 불가; 제품 리뷰형 뷰티는 오약 불가; 선영 허용 범위 | 배정 재판정(콘텐츠 전환): 오약·선영; 근거=뷰티는 김주성 불가; 선영 허용 범위,2026-08-05T09:43:07.924Z,DXQWklDDxvD.jpg,미달,"1만~5만 구간(배수 9.25/6, 조회수 4190/10만)"
O2YAKSA-Dbk8KBVJyCA,2026-08-04T19:50:21+09:00,E1,o2yaksa,산소약사 김정현,2.4만,국내 약사 인플루언서,,2026-08-03,2,https://www.instagram.com/o2yaksa/reel/Dbk8KBVJyCA/,Dbk8KBVJyCA,릴스,53.1,1890,30,0,839,2.25,0.015873,0.027501,0.5772,0,0,광고아님,캡션에 광고·협찬 표기 없음; 음식 선택·섭취 순서 교육,건강·식단·대사,여름 음식 탄수화물,뜻밖의 음식 경고→우선순위 4단계,미숫가루·수박주스·묵사발·콩국수·탄수화물·식후걷기,,경고형,여름에 살찌기 쉬운 뜻밖의 음식들,뜻밖의 음식 제시→탄수화물 설명→실천 4단계→영양제 오해 교정,각설탕 비유·번호 목록·체크리스트,화면 자료·화자 노출 여부 미확인,미측정,,미측정,,검토,내용·형식,김주성·선영,,,약사가 여름 음식의 탄수화물과 섭취 순서를 설명하고 4단계 실천법을 제시,건강해 보이는 음식의 숨은 탄수화물을 각설탕 비유와 순서 조언으로 구체화해 자기 점검 수요를 만듦(가설),"여름에 살찌기 쉬운 음식 4가지;건강해 보여도 혈당을 흔드는 식사;식후 10분, 무엇부터 바꿀까?",,,검토,배정 재판정(콘텐츠 전환): 김주성·선영; 근거=선영 허용 범위,2026-08-05T09:43:10.401Z,Dbk8KBVJyCA.jpg,미달,"1만~5만 구간(배수 2.25/6, 조회수 1890/10만)"
O2YAKSA-Dbf5N-aJT8k,2026-08-04T19:50:21+09:00,E1,o2yaksa,산소약사 김정현,2.4만,국내 약사 인플루언서,,2026-08-01,4,https://www.instagram.com/o2yaksa/reel/Dbf5N-aJT8k/,Dbf5N-aJT8k,릴스,38,746,21,0,839,0.89,0.02815,0.027501,1.0236,0,1,불명,제품 성분·함량 기준 교육; 공개 캡션에 광고 표기 없음,건강·뷰티·영양제,콜라겐 제품 선택,함량→근거→기간,콜라겐·가수분해 펩타이드·비타민C·단백질·아연·구리,,질문형,"콜라겐, 먹어도 소용없다고 느끼셨나요?",문제 제기→함량·원료·기간 3단계→보조 영양소,번호 목록·성분 자막,화면 자료·화자 노출 여부 미확인,미측정,,미측정,,검토,내용·형식,오약·선영,,,약사가 콜라겐 제품을 고를 때 실제 함량·근거·관찰 기간을 확인하는 순서를 설명,효과 체감의 조건을 함량·원료·기간으로 나눠 제품 선택의 판단 기준을 제공함(가설),"콜라겐, 함량부터 확인했나요?;8주 전에는 효과를 판단하지 마세요;제품 앞면보다 뒷면을 보세요",,,검토,배정 재판정(콘텐츠 전환): 오약·선영; 근거=뷰티는 김주성 불가; 선영 허용 범위,2026-08-05T09:43:12.979Z,Dbf5N-aJT8k.jpg,미달,"1만~5만 구간(배수 0.89/6, 조회수 746/10만)"
BEAUTIFUL-DbQCFgOz9z0,2026-08-04T19:59:38+09:00,E1,beautiful_yaksa,뷰약사 ㅣ Healthy life Style l,2.3만,국내 약사 인플루언서,,2026-07-26,10,https://www.instagram.com/beautiful_yaksa/reel/DbQCFgOz9z0/,DbQCFgOz9z0,릴스,38.2,6853,312,2,1041,6.58,0.045528,0.037496,1.2142,0.0064,1,불명,약국 연고·제품을 증상별로 추천; 캡션에 광고·협찬 표기 없음; 공개 상담 링크와 DM·카카오톡 상담 CTA,피부·뷰티,여드름 연고 선택,여름 악화 경고→7가지 증상별 선택,여드름·아젤리아·아크덤겔·클리어틴·세비타비겔·디페린·노스카나·멜라토닝,,목록형,여름에 피지와 땀으로 여드름이 더 심해질수있어요,여름 악화 경고→7증상별 연고→사용법·주의→상담 CTA,번호 목록·제품명·사용 횟수·주의 문구,제품 설명 중심 릴스; 화자 노출 여부 미확인,미측정,,미측정,,검토,내용·형식,오약·선영,,,약사가 여름 여드름을 증상별로 나눠 약국 연고와 사용법을 정리,증상별 제품 매칭과 사용 횟수를 한 장면에 모아 검색·저장 수요를 자극함(가설),"여름 여드름, 증상별로 연고가 다릅니다;좁쌀·붉은 여드름 약국템 정리;여드름 연고, 바르기 전에 확인할 것",,,검토,배정 재판정(콘텐츠 전환): 오약·선영; 근거=뷰티는 김주성 불가; 선영 허용 범위,2026-08-05T09:43:33.454Z,DbQCFgOz9z0.jpg,미달,"1만~5만 구간(배수 6.58/6, 조회수 6853/10만)"
BEAUTIFUL-DbLIDhAzyM4,2026-08-04T19:59:38+09:00,E1,beautiful_yaksa,뷰약사 ㅣ Healthy life Style l,2.3만,국내 약사 인플루언서,,2026-07-25,11,https://www.instagram.com/beautiful_yaksa/reel/DbLIDhAzyM4/,DbLIDhAzyM4,릴스,45.5,899,96,18,1041,0.86,0.106785,0.037496,2.8479,0.1875,1,불명,제품명·가격·구매처를 함께 제시; 캡션에 광고·협찬 표기 없음; 댓글로 정리본 전송 CTA,피부·뷰티,다이소 여름 뷰티템,여름템 5개→가격·저장본 CTA,알로에 쿨링 선스틱·쿨링 생리대·메이크업 픽서·히알루론산 크림·쿨링 바디시트,,목록형,다이소뷰티꿀템 여름 뷰티꿀템!!!!,여름 상황 제시→5개 제품·가격→정리본 댓글 CTA,제품명·가격 자막·번호 목록,제품 공개 중심 릴스; 화자 노출 여부 미확인,미측정,,미측정,,검토,내용·형식,오약·선영,,,약사가 다이소에서 살 수 있는 여름 뷰티템 5개를 가격과 함께 정리,구매 장소·가격·제품명을 한 번에 제시하고 저장·댓글 행동을 유도함(가설),"다이소 여름템, 약사가 고른 5개;휴가 전 5천원 뷰티템;가격까지 정리한 약국 추천템",,,검토,배정 재판정(콘텐츠 전환): 오약·선영; 근거=뷰티는 김주성 불가; 선영 허용 범위,2026-08-05T09:43:35.993Z,DbLIDhAzyM4.jpg,미달,"1만~5만 구간(배수 0.86/6, 조회수 899/10만)"
EUNHA-DbkpReKMuCV,2026-08-04T20:02:53+09:00,E1,eunha__yak,은하약사 | 손혜림,11.3만,국내 약사 인플루언서,,2026-08-03,2,https://www.instagram.com/eunha__yak/reel/DbkpReKMuCV/,DbkpReKMuCV,릴스,22.2,19483,142,72,1798,10.84,0.007288,0.06753,0.1079,0.507,1,불명,연령별 수면시간·영양제 교육; 캡션에 광고·협찬 표기 없음; 프로필 공개 상담 채널 존재,육아·여성건강·영양제,아이 수면·연령별 영양제,나이별 기준표→성분 조합,4~12개월·1~2세·3~5세·6~12세·13~18세·수면시간·유산균·비타민D·철분·미네랄·오메가3,,표·목록형,우리 아이 잘 자고 있을까? 약사엄마가 알려주는 나이별 권장 수면시간,육아 고민 제시→연령별 수면시간→연령별 성분 조합→상담 CTA,연령 구간 자막·이모지·표 형식,화면 자료 중심 릴스; 화자 노출 여부 미확인,미측정,,미측정,,검토,내용·형식,불가,,,약사엄마가 아이 연령별 권장 수면시간과 영양제 조합을 한 장면에 정리,부모의 구체적인 연령·수면 고민을 기준표와 성분 조합으로 바로 연결함(가설),"아이 나이별 수면시간과 영양제;철분은 언제부터 확인할까?;아이 영양제, 필수와 선택을 나눠보세요",,,검토,배정 재판정(콘텐츠 전환): 불가; 근거=육아·아동 카테고리; 세 사람 제약 미충족,2026-08-05T09:41:14.313Z,DbkpReKMuCV.jpg,통과,"형식 레퍼런스 예외(배수 10.84≥10, 조회수 1.9만; 조회수 무관)"
EUNHA-DbVUOJ2M37H,2026-08-04T20:02:53+09:00,E1,eunha__yak,은하약사 | 손혜림,11.3만,국내 약사 인플루언서,,2026-07-28,8,https://www.instagram.com/eunha__yak/reel/DbVUOJ2M37H/,DbVUOJ2M37H,릴스,43.8,1387,41,30,1798,0.77,0.02956,0.06753,0.4377,0.7317,1,불명,성장 시기별 영양제 선택 가이드; 캡션에 광고·협찬 표기 없음; 제품 판매 표기 미확인,육아·영양제,아이 영양제 선택 가이드,시기별 필수·선택 성분,아이영양제·성장시기·유산균·비타민D·철분·미네랄·오메가3·종합비타민·아르기닌,,가이드형,약사엄마표 우리 아이 시기별 영양제 세팅법 딱 정리해드릴게요,반복 질문 제시→성장 시기별 핵심→필수·선택 구분→상담 CTA,연령 구간·필수/선택 대비·핵심 자막,화면 자료 중심 릴스; 화자 노출 여부 미확인,미측정,,미측정,,검토,내용·형식,불가,,,약사가 아이 영양제를 성장 시기별 필수·선택 성분으로 정리,부모가 반복해서 묻는 나이·성분 질문을 시기별 선택 가이드로 압축함(가설),"아이 영양제는 언제부터 무엇을 고를까?;성장 시기별 필수·선택 성분;우리 아이 영양제, 이 기준으로 정리하세요",,,검토,배정 재판정(콘텐츠 전환): 불가; 근거=육아·아동 카테고리; 세 사람 제약 미충족,2026-08-05T09:41:18.175Z,DbVUOJ2M37H.jpg,미달,"10만~ 구간(배수 0.77/4, 조회수 1387/1백만)"
ON-DbUlNd3JArt,2026-08-04T20:06:25+09:00,E1,on.yaksa,건강을 ON💡약사 이강미,2751,국내 약사 인플루언서,,2026-07-28,8,https://www.instagram.com/on.yaksa/reel/DbUlNd3JArt/,DbUlNd3JArt,릴스,41.5,850,,4,,,,,,,1,불명,피부 관리 3단계와 제품·성분을 설명; 캡션에 광고·협찬 표기 없음; 프로필 스마트스토어 링크 존재,피부·뷰티·청소년건강,청소년 여드름 관리,먹는 것·씻는 것·바르는 것 3단계,청소년 여드름·오메가3·비타민C·비타민D·AHA·BHA·보습,,단계형,"앞 영상에서 먹는 관리(영양제셋팅)를 말씀드렸다면, 오늘은 세안+보습 관리입니다",피부 고민 제시→먹는 것→씻는 것→바르는 것→DM CTA,3단계 숫자·성분 자막·금지 표시,화면 자료 중심 릴스; 화자 노출 여부 미확인,미측정,,미측정,,검토,내용·형식,오약·선영,,,약사가 청소년 여드름 관리를 먹는 것·씻는 것·바르는 것으로 나눠 설명,복잡한 피부 고민을 3단계로 단순화하고 바로 적용할 성분·행동을 제시함(가설),"청소년 여드름은 3단계로 보세요;먹는 것·씻는 것·바르는 것 순서;여드름 피부, 보습을 빼지 마세요",,,검토,지표수집 실패: 공개 재생수 메타 미노출 | 지표 정정: 공개 좋아요 0은 미노출 placeholder로 확인되어 빈칸 처리 | 배정 재판정(콘텐츠 전환): 오약·선영; 근거=뷰티는 김주성 불가; 선영 허용 범위,2026-08-06T02:12:20+09:00,DbUlNd3JArt.jpg,판정불가(지표없음),조회수·배수 없음
ON-DbCXdVZvtB6,2026-08-04T20:06:25+09:00,E1,on.yaksa,건강을 ON💡약사 이강미,2751,국내 약사 인플루언서,,2026-07-21,15,https://www.instagram.com/on.yaksa/reel/DbCXdVZvtB6/,DbCXdVZvtB6,릴스,84.8,608,,3,,,,,,,1,불명,약물 사용 중 영양 관리 교육; 캡션에 광고·협찬 표기 없음; 프로필 자체 스마트스토어 링크 존재,건강·대사·영양제,마운자로 사용 중 영양 관리,5가지 필수 관리,마운자로·GLP1·단백질·오메가3·종합비타민·식이섬유·비타민D·K2·근손실,,목록형,"마운자로 맞고 계신다면, 체중 감량만큼 중요한 건 근육과 영양을 지키는 것입니다",약물 사용 상황 제시→5가지 영양 요소→저장 CTA,번호 목록·성분 이모지·저장 표시,화면 자료 중심 릴스; 화자 노출 여부 미확인,미측정,,미측정,,검토,내용·형식,김주성·오약·선영·공용,,,약사가 마운자로 사용 중 단백질·지방·비타민·식이섬유·D+K2를 정리,약물 사용자의 구체적인 관리 상황과 영양 요소 5개를 연결해 저장 수요를 만듦(가설),"마운자로 사용 중 먼저 챙길 5가지;살보다 근육을 지키는 영양;GLP1 다이어트, 단백질만 보면 안 되는 이유",,,검토,지표수집 실패: 공개 재생수 메타 미노출 | 지표 정정: 공개 좋아요 0은 미노출 placeholder로 확인되어 빈칸 처리 | 배정 재판정(콘텐츠 전환): 김주성·오약·선영·공용; 근거=선영 허용 범위,2026-08-06T02:12:20+09:00,DbCXdVZvtB6.jpg,판정불가(지표없음),조회수·배수 없음
JOY-DaEa-5EPIED,2026-08-04T20:10:13+09:00,E1,joy_pharm1212,조이약사 | 수지 조이약국 | 맞춤 건강상담,157,국내 약사 인플루언서,,2026-06-27,39,https://www.instagram.com/joy_pharm1212/reel/DaEa-5EPIED/,DaEa-5EPIED,릴스,41.3,1922,,2,,,,,,,1,불명,유산균·항생제 복용 교육; 캡션에 광고·협찬 표기 없음; 유산균 DM 상담 CTA 존재,육아건강·약물안전,아이 항생제와 유산균,항생제 복용→병용·간격 기준,항생제·유산균·LGG·사카로미세스·2시간 간격·설사,,근거형,"아이 항생제 먹일 때, 약사가 꼭! 하는 말",상황 제시→임상시험 수치→병용·간격 기준→DM CTA,수치 강조·화살표·주의 시간 자막,화면 자료 중심 릴스; 화자 노출 여부 미확인,미측정,,미측정,,검토,내용·형식,불가,,,약사가 아이 항생제 복용 중 유산균 병용과 2시간 간격을 근거 수치로 설명,부모의 복약 상황과 구체적인 간격·수치를 함께 제시해 즉시 확인 수요를 만듦(가설),"항생제와 유산균, 몇 시간 띄울까?;아이 항생제 복용 전 꼭 확인할 것;임상시험 수치로 보는 유산균 병용",,,검토,지표수집 실패: 공개 재생수 메타 미노출 | 지표 정정: 공개 좋아요 0은 미노출 placeholder로 확인되어 빈칸 처리 | 배정 재판정(콘텐츠 전환): 불가; 근거=육아·아동 카테고리; 세 사람 제약 미충족,2026-08-06T02:12:20+09:00,DaEa-5EPIED.jpg,판정불가(지표없음),조회수·배수 없음
JOY-DY5x7zvvdn2,2026-08-04T20:10:13+09:00,E1,joy_pharm1212,조이약사 | 수지 조이약국 | 맞춤 건강상담,157,국내 약사 인플루언서,,2026-05-29,68,https://www.instagram.com/joy_pharm1212/reel/DY5x7zvvdn2/,DY5x7zvvdn2,릴스,51.7,341,,0,,,,,,,1,불명,마그네슘·오메가3·비타민D 기반 생리통 교육; 캡션에 광고·협찬 표기 없음; 상담 DM CTA 존재,여성건강·영양제,생리통 영양 관리,진통제 전 몸 상태 점검→3성분,생리통·마그네슘·오메가3·비타민D·염증·자궁근육,,목록형,"생리통, 매달 참기만 하셨나요?",문제 제기→3성분 설명→저장·공유·DM CTA,성분 이모지·체크 목록·저장 표시,화면 자료 중심 릴스; 화자 노출 여부 미확인,미측정,,미측정,,검토,내용·형식,김주성·오약·선영·공용,,,약사가 생리통 관리 전에 확인할 마그네슘·오메가3·비타민D를 정리,매달 반복되는 증상을 성분 3개와 연결하고 저장·상담 행동으로 마무리함(가설),"생리통 전에 확인할 성분 3개;진통제 전에 몸 상태부터 보세요;마그네슘·오메가3·비타민D, 무엇부터 챙길까?",,,검토,지표수집 실패: 공개 재생수 메타 미노출 | 지표 정정: 공개 좋아요 0은 미노출 placeholder로 확인되어 빈칸 처리 | 배정 재판정(콘텐츠 전환): 김주성·오약·선영·공용; 근거=선영 허용 범위,2026-08-06T02:12:20+09:00,DY5x7zvvdn2.jpg,판정불가(지표없음),조회수·배수 없음
ONEUL-DbOB-dYJcjF,2026-08-04T20:15:50+09:00,E1,oneul_pharmacy,오늘부터 같이 시작해요!ㅣ오늘약사 김세희,3.2만,국내 약사 인플루언서,,2026-07-25,11,https://www.instagram.com/oneul_pharmacy/reel/DbOB-dYJcjF/,DbOB-dYJcjF,릴스,28.8,465,49,5,1373,0.34,0.105376,0.032464,3.2459,0.102,1,불명,아동 영양·비타민C 교육; 캡션에 광고·협찬 표기 없음; 프로필 자체 판매 링크와 계정 태그 존재,육아건강·영양제,아이 비타민C,상황 5가지→성분 선택,비염·알러지·코피·군것질·채소 기피·가족 흡연·비타민C,,목록형,"의외로 잘 모르시는, 비타민C가 꼭 필요한 아이 TOP5",문제 제기→5가지 상황→생활 우선순위→계정 CTA,TOP5 번호·상황별 자막·핵심 문장 강조,화면 자료 중심 릴스; 화자 노출 여부 미확인,미측정,,미측정,,검토,내용·형식,불가,,,약사엄마가 아이에게 비타민C를 확인할 상황 5가지를 생활 사례로 설명,부모가 쉽게 대입할 수 있는 상황을 TOP5로 묶어 저장 수요를 만듦(가설),"아이 비타민C, 이런 상황이면 확인하세요;비염·코피·채소 기피 아이 영양;아이에게 꼭 필요한 비타민C 상황 5개",,,검토,배정 재판정(콘텐츠 전환): 불가; 근거=육아·아동 카테고리; 세 사람 제약 미충족,2026-08-05T09:43:39.720Z,DbOB-dYJcjF.jpg,미달,"1만~5만 구간(배수 0.34/6, 조회수 465/10만)"
ONEUL-DbLjWOzJem8,2026-08-04T20:15:50+09:00,E1,oneul_pharmacy,오늘부터 같이 시작해요!ㅣ오늘약사 김세희,3.2만,국내 약사 인플루언서,,2026-07-25,11,https://www.instagram.com/oneul_pharmacy/reel/DbLjWOzJem8/,DbLjWOzJem8,릴스,31.3,116,36,4,1373,0.08,0.310345,0.032464,9.5595,0.1111,1,불명,간접흡연과 영양 교육; 캡션에 광고·협찬 표기 없음; 프로필 자체 판매 링크와 계정 태그 존재,육아건강·영양제,간접흡연과 아이 비타민C,가족 흡연→관찰 신호→생활 습관,간접흡연·비타민C·감기·피로·식욕·피부·잇몸·멍,,경고형,가족 중 흡연자가 있다면 이 영상 꼭 공유해 주세요,가족 상황 제시→부족 가능성 설명→관찰 신호→생활 CTA,경고 문구·플러스 목록·가족 상황 강조,화면 자료 중심 릴스; 화자 노출 여부 미확인,미측정,,미측정,,검토,내용·형식,불가,,,가족 흡연·간접흡연 상황에서 아이의 비타민C 관련 신호를 확인하도록 안내,가족 상황의 긴급성을 먼저 제시하고 관찰할 신호를 목록으로 제공함(가설),"간접흡연 가정의 아이, 먼저 확인할 신호;비타민C 부족이 의심되는 생활 장면;가족 건강 루틴을 하나씩 바꾸세요",,,검토,배정 재판정(콘텐츠 전환): 불가; 근거=육아·아동 카테고리; 뷰티는 김주성 불가; 세 사람 제약 미충족,2026-08-05T09:43:41.132Z,DbLjWOzJem8.jpg,미달,"1만~5만 구간(배수 0.08/6, 조회수 116/10만)"
GANGNAM-DbLF0Ttv03N,2026-08-04T20:24:00+09:00,E1,gangnam_kimyaksa,강남김약사,946,국내 약사 인플루언서,,2026-07-24,12,https://www.instagram.com/gangnam_kimyaksa/reel/DbLF0Ttv03N/,DbLF0Ttv03N,릴스,32.4,596,42,1,826,0.72,0.07047,0.042545,1.6564,0.0238,1,불명,약 복용·상처·감기약·습윤밴드·가글·냉장보관·항생제·코막힘 스프레이 9가지 약국 실수; 광고·협찬 표기 없음,생활약학·약물안전,복약 실수 9가지,상황별 금기·주의,덱시부프로펜·이부프로펜·락툴로오스·차전자피·항생제·코막힘 스프레이,FMT-MED-MISTAKES-001,목록형,약사들이 알려주지 않는 약국에서 가장 많이 하는 실수 9가지,실수 상황 제시→9개 약 복용·보관 실수→주의 문구→저장 CTA,번호 목록·체크 표시·경고 문구,화면 자료 중심 릴스,20-30초,Yoshimasa Terui • Delirious,미측정,,검토,내용·형식,김주성·선영,,,약사가 일상에서 반복되는 약 복용·보관 실수 9가지를 짧은 정답 목록으로 설명,상황별 질문이 많고 즉시 수정할 행동을 번호로 제공해 저장 수요를 만듦(가설),약국에서 가장 자주 하는 실수 9가지; 감기약·항생제·연고 보관 실수; 약은 이렇게 드세요,,,검토,배정 재판정(콘텐츠 전환): 김주성·선영; 근거=선영 허용 범위,2026-08-05T09:42:02.414Z,DbLF0Ttv03N.jpg,미달,"~1만 구간(배수 0.72/8, 조회수 596/3만)"
GANGNAM-Da5Dl3SP9Ra,2026-08-04T20:24:00+09:00,E1,gangnam_kimyaksa,강남김약사,946,국내 약사 인플루언서,,2026-07-17,19,https://www.instagram.com/gangnam_kimyaksa/reel/Da5Dl3SP9Ra/,Da5Dl3SP9Ra,릴스,17.9,91,58,15,826,0.11,0.637363,0.042545,14.981,0.2586,1,불명,혈당·인슐린 저항성 관리 성분 6가지와 용량·복용 주의; 제품명·협찬 표기 없음,대사건강·영양제,혈당·인슐린 저항성,성분·용량·복용 주의,마그네슘·오메가3·베르베린·비타민D·차전자피·이노시톨,FMT-SYMPTOM-3NUTRIENTS-001,수치형,혈당과 인슐린 저항성 개선을 위해 연구에서 많이 사용한 성분과 용량,문제 제기→6개 성분과 용량→복용 주의→식사·운동·수면 CTA,성분명·용량 숫자 강조·주의 아이콘,화면 자료 중심 릴스,30-45초,Yoshimasa Terui • Delirious,미측정,,검토,내용·형식,김주성·오약·선영·공용,,,대사 건강 성분 6개의 용량과 약물 복용 전 상담 주의를 함께 설명,성분명뿐 아니라 용량과 주의 조건을 함께 제시해 실용성이 높음(가설),혈당 관리 성분 6개; 용량까지 정리; 베르베린 복용 전 꼭 확인; 식단·운동과 함께 보는 대사 루틴,,,검토,배정 재판정(콘텐츠 전환): 김주성·오약·선영·공용; 근거=선영 허용 범위,2026-08-05T09:42:03.689Z,Da5Dl3SP9Ra.jpg,미달,"~1만 구간(배수 0.11/8, 조회수 91/3만)"
YAK-DZZQhMXPvb3,2026-08-04T20:46:00+09:00,E1,yak.golnam,약골라주는남자 | 약사 박준형,7911,국내 약사 인플루언서,,2026-06-10,56,https://www.instagram.com/yak.golnam/reel/DZZQhMXPvb3/,DZZQhMXPvb3,릴스,39.4,1464,33,2,1440,1.02,0.022541,0.026397,0.8539,0.0606,3,광고,#협찬 표기; 아이스크림 성분표 비교 후 특정 제품 구매를 유도,식품·성분표·제품비교,아이스크림 성분표 비교,첨가제 확인→4개 제품 순위→1위 구매 CTA,탈지분유·설탕·합성향료·구아검·메이플슈가,FMT-PRODUCT-LABEL-RANKING-001,랭킹형,#협찬 맛있는건 먹고싶은데 건강도 생각해야죠,성분표 확인→4개 제품 비교→1위 선정→제품 CTA,순위 번호·성분명 가리기·1위 강조,화면 자료 중심 릴스,20-30초,미확인,미측정,,검토,내용·형식,불가,,,협찬 표기를 앞에 두고 아이스크림 성분표를 비교해 4위부터 1위까지 순위를 제시,제품 비교와 명시적 협찬을 결합한 광고형 랭킹 콘텐츠로 구매 판단을 빠르게 돕는 구조(가설),협찬 표기 후 성분표 비교; 4위부터 1위까지 고르는 법; 제품 광고에서도 성분표를 먼저 보세요,,,검토,배정 재판정(콘텐츠 전환): 불가; 근거=육아·아동 카테고리; 세 사람 제약 미충족,2026-08-05T09:42:35.220Z,DZZQhMXPvb3.jpg,미달,"~1만 구간(배수 1.02/8, 조회수 1464/3만)"
YAK-DZXZtUOv34_,2026-08-04T20:46:00+09:00,E1,yak.golnam,약골라주는남자 | 약사 박준형,7911,국내 약사 인플루언서,,2026-06-10,56,https://www.instagram.com/yak.golnam/reel/DZXZtUOv34_/,DZXZtUOv34_,릴스,60.7,271,20,0,1440,0.19,0.073801,0.026397,2.7958,0,3,광고,#광고 표기; 남성 건강 제품 SAGX의 NAD+·세놀리틱 효능과 구매 링크 제시,남성건강·영양제·광고,남성 건강 키워드 2가지,키워드 설명→제품 효능 주장→구매 링크 CTA,NAD+·세놀리틱·세포 에너지·혈행,FMT-PRODUCT-LABEL-RANKING-001,키워드형,#광고 쏘팔메토는 가라 차세대 남성 건강 키워드 2가지,시장 키워드 제시→노화·에너지 설명→제품 효능 주장→외부 링크 CTA,키워드 큰 자막·효능 키워드 반복·광고 표기,화면 자료 중심 릴스,20-30초,미확인,미측정,,검토,내용·형식,김주성·오약·선영·공용,,,광고 표기와 외부 링크를 포함해 남성 건강 성분 키워드와 특정 제품을 연결,광고 키워드를 먼저 제시하고 효능 서사를 붙여 제품 인지와 링크 클릭을 유도하는 구조(가설),광고 표기를 숨기지 않고 성분 키워드부터 설명; 남성 건강 키워드 2개 비교; 효능 주장과 근거를 분리해서 보기,,,검토,배정 재판정(콘텐츠 전환): 김주성·오약·선영·공용; 근거=선영 허용 범위,2026-08-05T09:42:36.466Z,DZXZtUOv34_.jpg,미달,"~1만 구간(배수 0.19/8, 조회수 271/3만)"
HISU-DbNyslZPO3J,2026-08-04T20:50:00+09:00,E1,hisutamine,오희수｜약사 히수타민,1.4만,국내 약사 인플루언서,,2026-07-26,10,https://www.instagram.com/hisutamine/reel/DbNyslZPO3J/,DbNyslZPO3J,릴스,47.1,711,85,183,453,1.57,0.11955,0.236203,0.5061,2.1529,0,광고아님,캡션에 (광고❌·공구❌)를 명시하고 제품 추천 기준과 상담 CTA를 제시,영양제·직장인건강,필수 영양제 TOP3,필요 순서→3개 성분→섭취 용량·방법 CTA,비타민D·유산균·오메가3,FMT-SUPPLEMENTS-TOP3-001,목록형,광고 없이 꼭 필요한 영양제 TOP3,문제 제기→필수 순서 3개→상담·추천제품 CTA,TOP3 번호·성분명 강조·광고 아님 배지,화면 자료 중심 릴스,20-30초,미확인,미측정,,검토,내용·형식,김주성·오약·선영·공용,,,광고가 아님을 명시한 뒤 직장인에게 기본 영양제 3개를 우선순위로 제시,광고 배제 문구와 순서형 추천을 결합해 신뢰와 상담 전환을 동시에 노리는 구조(가설),돈 아끼는 영양제 우선순위; 비타민D·유산균·오메가3부터; 광고 없이 고르는 기준,,,검토,배정 재판정(콘텐츠 전환): 김주성·오약·선영·공용; 근거=선영 허용 범위,2026-08-05T09:42:57.355Z,DbNyslZPO3J.jpg,미달,"1만~5만 구간(배수 1.57/6, 조회수 711/10만)"
HISU-Da_sX41Ppuc,2026-08-04T20:50:00+09:00,E1,hisutamine,오희수｜약사 히수타민,1.4만,국내 약사 인플루언서,,2026-07-19,17,https://www.instagram.com/hisutamine/reel/Da_sX41Ppuc/,Da_sX41Ppuc,릴스,,81000,119,28,,,,,,0.2353,1,불명,다이소 단백질 쉐이크의 단백질·탄수화물·당류·첨가물·가격·맛을 점수화; 협찬 표기 없음,식품·제품비교·다이어트,단백질 쉐이크 성분표 해부,함량→성분→가격→맛→총점,단백질 23g·순탄수화물 13g·당류 1.8g·167kcal·분리대두단백·식물성크림,FMT-PRODUCT-SCORECARD-001,점수형,약사가 성분 뜯어본 다이소 천원 쉐이크,제품 선택 이유→4개 평가 항목→총점→대안 제안,항목별 점수·영양 수치·장단점 대비,화면 자료 중심 릴스,45-60초,미확인,미측정,,검토,내용·형식,김주성·오약·선영·공용,,,제품을 함량·성분·가격·맛 4개 기준으로 점수화하고 선택 대안을 제시,수치와 점수를 함께 제시해 구매 전 비교 의도를 빠르게 충족함(가설),단백질 쉐이크를 4개 기준으로 점수화; 가격보다 성분을 먼저 보세요; 제품 라벨 해부 체크리스트,,,검토,지표수집 실패: 공개 재생수·릴스 길이 메타 미노출 | 배정 재판정(콘텐츠 전환): 김주성·오약·선영·공용; 근거=선영 허용 범위,2026-08-06T02:12:20+09:00,Da_sX41Ppuc.jpg,판정불가(지표없음),조회수·배수 없음
EJ-DbkuslGTffo,2026-08-04T20:38:00+09:00,E1,ej_yaksa,슈가팁스 | 당 관리 루틴 공유하는 약사 김은정,1455,국내 약사 인플루언서,,2026-08-03,2,https://www.instagram.com/ej_yaksa/reel/DbkuslGTffo/,DbkuslGTffo,릴스,32.4,323,6,0,454,0.71,0.018576,0.030755,0.604,0,1,불명,모기 물림 시 냉찜질·항히스타민제·가려움 완화제 선택과 감염 위험 신호를 설명; 광고·협찬 표기 없음,피부·육아건강·약물안전,모기 물림 응급 대처,증상별 약국 선택지 3단계,항히스타민제·하이드로코르티손·냉찜질·봉와직염,FMT-SYMPTOM-PHARMACY-3STEP-001,질문형,모기 물렸다고 손톱으로 십자 자국을 내거나 침부터 바르고 계신가요?,잘못된 민간요법 경고→가벼운 증상 대처→약국 선택지→감염 위험 신호,질문 자막·3단계 번호·위험 신호 강조,화면 자료 중심 릴스,30-45초,미확인,미측정,,검토,내용·형식,불가,,,모기 물림의 잘못된 대처를 먼저 끊고 증상별 대처와 진료 신호를 안내,민간요법 반박과 즉시 할 행동을 함께 제시해 저장 수요를 만듦(가설),모기 물렸을 때 먼저 멈출 행동; 가려움·붓기 약국 상담 순서; 감염 신호가 보이면 진료,,,검토,배정 재판정(콘텐츠 전환): 불가; 근거=육아·아동 카테고리; 뷰티는 김주성 불가; 세 사람 제약 미충족,2026-08-05T09:42:17.587Z,DbkuslGTffo.jpg,미달,"~1만 구간(배수 0.71/8, 조회수 323/3만)"
EJ-DbVcEs9z-2I,2026-08-04T20:38:00+09:00,E1,ej_yaksa,슈가팁스 | 당 관리 루틴 공유하는 약사 김은정,1455,국내 약사 인플루언서,,2026-07-28,8,https://www.instagram.com/ej_yaksa/reel/DbVcEs9z-2I/,DbVcEs9z-2I,릴스,38.5,527,13,0,454,1.16,0.024668,0.030755,0.8021,0,1,불명,아기 땀띠에 칼라민 로션·덱스판테놀 연고와 환경 관리 기준을 설명; 광고·협찬 표기 없음,육아건강·피부,아기 땀띠 관리,원인 확인→보습·진정→진료 신호,칼라민·덱스판테놀·스테로이드 연고·땀띠,FMT-SYMPTOM-PHARMACY-3STEP-001,질문형,아기 몸에 땀띠가 올라왔다고 집에 있는 스테로이드 연고부터 바르시나요?,스테로이드 선사용 경고→가벼운 증상 선택지→생활 관리 3가지→진료 필요 신호,질문 자막·체크 목록·주의 문구,화면 자료 중심 릴스,30-45초,미확인,미측정,,검토,내용·형식,불가,,,아기 땀띠에서 먼저 피할 행동과 약국 선택지 및 생활 관리법을 설명,보호자가 바로 대입할 수 있는 금기와 생활 행동을 함께 제시함(가설),아기 땀띠에 스테로이드부터 바르지 마세요; 칼라민과 덱스판테놀 구분; 진물이 나면 진료,,,검토,배정 재판정(콘텐츠 전환): 불가; 근거=육아·아동 카테고리; 뷰티는 김주성 불가; 세 사람 제약 미충족,2026-08-05T09:42:20.063Z,DbVcEs9z-2I.jpg,미달,"~1만 구간(배수 1.16/8, 조회수 527/3만)"
YAK-DWDzUvgD_2C,2026-08-04T21:05:07+09:00,E1,yak.golnam,약골라주는남자 | 약사 박준형,7911,국내 약사 인플루언서,,2026-03-19,139,https://www.instagram.com/yak.golnam/reel/DWDzUvgD_2C/,DWDzUvgD_2C,릴스,27.2,62068,2091,43,1440,43.1,0.033689,0.026397,1.2763,0.0206,1,불명,공개 캡션에 광고·협찬 표기 없음; 광고 판정 불명,의약품·약국템·안구건조,약국 인공눈물 6종 티어표,제품군을 6단계로 즉시 비교,인공눈물·보습·무방부제·렌즈,FMT-PRODUCT-LABEL-RANKING-001,랭킹형,약국 인공눈물 6개를 A부터 S까지 비교,제품별 장점·단점→등급표→추천 대상,등급 배지·제품명 반복·장단점 대비,화면 자료 중심 릴스,30-45초,미확인,미조사,미측정,검토,내용·형식,선영,B,,약국 인공눈물 6종을 등급과 추천 대상별로 비교,제품군을 등급표로 압축해 선택 부담을 줄이는 구조(가설),눈 건조 상황별 등급표; 보습·렌즈 사용 여부를 먼저 질문; 등급보다 사용 조건을 먼저 제시,,,검토,배정 재판정(콘텐츠 전환): 선영; 근거=뷰티는 김주성 불가; 제품 리뷰형 뷰티는 오약 불가; 선영 허용 범위,2026-08-05T09:42:50.773Z,DWDzUvgD_2C.jpg,통과,"형식 레퍼런스 예외(배수 43.1≥10, 조회수 6.2만; 조회수 무관)"
YAK-DQVrXaRj9DL,2026-08-04T21:05:07+09:00,E1,yak.golnam,약골라주는남자 | 약사 박준형,7911,국내 약사 인플루언서,,2025-10-28,281,https://www.instagram.com/yak.golnam/reel/DQVrXaRj9DL/,DQVrXaRj9DL,릴스,31.1,265003,3659,1478,1440,184.03,0.013807,0.026397,0.5231,0.4039,1,불명,공개 캡션에 광고·협찬 표기 없음; 광고 판정 불명,영양제·직장인건강,마그네슘 효능과 복용 상담,만능 영양제 질문으로 시작해 기능과 상담으로 연결,마그네슘·효소 반응·위장장애·복용 상담,FMT-SUPPLEMENTS-TOP3-001,질문형,마그네슘이 왜 약사 추천 영양제가 되었을까요?,질문→기능 설명→복용 대상과 주의→상담 CTA,큰 숫자·효능 키워드 반복·상담 CTA,화면 자료 중심 릴스,20-30초,미확인,미조사,미측정,검토,내용·형식,김주성·오약·선영·공용,B,,마그네슘의 역할과 복용 상담 필요성을 짧게 설명,익숙한 성분을 만능 키워드와 상담 CTA로 연결해 관심을 끄는 구조(가설),마그네슘의 역할과 한계 분리; 복용 중인 약 질문; 위장장애 등 주의사항을 먼저 고지,,,검토,배정 재판정(콘텐츠 전환): 김주성·오약·선영·공용; 근거=선영 허용 범위,2026-08-05T09:42:52.104Z,DQVrXaRj9DL.jpg,통과,"형식 레퍼런스 예외(배수 184.03≥10, 조회수 26.5만; 조회수 무관)"
YAK-DM1n7fpPOGI,2026-08-04T21:05:07+09:00,E1,yak.golnam,약골라주는남자 | 약사 박준형,7911,국내 약사 인플루언서,,2025-08-02,368,https://www.instagram.com/yak.golnam/reel/DM1n7fpPOGI/,DM1n7fpPOGI,릴스,32.7,363252,3325,8584,1440,252.26,0.009153,0.026397,0.3468,2.5817,1,불명,공개 캡션에 광고·협찬 표기 없음; 광고 판정 불명,건강·식단·대사,야식 후 얼굴 붓기와 염증 신호,자가 체크리스트로 위험 신호를 인식시킴,붓기·염증·야식·식단 관리,FMT-SYMPTOM-PHARMACY-3STEP-001,질문형,야식만 먹으면 얼굴이 붓는 이유를 알고 계신가요?,증상 질문→해당 항목 체크→관리 가이드 DM CTA,체크리스트·경고 자막·CTA,화면 자료 중심 릴스,20-30초,미확인,미조사,미측정,검토,내용·형식,김주성·오약·선영·공용,B,,야식 뒤 붓기와 염증을 연결해 체크리스트와 관리 가이드로 유도,증상 공감과 체크리스트를 결합해 저장·상담 행동을 유도하는 구조(가설),붓기 원인과 질환 신호를 구분; 자가 체크 뒤 생활 행동 제시; 상담 유도는 과장 없이 제한,,,검토,배정 재판정(콘텐츠 전환): 김주성·오약·선영·공용; 근거=선영 허용 범위,2026-08-05T09:42:53.575Z,DM1n7fpPOGI.jpg,통과,"형식 레퍼런스 예외(배수 252.26≥10, 조회수 36.3만; 조회수 무관)"
YAK-DaCX_gfP0PA,2026-08-04T21:05:07+09:00,E1,yak.golnam,약골라주는남자 | 약사 박준형,7911,국내 약사 인플루언서,,2026-06-26,40,https://www.instagram.com/yak.golnam/reel/DaCX_gfP0PA/,DaCX_gfP0PA,릴스,31.1,3913,58,0,1440,2.72,0.014822,0.026397,0.5615,0,1,불명,공개 캡션에 광고·협찬 표기 없음; 광고 판정 불명,생활습관·수면,고쳐야 할 수면 습관 TOP5,수면 습관을 순위형 금지 목록으로 정리,수면·수면제·음주·역류성 식도염·수면무호흡,FMT-MED-MISTAKES-001,목록형,당장 고쳐야 할 최악의 수면 습관 5가지,5위→1위 순위 제시→복약·음주 주의→실천 CTA,순위 숫자·금지 표시·위험 키워드 대비,화면 자료 중심 릴스,30-45초,미확인,미조사,미측정,검토,내용·형식,김주성·오약·선영·공용,B,,수면을 해치는 습관 5가지를 순위로 제시하고 즉시 바꿀 행동을 안내,순위와 위험 신호를 결합해 반복 시청과 저장을 유도하는 구조(가설),잠들기 전 피할 행동 3개; 수면제와 술 병용 금지; 수면무호흡 신호는 진료로 연결,,,검토,배정 재판정(콘텐츠 전환): 김주성·오약·선영·공용; 근거=선영 허용 범위,2026-08-05T09:42:33.902Z,DaCX_gfP0PA.jpg,미달,"~1만 구간(배수 2.72/8, 조회수 3913/3만)"
YAK-DYvu6oCvV6O,2026-08-04T21:05:07+09:00,E1,yak.golnam,약골라주는남자 | 약사 박준형,7911,국내 약사 인플루언서,,2026-05-25,72,https://www.instagram.com/yak.golnam/reel/DYvu6oCvV6O/,DYvu6oCvV6O,릴스,32.7,1547,20,6,1440,1.07,0.012928,0.026397,0.4898,0.3,1,불명,공개 캡션에 광고·협찬 표기 없음; 광고 판정 불명,생활습관·대사,한 달 금주 후 체감 변화 6가지,생활 변화 6가지를 번호로 빠르게 나열,금주·야식·수면·뱃살·피부·소비,FMT-SITUATION-TOP5-001,목록형,한 달만 술을 끊어도 생기는 변화 6가지,변화 1~6번→생활 체감 예시→댓글 질문,번호 자막·이모지·변화 키워드 반복,화면 자료 중심 릴스,20-30초,미확인,미조사,미측정,검토,내용·형식,오약·선영,B,,금주 후 체감할 수 있는 생활 변화를 6개 항목으로 정리,행동 변화의 즉시 보상을 나열해 도전 의지를 자극하는 구조(가설),금주 목표 기간을 선택; 수면·식사 변화를 기록; 금단 증상이나 의존은 전문가 상담으로 안내,,,검토,배정 재판정(콘텐츠 전환): 오약·선영; 근거=뷰티는 김주성 불가; 선영 허용 범위,2026-08-05T09:42:37.740Z,DYvu6oCvV6O.jpg,미달,"~1만 구간(배수 1.07/8, 조회수 1547/3만)"
YAK-DYoVRRLvfpp,2026-08-04T21:05:07+09:00,E1,yak.golnam,약골라주는남자 | 약사 박준형,7911,국내 약사 인플루언서,,2026-05-22,75,https://www.instagram.com/yak.golnam/reel/DYoVRRLvfpp/,DYoVRRLvfpp,릴스,28.6,1190,36,6,1440,0.83,0.030252,0.026397,1.1461,0.1667,1,불명,공개 캡션에 광고·협찬 표기 없음; 광고 판정 불명,정신건강·생활습관,ADHD 특성 3가지,특성을 짧은 사례와 결론으로 설명,ADHD·벼락치기·몰입·시작 지연,FMT-SITUATION-TOP5-001,목록형,머리 좋은 ADHD의 특징 3가지,특성 1~3번→게으름이 아니라는 재해석→자기비난 완화,번호 자막·ON/OFF 대비·공감형 결론,화면 자료 중심 릴스,20-30초,미확인,미조사,미측정,검토,내용·형식,김주성·오약·선영·공용,B,,ADHD 관련 특성을 3가지 사례와 공감형 결론으로 설명,자기비난을 낮추는 재해석으로 공감과 공유를 유도하는 구조(가설),진단으로 단정하지 않기; 성인·청소년 차이 설명; 일상 기능 저하는 전문가 평가로 연결,,,검토,배정 재판정(콘텐츠 전환): 김주성·오약·선영·공용; 근거=선영 허용 범위,2026-08-05T09:42:39.170Z,DYoVRRLvfpp.jpg,미달,"~1만 구간(배수 0.83/8, 조회수 1190/3만)"
YAK-DYYc-TSvPwG,2026-08-04T21:05:07+09:00,E1,yak.golnam,약골라주는남자 | 약사 박준형,7911,국내 약사 인플루언서,,2026-05-16,81,https://www.instagram.com/yak.golnam/reel/DYYc-TSvPwG/,DYYc-TSvPwG,릴스,31.5,52863,291,13,1440,36.71,0.005505,0.026397,0.2085,0.0447,1,불명,공개 캡션에 광고·협찬 표기 없음; 광고 판정 불명,건강·자가점검,건강하다는 신호 8가지,일상에서 확인할 수 있는 신호를 8개 체크리스트로 제시,혈류·신장·탈수·혈압·기립성 저혈압,FMT-SITUATION-TOP5-001,체크리스트형,사소해 보여도 건강하다는 증거 8가지,신호 1~8번→자가 체크→친구 태그·저장 CTA,체크박스·숫자 자막·저장 CTA,화면 자료 중심 릴스,30-45초,미확인,미조사,미측정,검토,내용·형식,김주성·오약·선영·공용,B,,일상 신호 8가지를 자가 체크 형식으로 제시,체크리스트와 저장 행동을 결합해 반복 확인을 유도하는 구조(가설),건강 신호와 질환 의심 신호를 구분; 수치가 필요한 항목은 측정 기준 제시; 이상 시 진료 권고,,,검토,배정 재판정(콘텐츠 전환): 김주성·오약·선영·공용; 근거=선영 허용 범위,2026-08-05T09:42:40.428Z,DYYc-TSvPwG.jpg,통과,"형식 레퍼런스 예외(배수 36.71≥10, 조회수 5.3만; 조회수 무관)"
JESSI-DbngSZoAnr_,2026-08-04T21:26:00+09:00,E1,jessi_yaksa,제씨약사 | 뷰티•웰니스•건강 | 제선영,6725,국내 약사 인플루언서,,2026-08-04,1,https://www.instagram.com/jessi_yaksa/reel/DbngSZoAnr_/,DbngSZoAnr_,릴스,33.8,56422,408,4,6108,9.24,0.007231,0.028902,0.2502,0.0098,1,불명,공개 캡션에 광고·협찬 표기 없음; 광고 판정 불명,여성건강·의약품,생리통약 티어표,통증 유형과 상황에 따라 생리통약 선택 기준을 S부터 D까지 비교,생리통·진통제·탁센·아세트아미노펜,FMT-PRODUCT-LABEL-RANKING-001,랭킹형,생리통약 티어표,S·A·B·C·D 등급 비교→약 성분과 상황 설명→저장 CTA,등급표·제품명·색상 대비,화면 자료 중심 릴스,20-30초,미확인,미조사,미측정,검토,내용·형식,김주성·오약·선영·공용,B,,생리통약을 등급표로 비교해 선택 기준을 빠르게 제시,등급표가 선택 부담을 줄이고 저장 행동을 유도하는 구조(가설),통증 위치와 복용 가능 여부 확인; 성분 중복을 피하기; 임신·기저질환·지속 통증은 전문가 상담,,,검토,배정 재판정(콘텐츠 전환): 김주성·오약·선영·공용; 근거=선영 허용 범위,2026-08-05T09:43:55.208Z,DbngSZoAnr_.jpg,통과,"~1만 구간(배수 9.24/8, 조회수 5.6만/3만)"
JESSI-Dbk3oOzBX1X,2026-08-04T21:26:00+09:00,E1,jessi_yaksa,제씨약사 | 뷰티•웰니스•건강 | 제선영,6725,국내 약사 인플루언서,,2026-08-03,2,https://www.instagram.com/jessi_yaksa/reel/Dbk3oOzBX1X,Dbk3oOzBX1X,릴스,26.3,18723,86,3,6108,3.07,0.004593,0.028902,0.1589,0.0349,1,광고아님,공개 캡션에 (광고❌) 표기,피부·뷰티,색소침착 제품 성분 비교,올리브영 제품의 핵심 성분과 약국 처방 정보를 함께 비교,색소침착·미백·나이아신아마이드·자외선차단,FMT-PRODUCT-LABEL-RANKING-001,비교형,색소침착 제품 성분 비교,피부 고민 제시→제품 성분 비교→약국 처방 메모→주의사항,성분명 강조·제품 패키지 대비,화면 자료 중심 릴스,30-45초,미확인,미조사,미측정,검토,내용·형식,선영,B,,색소침착 제품을 성분 기준으로 비교하고 약국 처방 정보를 덧붙임,제품 비교와 광고 아님 표기가 정보 신뢰를 높이는 구조(가설),성분 농도와 사용 기간을 분리해 설명; 자극 시 사용 중단; 병변 변화는 진료로 연결,,,검토,배정 재판정(콘텐츠 전환): 선영; 근거=뷰티는 김주성 불가; 제품 리뷰형 뷰티는 오약 불가; 선영 허용 범위,2026-08-05T09:43:56.511Z,Dbk3oOzBX1X.jpg,미달,"~1만 구간(배수 3.07/8, 조회수 1.9만/3만)"
JESSI-DbcN6jJwjJO,2026-08-04T21:26:00+09:00,E1,jessi_yaksa,제씨약사 | 뷰티•웰니스•건강 | 제선영,6725,국내 약사 인플루언서,,,,https://www.instagram.com/jessi_yaksa/reel/DbcN6jJwjJO,DbcN6jJwjJO,릴스,,,,,,,,,,,1,불명,공개 캡션에 광고·협찬 표기 없음; 광고 판정 불명,영양제·증상관리,증상별 영양제 조합 5가지,상황별 증상에 맞춰 함께 고려할 영양 성분 조합을 다섯 사례로 제시,피로·수면·눈 피로·장 건강·여성건강,FMT-SITUATION-TOP5-001,목록형,증상별 영양제 조합 5가지,증상 질문→사례 1~5→성분 조합→복용 주의→저장 CTA,번호 자막·성분명 강조·상황별 카드,화면 자료 중심 릴스,30-45초,미확인,미조사,미측정,검토,내용·형식,김주성·오약·선영·공용,B,,증상별로 함께 고려할 영양 성분 조합을 다섯 사례로 정리,증상 중심 분류가 제품명보다 상담 질문을 먼저 만들 수 있는 구조(가설),복용 중인 약과 중복 성분 확인; 결핍을 진단하지 않기; 지속 증상은 진료 안내,,,검토,지표수집 실패: 공개 재생수 메타 미노출 / 릴스 길이 메타 미노출 | 배정 재판정(콘텐츠 전환): 김주성·오약·선영·공용; 근거=선영 허용 범위 | 2026-08-06 재방문 실패: 프로필 최근 12개 목록에 shortcode가 노출되지 않아 공개 조회수·썸네일을 확인하지 못함,2026-08-05T10:27:59.900Z,,판정불가(지표없음),조회수·배수 없음
JESSI-DbaaTn4hUvF,2026-08-04T21:26:00+09:00,E1,jessi_yaksa,제씨약사 | 뷰티•웰니스•건강 | 제선영,6725,국내 약사 인플루언서,,2026-07-30,6,https://www.instagram.com/jessi_yaksa/reel/DbaaTn4hUvF,DbaaTn4hUvF,릴스,17.2,6108,67,1,6108,1,0.010969,0.028902,0.3795,0.0149,1,광고아님,공개 캡션에 (광고X) 표기,여성건강·생활습관,생리통 3단계 대처,생리통이 시작됐을 때 확인할 것과 행동 순서를 세 단계로 안내,생리통·온찜질·진통제·출혈,FMT-THREE-STEPS-TAKE-WASH-APPLY-001,단계형,생리통이 시작됐다면 3단계로 확인하세요,증상 확인→생활 대처→약 복용과 진료 신호→저장 CTA,3단계 숫자·주의 표시·행동 체크,화면 자료 중심 릴스,20-30초,미확인,미조사,미측정,검토,내용·형식,김주성·오약·선영·공용,B,,생리통 상황에서 확인과 대처 순서를 세 단계로 제시,상황 발생 직후의 행동 순서가 저장과 재방문을 유도하는 구조(가설),통증 강도와 출혈 양상 확인; 금기 성분 확인; 갑작스럽거나 심한 통증은 진료 권고,,,검토,배정 재판정(콘텐츠 전환): 김주성·오약·선영·공용; 근거=선영 허용 범위,2026-08-05T09:43:57.723Z,DbaaTn4hUvF.jpg,미달,"~1만 구간(배수 1/8, 조회수 6108/3만)"
JESSI-DbIRYqqxuHe,2026-08-04T21:26:00+09:00,E1,jessi_yaksa,제씨약사 | 뷰티•웰니스•건강 | 제선영,6725,국내 약사 인플루언서,,2026-07-23,13,https://www.instagram.com/jessi_yaksa/reel/DbIRYqqxuHe,DbIRYqqxuHe,릴스,36.3,9182,627,23,6108,1.5,0.068286,0.028902,2.3627,0.0367,1,광고아님,공개 캡션에 (광고X) 표기,피부·뷰티,유기자차 선크림 TOP5,유기자차 선크림 다섯 제품을 성분 기준으로 비교,자외선차단·유기자차·민감성피부·백탁,FMT-PRODUCT-LABEL-RANKING-001,랭킹형,유기자차 선크림 TOP5,피부 고민 제시→제품 1~5위 비교→성분과 사용감→저장 CTA,순위 번호·제품 패키지·성분명 대비,화면 자료 중심 릴스,30-45초,미확인,미조사,미측정,검토,내용·형식,선영,B,,유기자차 선크림 다섯 제품을 성분과 사용감 기준으로 비교,순위와 성분 비교를 함께 제시해 구매 전 저장을 유도하는 구조(가설),자외선 차단지수와 사용량을 함께 안내; 피부 자극 시 중단; 개인 피부 반응 차이 명시,,,검토,배정 재판정(콘텐츠 전환): 선영; 근거=뷰티는 김주성 불가; 제품 리뷰형 뷰티는 오약 불가; 선영 허용 범위,2026-08-05T09:44:07.115Z,DbIRYqqxuHe.jpg,미달,"~1만 구간(배수 1.5/8, 조회수 9182/3만)"
JESSI-DbFt3HARR7_,2026-08-04T21:26:00+09:00,E1,jessi_yaksa,제씨약사 | 뷰티•웰니스•건강 | 제선영,6725,국내 약사 인플루언서,,,,https://www.instagram.com/jessi_yaksa/reel/DbFt3HARR7_,DbFt3HARR7_,릴스,,,,,,,,,,,1,불명,공개 캡션에 광고·협찬 표기 없음; 광고 판정 불명,음주·약물안전,숙취 상황에서 하면 안 되는 행동 5가지,숙취 상황에서 피해야 할 행동과 대체 행동을 다섯 항목으로 안내,숙취·해장·진통제·수분보충,FMT-MED-MISTAKES-001,경고형,숙취 때 하면 안 되는 행동 5가지,실수 경고→행동 1~5→대체 행동→진료 신호→저장 CTA,금지 표시·번호 목록·대체 행동 대비,화면 자료 중심 릴스,30-45초,미확인,미조사,미측정,검토,내용·형식,김주성·오약·선영·공용,B,,숙취 상황에서 피해야 할 행동 다섯 가지를 약물안전 관점으로 정리,실수와 대체 행동을 함께 제시해 공유와 저장을 유도하는 구조(가설),음주량과 증상 확인; 아세트아미노펜 등 약물 주의; 의식 저하와 호흡 이상은 응급 대응,,,검토,지표수집 실패: 공개 재생수 메타 미노출 / 릴스 길이 메타 미노출 | 배정 재판정(콘텐츠 전환): 김주성·오약·선영·공용; 근거=선영 허용 범위 | 2026-08-06 재방문 실패: 프로필 최근 12개 목록에 shortcode가 노출되지 않아 공개 조회수·썸네일을 확인하지 못함,2026-08-05T10:28:01.386Z,,판정불가(지표없음),조회수·배수 없음
MEDI-DbRqt7dgKsn,2026-08-04T21:43:19+09:00,E1,medimantv,약사 메디슨맨 | 장무현,9만,국내 약사 인플루언서,,2026-07-27,9,https://www.instagram.com/medimantv/p/DbRqt7dgKsn/,DbRqt7dgKsn,캐러셀,,,115,0,,,,,,0,1,불명,공개 캡션에 광고·협찬 표기 없음; 광고 판정 불명,약물안전·여행건강,여행 상비약 체크리스트,여행지에서 약을 구하기 어려운 상황을 대비해 상비약을 준비하는 순서,여행·상비약·진통제·해열제·항히스타민제,FMT-SITUATION-TOP5-001,목록형,곧 여행가는 약사의 현실 상비약,여행 상황 제시→상비약 항목별 설명→냉방병 대비→질문 CTA,약 상자·번호 자막·체크 표시,화면 자료 중심 캐러셀,30-45초,미확인,미조사,미측정,검토,내용·형식,김주성·선영,B,,여행 전 상비약을 준비해야 하는 이유와 항목을 사례로 설명,여행이라는 시점을 먼저 제시해 준비 행동과 저장을 유도하는 구조(가설),여행지와 기간에 맞춰 필요한 약을 구분; 복용 중인 약과 중복 확인; 증상이 심하면 현지 진료,,,검토,배정 재판정(콘텐츠 전환): 김주성·선영; 근거=선영 허용 범위,2026-08-05T09:44:36.463Z,DbRqt7dgKsn.jpg,판정불가(지표없음),조회수·배수 없음
MEDI-DZEcYBMEtNx,2026-08-04T21:43:19+09:00,E1,medimantv,약사 메디슨맨 | 장무현,9만,국내 약사 인플루언서,,2026-06-02,64,https://www.instagram.com/medimantv/p/DZEcYBMEtNx/,DZEcYBMEtNx,캐러셀,,,232,47,,,,,,0.2026,1,불명,공개 캡션에 광고·협찬 표기 없음; 광고 판정 불명,영양제·대사,베르베린 3대 괴담,베르베린 섭취와 관련해 반복되는 오해 세 가지를 약사 관점으로 설명,베르베린·고지혈증약·금기·휴지기·흡수율,FMT-MED-MISTAKES-001,경고형,베르베린 드시는 분들은 꼭 알아야 할 이야기,오해 제시→괴담 1~3 반박→복용 상황 주의→질문 CTA,오해·사실 대비·번호 자막,화면 자료 중심 캐러셀,30-45초,미확인,미조사,미측정,검토,내용·형식,김주성·오약·선영·공용,B,,베르베린 복용자가 자주 묻는 세 가지 오해를 정리,반복되는 괴담을 번호로 분해해 시청자의 질문과 댓글을 유도하는 구조(가설),복용 중인 약과 상호작용 확인; 근거 수준을 구분; 이상 반응은 복용 중단 후 전문가 상담,,,검토,배정 재판정(콘텐츠 전환): 김주성·오약·선영·공용; 근거=선영 허용 범위,2026-08-05T09:44:37.755Z,DZEcYBMEtNx.jpg,판정불가(지표없음),조회수·배수 없음
MEDI-DYMLFvmll8a,2026-08-04T21:43:19+09:00,E1,medimantv,약사 메디슨맨 | 장무현,9만,국내 약사 인플루언서,,2026-05-11,86,https://www.instagram.com/medimantv/p/DYMLFvmll8a/,DYMLFvmll8a,캐러셀,,,161,25,,,,,,0.1553,1,불명,공개 캡션에 광고·협찬 표기 없음; 광고 판정 불명,영양제·제품비교,해외 마그네슘 선택 기준,해외 마그네슘을 흡수 후 효과가 아니라 부작용과 가성비 기준으로 고르는 방법,마그네슘·흡수율·위장장애·가성비·글리신산·시트르산,FMT-PRODUCT-SCORECARD-001,점수형,해외 마그네슘 똑똑하게 고르는법 총정리,선택 기준 제시→흡수와 부작용 설명→가성비 비교→저장 CTA,세 기준 카드·성분명 강조·주의 자막,화면 자료 중심 캐러셀,30-45초,미확인,미조사,미측정,검토,내용·형식,김주성·오약·선영·공용,B,,마그네슘 형태를 흡수와 위장 부작용 그리고 가성비 기준으로 비교,기준을 세 개로 압축해 제품 선택 부담을 줄이는 구조(가설),복용 중인 약과 신장 기능 확인; 제품 형태별 차이를 과장하지 않기; 설사 등 이상 반응은 상담,,,검토,배정 재판정(콘텐츠 전환): 김주성·오약·선영·공용; 근거=선영 허용 범위,2026-08-05T09:44:39.027Z,DYMLFvmll8a.jpg,판정불가(지표없음),조회수·배수 없음
MEDI-DbmVYg9H0UJ,2026-08-04T21:43:19+09:00,E1,medimantv,약사 메디슨맨 | 장무현,9만,국내 약사 인플루언서,,2026-08-04,1,https://www.instagram.com/medimantv/p/DbmVYg9H0UJ/,DbmVYg9H0UJ,캐러셀,,,23,1,,,,,,0.0435,3,광고·공구,공개 캡션에 오메가3 공동구매와 프로필 이벤트 링크가 표시됨,영양제·광고,초임계 오메가3 공동구매,함량과 순도를 강조한 오메가3 공동구매 안내와 구매 판단 요소를 함께 제시,오메가3·초임계·순도·함량·공동구매,FMT-PRODUCT-LABEL-RANKING-001,랭킹형,초임계 오메가3 공동구매 오픈,공구 시작 안내→함량·순도 강조→참여 링크 CTA,제품 패키지·수치 강조·공구 배지,제품 중심 캐러셀,30-45초,미확인,미조사,미측정,검토,내용·형식,김주성·오약·선영·공용,B,,초임계 오메가3의 함량과 순도를 제시하고 공동구매 참여로 연결,수치 비교와 기간 한정 공구를 결합해 구매 행동을 유도하는 광고형 구조(가설),광고·공구 표기를 분명히 유지; 원료와 함량 근거 확인; 복용 중인 항응고제 등 상호작용 확인,,,검토,배정 재판정(콘텐츠 전환): 김주성·오약·선영·공용; 근거=선영 허용 범위,2026-08-05T09:44:40.256Z,DbmVYg9H0UJ.jpg,판정불가(지표없음),조회수·배수 없음
YAKSTORY-DbnhRjhE-WW,2026-08-04T22:00:11+09:00,E1,yakstory119,약들약/고상온,35.9만,국내 약사 인플루언서,,2026-08-04,1,https://www.instagram.com/yakstory119/p/DbnhRjhE-WW/,DbnhRjhE-WW,캐러셀,,,109,21,,,,,,0.1927,3,광고·공구,공개 캡션에 리포좀씨큐텐 공동구매 곧 마감한다는 안내와 제품 섭취 권장이 표시됨,영양제·광고,리포좀씨큐텐 공동구매 마감,공동구매 마감 시점에 제품 핵심과 참여 행동을 어떻게 연결할까?,리포좀씨큐텐·코엔자임Q10·공동구매·마감,FMT-GROUPBUY-DEADLINE-001,마감형,리포좀씨큐텐 공동구매 곧 마감합니다,마감 임박 제시→제품 섭취 권장→기간 CTA,제품 패키지·마감 배지·공구 자막,제품 화면 중심 캐러셀,20-35초,미확인,미조사,미측정,검토,내용·형식,김주성·오약·선영·공용,B,,리포좀씨큐텐 공동구매 마감 임박을 먼저 알리고 제품 섭취 행동으로 연결,마감 시점과 제품 핵심을 결합해 구매 행동을 촉진하는 광고형 구조(가설),공동구매·광고 표기를 유지; 성분과 함량 근거 확인; 복용 중인 약과 상호작용 확인,,,검토,배정 재판정(콘텐츠 전환): 김주성·오약·선영·공용; 근거=선영 허용 범위,2026-08-05T09:45:00.966Z,DbnhRjhE-WW.jpg,판정불가(지표없음),조회수·배수 없음
YAKSTORY-Dbhd2X_T553,2026-08-04T22:00:11+09:00,E1,yakstory119,약들약/고상온,35.9만,국내 약사 인플루언서,,2026-08-02,3,https://www.instagram.com/yakstory119/reel/Dbhd2X_T553/,Dbhd2X_T553,릴스,79.8,24123,377,18,12318,1.96,0.015628,0.059228,0.2639,0.0477,1,불명,공개 캡션에 광고·협찬 표기 없음; 장기복용 주의와 효용 점검을 함께 설명,영양제·약물안전,장기복용 영양제 점검,오래 먹을 때 독성 위험이 있는 영양제와 돈 낭비 가능성이 있는 영양제를 구분,영양제 장기복용·가르시니아·비타민B6·나이아신·홍국·루테인·유산균,FMT-LONGTERM-NUTRIENT-WARNING-001,경고형,무심코 오래 섭취하면 건강을 해칠수 있는 영양제는?,경고 제시→독성 주의 4개→효용 점검 3개→저장 CTA,금지 표시·번호 목록·성분명 강조,화면 자료 중심 릴스,30-45초,미확인,미조사,미측정,검토,내용·형식,김주성·오약·선영·공용,B,,장기 섭취 시 주의할 영양제와 효용이 낮을 수 있는 보충제를 두 목록으로 정리,위험 목록과 점검 목록을 분리해 시청자의 복용 재평가를 유도하는 구조(가설),복용 기간과 용량을 확인; 간독성·신경독성 근거 확인; 여러 보충제 중복 복용 점검,,,검토,배정 재판정(콘텐츠 전환): 김주성·오약·선영·공용; 근거=선영 허용 범위,2026-08-05T09:44:43.036Z,Dbhd2X_T553.jpg,미달,"10만~ 구간(배수 1.96/4, 조회수 2.4만/1백만)"
YAKSTORY-DbZvtDUTK5H,2026-08-04T22:00:11+09:00,E1,yakstory119,약들약/고상온,35.9만,국내 약사 인플루언서,,2026-07-30,6,https://www.instagram.com/yakstory119/reel/DbZvtDUTK5H/,DbZvtDUTK5H,릴스,54.4,22596,428,111,12318,1.83,0.018941,0.059228,0.3198,0.2593,1,불명,공개 캡션에 간영양제 기전과 제품명이 함께 표시되지만 광고 표기는 확인되지 않음,영양제·약물안전·제품비교,간영양제 구성 기준,간 회복·해독·담즙 흐름·염증 조절 네 기전과 대표 제품 구성을 비교,간영양제·밀크씨슬·글루타치온·TUDCA·커큐민·아티초크,FMT-COMPOSITION-MECHANISM-001,기전형,근거 수준이 높은 간영양제 구성을 말씀 드리겠습니다,기전 4개 제시→대표 제품 3개 비교→음주 후 대상 CTA,기전 번호·제품 카드·성분 연결선,화면 자료 중심 릴스,30-45초,미확인,미조사,미측정,검토,내용·형식,김주성·오약·선영·공용,B,,간 피로와 관련된 네 가지 기전을 제시한 뒤 대표 간영양제 세 가지를 비교,기전과 제품 구성을 연결해 전문성과 제품 선택을 동시에 보여주는 구조(가설),간질환 여부와 복용 약 확인; 간영양제 효능 과장 금지; 음주 후 증상이 지속되면 진료,,,검토,배정 재판정(콘텐츠 전환): 김주성·오약·선영·공용; 근거=선영 허용 범위,2026-08-05T09:44:45.730Z,DbZvtDUTK5H.jpg,미달,"10만~ 구간(배수 1.83/4, 조회수 2.3만/1백만)"
YAKSTORY-DbST1XmEznT,2026-08-04T22:00:11+09:00,E1,yakstory119,약들약/고상온,35.9만,국내 약사 인플루언서,,2026-07-27,9,https://www.instagram.com/yakstory119/p/DbST1XmEznT/,DbST1XmEznT,캐러셀,,,1419,766,,,,,,0.5398,1,불명,공개 캡션에 베르베린 작용 기전과 제품 구매 안내가 함께 보이지만 광고 표기는 확인되지 않음,영양제·대사,베르베린 혈당 조절 기전,베르베린의 지방·염증·인슐린·콜레스테롤·혈압 관련 작용을 다섯 단계로 설명,베르베린·혈당·인슐린 민감도·콜레스테롤·혈압,FMT-MECHANISM-5STEP-001,메커니즘형,가장 강력한 혈당 조절템 베르베린의 더 중요한 효능은?,작용 기전 1~5→복용 대상→저장 CTA,단계 번호·화살표·장기 카드,화면 자료 중심 캐러셀,30-45초,미확인,미조사,미측정,검토,내용·형식,김주성·오약·선영·공용,B,,베르베린의 대사 관련 작용을 다섯 단계로 나눠 혈당 조절 주제로 설명,효능을 작용 경로로 분해해 복잡한 성분 정보를 이해시키는 구조(가설),복용 중인 약과 상호작용 확인; 혈당약 복용자는 전문가 상담; 혈당 개선 효과를 과장하지 않기,,,검토,배정 재판정(콘텐츠 전환): 김주성·오약·선영·공용; 근거=선영 허용 범위,2026-08-05T09:45:02.305Z,DbST1XmEznT.jpg,판정불가(지표없음),조회수·배수 없음
LITTLE-DbnHipfyF7W,2026-08-04T22:11:50+09:00,E1,little_yaksa,리틀약사,6만,국내 약사 인플루언서,,2026-08-04,1,https://www.instagram.com/little_yaksa/reel/DbnHipfyF7W/,DbnHipfyF7W,릴스,,23000,61,3,,,,,,0.0492,1,불명,공개 캡션에 광고·협찬 표기 없음; 일반약 상식과 성분 중복·복용 간격을 설명,약물안전·일반약,상비약 7문항 퀴즈,일반약 이름과 복용 간격을 퀴즈로 점검,상비약·둘코락스에스·알마겔·아세트아미노펜·알레그라·스멕타·노스카나,FMT-MEDICINE-QUIZ-001,퀴즈형,약국 약 얼마나 알고 계세요?,문항 1~7 제시→정답과 복약 주의→저장 CTA,문항 번호·정답 공개·오답 경고,화면 자료 중심 릴스,30-45초,미확인,미조사,미측정,검토,내용·형식,김주성·선영,B,,상비약과 일반약 성분 중복 및 복용 간격을 일곱 문항 퀴즈로 정리,문제 풀이 구조로 복약 정보를 기억하고 저장하게 하는 방식(가설),감기약과 진통제의 아세트아미노펜 중복 확인; 스멕타와 다른 약의 복용 간격 확인; 증상이 지속되면 진료,,,검토,지표수집 실패: 공개 재생수 메타 미노출 / 릴스 길이 메타 미노출 | 배정 재판정(콘텐츠 전환): 김주성·선영; 근거=선영 허용 범위,2026-08-06T02:12:20+09:00,DbnHipfyF7W.jpg,판정불가(지표없음),조회수·배수 없음
LITTLE-Dbh8cQ-SzKr,2026-08-04T22:11:50+09:00,E1,little_yaksa,리틀약사,6만,국내 약사 인플루언서,,2026-07-31,5,https://www.instagram.com/little_yaksa/reel/Dbh8cQ-SzKr/,Dbh8cQ-SzKr,릴스,,16000,27,1,,,,,,0.037,1,불명,공개 캡션에 광고·협찬 표기 없음; 여드름 부위별 자극과 생활습관을 설명,피부·생활습관,여드름 부위별 원인 체크,부위만으로 원인을 단정하지 않고 반복 자극과 생활습관을 점검,여드름·피지·땀·헤어제품·마스크·치약·호르몬 변화,FMT-SITUATION-TOP5-001,체크리스트형,여드름 위치만 보면 원인을 알 수 있을까요?,부위별 원인 제시→반복 자극 점검→저장 CTA,얼굴 부위 도식·체크 표시·생활습관 아이콘,화면 자료 중심 릴스,30-45초,미확인,미조사,미측정,검토,내용·형식,오약·선영,B,,여드름 위치별로 확인할 생활습관과 반복 자극을 체크리스트로 제시,부위별 질문으로 시작해 개인 점검과 저장을 유도하는 구조(가설),부위만으로 원인을 확정하지 않기; 자극 요인 확인; 염증이 심하거나 반복되면 피부과 상담,,,검토,지표수집 실패: 공개 재생수 메타 미노출 / 릴스 길이 메타 미노출 | 배정 재판정(콘텐츠 전환): 오약·선영; 근거=뷰티는 김주성 불가; 선영 허용 범위,2026-08-06T02:12:20+09:00,Dbh8cQ-SzKr.jpg,판정불가(지표없음),조회수·배수 없음
LITTLE-DbSfZrqykJw,2026-08-04T22:11:50+09:00,E1,little_yaksa,리틀약사,6만,국내 약사 인플루언서,,2026-07-27,9,https://www.instagram.com/little_yaksa/reel/DbSfZrqykJw/,DbSfZrqykJw,릴스,,,119,8,,,,,,0.0672,1,불명,공개 캡션에 광고·협찬 표기 없음; 성분별 섭취 시간과 제품 설명 우선 원칙을 제시,영양제·약물안전,영양제 복용 시간표,아침 공복부터 취침 전까지 성분별 섭취 시간과 예외를 정리,영양제 시간표·유산균·비타민B·코큐텐·오메가3·칼슘·마그네슘,FMT-NUTRIENT-TIMETABLE-001,시간표형,영양제 아무 때나 한꺼번에 드시나요?,시간대별 성분 배치→흡수·위장 조건 설명→제품 설명 우선 안내→저장 CTA,시간대 축·성분 카드·주의 자막,화면 자료 중심 릴스,30-45초,미확인,미조사,미측정,검토,내용·형식,김주성·오약·선영·공용,B,,영양제 성분을 섭취 시간대별로 배치하고 제품별 섭취 방법을 먼저 확인하라고 안내,하루 시간표를 사용해 복용 습관과 저장 행동을 유도하는 구조(가설),제품 라벨의 섭취 방법 우선 확인; 복용 중인 약과 상호작용 확인; 위장 불편 시 상담,,,검토,지표수집 실패: 공개 재생수 메타 미노출 / 릴스 길이 메타 미노출 | 배정 재판정(콘텐츠 전환): 김주성·오약·선영·공용; 근거=선영 허용 범위 | 2026-08-06 재방문 실패: 프로필 최근 12개 목록에 shortcode가 노출되지 않아 공개 조회수가 확인되지 않음,2026-08-05T10:28:06.172Z,DbSfZrqykJw.jpg,판정불가(지표없음),조회수·배수 없음
BUBU-DbkMb9DvqfU,2026-08-04T22:29:29+09:00,E1,yaksa__bubu,육아정보 건강정보 | 약사부부,9.8만,국내 약사 인플루언서,,2026-08-03,2,https://www.instagram.com/yaksa__bubu/reel/DbkMb9DvqfU/,DbkMb9DvqfU,릴스,39.5,5161,64,2,2368,2.18,0.012401,0.055059,0.2252,0.0313,1,불명,공개 캡션에 광고·협찬 표기 없음; 위고비·마운자로 비교와 복약 정보를 설명,약물안전·다이어트,위고비·마운자로 비교,체중감량·부작용·장기데이터·가격 기준으로 선택,위고비·마운자로·GLP-1·GIP·체중감량·부작용,FMT-DRUG-COMPARISON-001,비교형,"위고비 vs 마운자로, 뭐가 더 좋아요?",질문→효과·부작용·안전성·가격 비교→상황별 선택→팔로우 CTA,두 약 카드·수치 자막·체크 표시,화면 자료 중심 릴스,45-60초,미확인,미조사,미측정,검토,내용·형식,오약·선영,B,,위고비와 마운자로를 체중감량·부작용·안전성·가격 기준으로 비교,선택 질문과 비교축을 동시에 제시해 개인 상황에 맞춰 끝까지 보게 하는 구조(가설),개인 처방·진단 아님; 의료진 상담; 최신 허가·급여·가격 확인,,,검토,배정 재판정(콘텐츠 전환): 김주성·오약·선영·공용; 근거=선영 허용 범위 | 배정 재판정(콘텐츠 전환): 오약·선영; 근거=다이어트 단독은 김주성 불가; 선영 허용 범위,2026-08-05T09:45:53.078Z,DbkMb9DvqfU.jpg,미달,"5만~10만 구간(배수 2.18/5, 조회수 5161/30만)"
BUBU-DbkyEcwvaxM,2026-08-04T22:29:29+09:00,E1,yaksa__bubu,육아정보 건강정보 | 약사부부,9.8만,국내 약사 인플루언서,,2026-08-03,2,https://www.instagram.com/yaksa__bubu/reel/DbkyEcwvaxM/,DbkyEcwvaxM,릴스,18.8,63761,271,1897,2368,26.93,0.00425,0.055059,0.0772,7,1,불명,공개 캡션에 광고·협찬 표기 없음; 어린이 철분 부족 습관과 제품 선택 기준을 설명,육아·영양제,아이 철분 부족 5가지 습관,식습관·항생제·우유·활동량을 다섯 가지로 점검,철분·어린이·우유·항생제·비헴철·집중력,FMT-SITUATION-TOP5-001,목록형,아이들 철분이 고갈되는 5가지 습관,5가지 습관→부족 신호→철분제 선택 기준→댓글 CTA,번호 카드·경고 아이콘·체크리스트,화면 자료 중심 릴스,45-60초,미확인,미조사,미측정,검토,내용·형식,불가,B,,아이 철분 부족과 관련된 식습관·생활 습관을 다섯 항목으로 점검,불안 신호를 먼저 제시한 뒤 제품 선택 기준으로 연결해 부모의 시청 지속을 유도하는 구조(가설),철분 부족을 진단하지 않기; 연령별 권장량 확인; 고용량은 의료진 상담,,,검토,배정 재판정(콘텐츠 전환): 불가; 근거=육아·아동 카테고리; 세 사람 제약 미충족,2026-08-05T09:45:51.825Z,DbkyEcwvaxM.jpg,통과,"형식 레퍼런스 예외(배수 26.93≥10, 조회수 6.4만; 조회수 무관)"
BUBU-DbiSJXbPT5q,2026-08-04T22:29:29+09:00,E1,yaksa__bubu,육아정보 건강정보 | 약사부부,9.8만,국내 약사 인플루언서,,2026-08-02,3,https://www.instagram.com/yaksa__bubu/reel/DbiSJXbPT5q/,DbiSJXbPT5q,릴스,40.2,2712,34,2,2368,1.15,0.012537,0.055059,0.2277,0.0588,1,불명,공개 캡션에 광고·협찬 표기 없음; 아이 물놀이 때 챙길 일반약·보습·ORS·자외선 차단을 설명,육아·피부·약물안전,아이 물놀이 건강 필수품 4가지,물놀이 상황에서 화상·피부장벽·탈수·자외선 노출을 네 가지 준비물로 점검,화상연고·보습크림·ORS·자외선차단·물놀이,FMT-OUTDOOR-4ESSENTIALS-001,목록형,아이들 물놀이 갈 때 꼭 챙기는 4가지,상황 제시→4개 준비물·용도→예방 행동→시즌 CTA,4분할 카드·제품 아이콘·주의 자막,제품 화면 중심 릴스,45-60초,미확인,미조사,미측정,검토,내용·형식,불가,B,,물놀이 전후에 필요한 화상·보습·수분·자외선 대비 항목을 네 가지로 정리,계절 상황과 준비물 목록을 결합해 바로 챙길 행동으로 전환하는 구조(가설),화상·탈수 증상이 있으면 진료; 제품은 허가·사용법 확인; 어린이 사용 연령 확인,,,검토,배정 재판정(콘텐츠 전환): 불가; 근거=육아·아동 카테고리; 뷰티는 김주성 불가; 세 사람 제약 미충족,2026-08-05T09:45:54.329Z,DbiSJXbPT5q.jpg,미달,"5만~10만 구간(배수 1.15/5, 조회수 2712/30만)"
BUBU-Dbj31StTY5W,2026-08-04T22:29:29+09:00,E1,yaksa__bubu,육아정보 건강정보 | 약사부부,9.8만,국내 약사 인플루언서,,2026-08-03,2,https://www.instagram.com/yaksa__bubu/p/Dbj31StTY5W/,Dbj31StTY5W,캐러셀,,,21,6,,,,,,0.2857,1,불명,공개 캡션에 광고·협찬 표기 없음; 철분 저용량·고용량 복용과 검사 필요성을 설명,영양제·약물안전,철분제 피검사 전후 복용 기준,저용량과 고용량을 나누고 증상·검사 조건에 따라 복용 판단을 분기,철분·피검사·페리틴·저용량·고용량·임신,FMT-DOSE-DECISION-TREE-001,분기형,"철분제, 피검사하고 먹어야 하나요?",결론→저용량 기준→고용량·검사 예외→상담 안내,용량 숫자·분기 화살표·주의 박스,화면 자료 중심 캐러셀,45-60초,미확인,미조사,미측정,검토,내용·형식,김주성·오약·선영·공용,B,,철분제 복용 전 피검사 필요성과 저용량·고용량 기준을 분기형으로 설명,검사 여부 질문을 용량과 증상 기준으로 나눠 시청자가 자기 상황을 점검하게 하는 구조(가설),고용량 철분은 검사 후 복용; 임신·질환·복용약은 의료진 상담; 개인 진단 아님,,,검토,배정 재판정(콘텐츠 전환): 김주성·오약·선영·공용; 근거=선영 허용 범위,2026-08-05T09:46:08.495Z,Dbj31StTY5W.jpg,판정불가(지표없음),조회수·배수 없음
LITTLE-DbaNtSpS8Jj,2026-08-04T22:11:50+09:00,E1,little_yaksa,리틀약사,6만,국내 약사 인플루언서,,2026-07-30,6,https://www.instagram.com/little_yaksa/reel/DbaNtSpS8Jj/,DbaNtSpS8Jj,릴스,,136000,507,11,,,,,,0.0217,1,불명,공개 캡션에 광고·협찬 표기 없음; 다이소 영양제를 사요·안 사요로 비교,영양제·제품비교,다이소 영양제 사요 안 사요,원료·영양성분·가격 기준으로 구매 권장과 보류 제품을 나눠 설명,다이소·단백질·홍삼·가르시니아·유산균·가성비,FMT-BUY-DONTBUY-001,양분형,다이소 신상 싼 게 다 좋은 건 아닙니다,사요 5개 제시→안 사요 5개 제시→구매 전 저장 CTA,초록·빨강 대비·제품 카드·근거 자막,제품 화면 중심 릴스,45-60초,미확인,미조사,미측정,검토,내용·형식,김주성·오약·선영·공용,B,,다이소 영양제를 구매 권장과 보류 항목으로 나눠 원료와 영양성분을 비교,사요·안 사요 대비로 구매 전 판단 기준과 저장 행동을 함께 제시하는 구조(가설),제품 성분과 함량 확인; 건강기능식품 기능성 문구 과장 금지; 복용 중인 약과 중복 확인,,,검토,지표수집 실패: 공개 재생수 메타 미노출 / 릴스 길이 메타 미노출 | 배정 재판정(콘텐츠 전환): 김주성·오약·선영·공용; 근거=선영 허용 범위,2026-08-06T02:12:20+09:00,DbaNtSpS8Jj.jpg,판정불가(지표없음),조회수·배수 없음
BUBU-DbjzceJvqpf,2026-08-04T22:47:30+09:00,E1,bbubbu_yaksa,뿌뿌약사 | 김다영,16.8만,국내 약사 인플루언서,,2026-08-03,2,https://www.instagram.com/bbubbu_yaksa/p/DbjzceJvqpf/,DbjzceJvqpf,캐러셀,,,13,8,,,,,,0.6154,1,불명,공개 캡션에 광고·협찬 표기 없음; 오메가3 EPA+DHA 용량과 상담 필요성을 설명,영양제·약물안전,오메가3 연령·목적별 용량 설정,연령과 건강 목적별 용량 사다리로 복용 판단을 돕고 고함량은 상담으로 연결,오메가3·EPA·DHA·중성지방·출혈경향성·어린이,FMT-DOSE-LADDER-001,용량사다리형,"오메가3, 하루 몇 mg이 맞을까요?",목적별 500·1000·2000·3000mg 제시→고함량 주의→복용약·질환 상담,용량 숫자 카드·단계 상승 그래픽·주의 박스,화면 자료 중심 캐러셀,45-60초,미확인,미조사,미측정,검토,내용·형식,불가,B,,오메가3를 연령과 건강 목적별 용량으로 나눠 복용 판단 기준을 제시,용량 사다리와 고함량 주의 문구가 저장·상담 행동을 유도하는 구조(가설),복용약·질환이 있으면 상담; 고함량 복용은 출혈 위험 확인; 개인 진단 아님,,,검토,배정 재판정(콘텐츠 전환): 불가; 근거=육아·아동 카테고리; 세 사람 제약 미충족,2026-08-05T09:46:24.680Z,DbjzceJvqpf.jpg,판정불가(지표없음),조회수·배수 없음
BUBU-DbkhdoBRCC9,2026-08-04T22:47:30+09:00,E1,bbubbu_yaksa,뿌뿌약사 | 김다영,16.8만,국내 약사 인플루언서,,2026-08-03,2,https://www.instagram.com/bbubbu_yaksa/reel/DbkhdoBRCC9/,DbkhdoBRCC9,릴스,33,32615,303,99,14310,2.28,0.00929,0.006393,1.4532,0.3267,1,불명,공개 캡션에 광고·협찬 표기 없음; 건강검진 결과별 영양제 조합을 예시로 제시,영양제·약물안전·건강검진,건강검진 결과별 영양제 조합,검진 결과를 입력값처럼 보여주고 성분 조합과 의료진 상담을 함께 제시,콜레스테롤·혈압·당뇨전단계·빈혈·골밀도·베르베린,FMT-HEALTHCHECK-ROUTING-001,매핑형,건강검진 결과가 이렇다면 영양제는 이렇게 나눠보세요,검진 결과 8가지 제시→성분 조합 매핑→약물·질환 상담 안내→댓글 CTA,결과-성분 매트릭스·색상 구분·주의 자막,화면 자료 중심 릴스,45-60초,미확인,미조사,미측정,검토,내용·형식,김주성·오약·선영·공용,B,,건강검진 결과별 관심사를 성분 조합과 상담 주의사항으로 연결,여러 결과를 한 장씩 빠르게 매핑해 자기 상황을 찾게 하는 구조(가설),검진 결과만으로 복용을 결정하지 않기; 처방약·기저질환은 의료진 상담; 개인 진단 아님,,,검토,배정 재판정(콘텐츠 전환): 김주성·오약·선영·공용; 근거=선영 허용 범위,2026-08-05T09:46:25.973Z,DbkhdoBRCC9.jpg,미달,"10만~ 구간(배수 2.28/4, 조회수 3.3만/1백만)"
BUBU-DbiWxYXSEZs,2026-08-04T22:47:30+09:00,E1,bbubbu_yaksa,뿌뿌약사 | 김다영,16.8만,국내 약사 인플루언서,,2026-08-03,2,https://www.instagram.com/bbubbu_yaksa/reel/DbiWxYXSEZs/,DbiWxYXSEZs,릴스,17.9,102421,419,3,14310,7.16,0.004091,0.006393,0.6399,0.0072,1,불명,공개 캡션에 광고·협찬 표기 없음; 일상 식사와 생활습관을 바꾸는 5가지 예시,다이어트·영양·생활습관,만성염증을 줄이는 현실적인 식사 교체 5가지,익숙한 식사를 유지하면서 한 가지씩 바꾸는 현실적인 행동으로 접근,액상과당·가공식품·식이섬유·단백질·걷기·수면,FMT-MEAL-SWAP-5-001,양분형,"만성염증 관리, 식단을 전부 바꿀 필요는 없습니다",기존 식사와 대체 식사를 5개 비교→생활습관 5개 보강→저장·공유 CTA,전후 식사 카드·X/O 대비·번호 자막,제품·식사 화면 혼합 릴스,45-60초,Ramzuto·Vida Loca,미조사,미측정,검토,내용·형식,오약·선영,B,,만성염증 관리를 식사 교체 5가지와 생활습관으로 구체화,금지보다 대체안을 보여줘 실행 장벽을 낮추고 저장·공유를 유도하는 구조(가설),질환 치료·완치 표현 금지; 식사·운동·수면은 개인 상태에 따라 조정; 증상이 지속되면 진료,,,검토,배정 재판정(콘텐츠 전환): 김주성·오약·선영·공용; 근거=선영 허용 범위 | 배정 재판정(콘텐츠 전환): 오약·선영; 근거=다이어트 단독은 김주성 불가; 선영 허용 범위,2026-08-05T09:46:12.475Z,DbiWxYXSEZs.jpg,미달,"10만~ 구간(배수 7.16/4, 조회수 10.2만/1백만)"
BUBU-DbiZEY8vScA,2026-08-04T22:47:30+09:00,E1,bbubbu_yaksa,뿌뿌약사 | 김다영,16.8만,국내 약사 인플루언서,,2026-08-02,3,https://www.instagram.com/bbubbu_yaksa/reel/DbiZEY8vScA/,DbiZEY8vScA,릴스,64.5,5074,88,305,14310,0.35,0.017343,0.006393,2.7128,3.4659,1,불명,공개 캡션에 광고·협찬 표기 없음; 만성염증 관련 증상 체크리스트와 상담 CTA를 제시,다이어트·생활습관,만성염증을 의심하게 하는 증상 7가지 체크,서로 다른 증상을 하나의 체크리스트로 묶고 댓글 키워드로 후속 정보를 안내,피로·체중·피부트러블·건조·부종·소화·두통,FMT-SYMPTOM-CHECKLIST-7-001,증상체크형,이 증상들이 따로가 아니라면 무엇을 먼저 점검할까요?,증상 7개 체크→생활습관 관리 제안→약사 경험 근거→댓글 키워드 CTA,증상 체크박스·경고 아이콘·자막 강조,화면 자료 중심 릴스,45-60초,Tony Dark Eyes·Breathe,미조사,미측정,검토,내용·형식,오약·선영,B,,피로·건조·부종 등 증상을 체크리스트로 묶어 생활습관 점검으로 연결,흩어진 불편을 한 번에 확인하게 해 댓글 참여와 후속 자료 요청을 유도하는 구조(가설),증상만으로 만성염증을 확정하지 않기; 진단·치료 대체 금지; 지속 증상은 진료,,,검토,배정 재판정(콘텐츠 전환): 오약·선영; 근거=뷰티는 김주성 불가; 다이어트 단독은 김주성 불가; 선영 허용 범위,2026-08-05T09:46:13.886Z,DbiZEY8vScA.jpg,미달,"10만~ 구간(배수 0.35/4, 조회수 5074/1백만)"
DASI-DbnLUMED-eL,2026-08-04T22:57:30+09:00,E1,dasik.yaksa,다식 약사 | 박약다식·박소윤,10.8만,국내 약사 인플루언서,,2026-08-04,1,https://www.instagram.com/dasik.yaksa/p/DbnLUMED-eL/,DbnLUMED-eL,캐러셀,,,31,2,,,,,,0.0645,1,불명,공개 캡션에 광고·협찬 표기 없음; 생리통 관련 성분 순위와 제품 예시를 제시하고 다른 제품도 가능하다고 설명,여성건강·영양제,생리통에 먹으면 좋은 영양제 성분 순위,증상 상황을 먼저 제시하고 오메가3·마그네슘·생강·철분 등 성분 순위로 선택 기준을 제시,생리통·오메가3·마그네슘·생강·비타민D·철분·커큐민,FMT-SUPPLEMENT-RANKING-001,순위형,생리통 심한 친구에게 어떤 성분을 알려줄까요?,공유 질문→성분 순위 1-3위→제품은 예시라고 정리→댓글 상담,순위 숫자·성분 카드·제품 예시·주의 문구,화면 자료 중심 캐러셀,45-60초,미확인,미조사,미측정,검토,내용·형식,김주성·오약·선영·공용,B,,생리통 상황에서 영양제 성분을 순위로 비교하고 제품 선택은 성분 기준으로 열어둠,상황 질문과 순위 비교를 결합해 저장·공유와 상담 질문을 유도하는 구조(가설),생리통 원인 진단·치료 대체 금지; 임신·복용약은 의료진 상담; 성분별 금기 확인,,,검토,배정 재판정(콘텐츠 전환): 김주성·오약·선영·공용; 근거=선영 허용 범위,2026-08-05T09:46:46.327Z,DbnLUMED-eL.jpg,판정불가(지표없음),조회수·배수 없음
DASI-Dbmi6qYD6qW,2026-08-04T22:57:30+09:00,E1,dasik.yaksa,다식 약사 | 박약다식·박소윤,10.8만,국내 약사 인플루언서,,2026-08-04,1,https://www.instagram.com/dasik.yaksa/p/Dbmi6qYD6qW/,Dbmi6qYD6qW,캐러셀,,,251,75,,,,,,0.2988,1,불명,공개 캡션에 광고·협찬 표기 없음; 운동을 시작하지 못한 현실적인 상황을 공유하고 함께 인증을 제안,다이어트·생활습관,운동 결심이 한 달째 실행되지 않을 때,전문가 팁 대신 개인의 실패 경험과 참여 요청으로 운동 습관을 함께 시작하게 함,운동·체력·근력·다이어트·육아후 체력,FMT-REAL-LIFE-CHECKIN-001,현실공감형,운동해야지 다짐만 한 달째라면 같이 인증할까요?,개인 상황 고백→시청자 공감 질문→댓글·DM 인증 제안,일상 사진·말풍선 자막·댓글 참여 유도,일상 사진 중심 캐러셀,30-45초,미확인,미조사,미측정,검토,내용·형식,불가,B,,운동 결심을 실행하지 못한 개인 경험을 공유하고 함께 인증하는 행동으로 전환,완성된 성공담보다 실패 고백이 공감을 만들고 댓글 참여를 촉진하는 구조(가설),개인 체력 차이 고려; 통증·질환이 있으면 운동 전 상담; 무리한 운동 금지,,,검토,배정 재판정(콘텐츠 전환): 불가; 근거=육아·아동 카테고리; 다이어트 단독은 김주성 불가; 세 사람 제약 미충족,2026-08-05T09:46:47.641Z,Dbmi6qYD6qW.jpg,판정불가(지표없음),조회수·배수 없음
DASI-Dbjb3zqzswk,2026-08-04T22:57:30+09:00,E1,dasik.yaksa,다식 약사 | 박약다식·박소윤,10.8만,국내 약사 인플루언서,,2026-08-03,2,https://www.instagram.com/dasik.yaksa/reel/Dbjb3zqzswk/,Dbjb3zqzswk,릴스,16.6,9749,109,16,6008,1.62,0.011181,0.022655,0.4935,0.1468,1,불명,공개 캡션에 광고·협찬 표기 없음; 운동 후 회복을 위한 ORS·마그네슘·아미노산·비타민B 조합을 경험형으로 소개,다이어트·영양·운동,운동 후 회복을 돕는 조합,운동 후 상황별로 수분·근육통·에너지 회복 성분을 세 묶음으로 제시,ORS·마그네슘·아미노산·비타민B·운동회복·근육통,FMT-RECOVERY-STACK-001,상황조합형,운동 후 회복이 필요할 때 무엇을 먼저 챙길까요?,운동 경험 고백→수분·근육통·에너지별 조합→제품 질문 유도,성분별 카드·경험형 내레이션·반전 자막,화면 자료 중심 릴스,30-45초,Giulio Cercato·Delicious,미조사,미측정,검토,내용·형식,김주성·오약·선영·공용,B,,운동 후 회복을 수분·근육통·에너지 세 가지 상황별 조합으로 설명,구체적인 운동 경험과 성분 조합을 묶어 제품 질문과 상담을 유도하는 구조(가설),ORS는 탈수 상황에 한정; 운동 후 통증은 무리하지 않기; 복용약·질환은 상담,,,검토,배정 재판정(콘텐츠 전환): 김주성·오약·선영·공용; 근거=선영 허용 범위,2026-08-05T09:46:28.751Z,Dbjb3zqzswk.jpg,미달,"10만~ 구간(배수 1.62/4, 조회수 9749/1백만)"
DASI-DbiDDBNPiZr,2026-08-04T22:57:30+09:00,E1,dasik.yaksa,다식 약사 | 박약다식·박소윤,10.8만,국내 약사 인플루언서,,2026-08-02,3,https://www.instagram.com/dasik.yaksa/reel/DbiDDBNPiZr/,DbiDDBNPiZr,릴스,51.6,8501,97,3,6008,1.41,0.01141,0.022655,0.5037,0.0309,0,광고아님,공개 캡션에 광고·협찬 표기 없음; 약사배합·약국입점·유산균·컴플렉스 문구의 근거를 비판,영양제·광고판별,속기 쉬운 영양제 광고 문구 4가지,광고 문구를 네 가지 유형으로 나누고 성분·근거를 확인하라는 판단 기준을 제시,약사배합·약국입점·유산균·컴플렉스·근거·성분확인,FMT-AD-MYTH-BUSTING-001,오해깨기형,약사배합·약국입점이면 무조건 좋은 걸까요?,오해 문구 4개 제시→왜 부족한지 설명→성분과 근거 확인 CTA,오해/사실 대비·경고 아이콘·핵심 문구 강조,화면 자료 중심 릴스,45-60초,Giulio Cercato·Delicious,미조사,미측정,검토,내용·형식,김주성·오약·선영·공용,B,,영양제 광고의 익숙한 권위 문구를 네 유형으로 나눠 성분과 근거 확인을 권함,권위 신호를 먼저 흔들고 시청자가 구매 전 판단 기준을 저장하게 하는 구조(가설),광고 문구와 제품 효능을 동일시하지 않기; 근거·함량 확인; 질환 치료 표현 금지,,,검토,배정 재판정(콘텐츠 전환): 김주성·오약·선영·공용; 근거=선영 허용 범위,2026-08-05T09:46:30.414Z,DbiDDBNPiZr.jpg,미달,"10만~ 구간(배수 1.41/4, 조회수 8501/1백만)"
MYO-DbnSe7bPVMK,2026-08-04T23:06:35+09:00,E1,myo_yaksa,다정한 건강 묘약은 묘약사·김미나,8.6만,국내 약사 인플루언서,,2026-08-04,1,https://www.instagram.com/myo_yaksa/reel/DbnSe7bPVMK/,DbnSe7bPVMK,릴스,26.1,3180,,4,,,,,,,3,광고·공구,"오드리선 8월 5일 오픈, 최대 51% 최저가, 구매 이벤트와 구매 링크를 안내",여성건강·생활용품,생리대·오버나이트,생리 첫째 날 12시간 숙면 후 새지 않았다는 개인 사용 경험을 구매 행동과 어떻게 연결할까?,생리·오버나이트·오드리선·구매이벤트·공동구매,FMT-CASE-RESULT-REVIEW-001,이용후기형,생리 첫째 날 12시간 푹 자고 하나도 안 샜어요!,개인 사용 결과 제시→제품 장점 설명→오픈일·최저가·구매 이벤트 CTA,사용 전후 상황 자막·제품 클로즈업·혜택 배지,제품 사용 장면 중심 릴스,30-45초,미확인,미조사,미측정,검토,내용·형식,선영,B,,개인 사용 경험으로 오버나이트 제품의 흡수·착용 결과를 제시하고 공동구매 참여로 연결,구체적인 숙면 결과와 오픈일·혜택을 함께 제시해 제품 관심과 구매 행동을 유도하는 광고형 구조(가설),광고·공구 표기를 유지; 생리용품 성능 표현은 개인 경험으로 한정; 의학적 효능으로 확대하지 않기,,,검토,지표수집 실패: 공개 재생수 메타 미노출 | 지표 정정: 공개 좋아요 0은 미노출 placeholder로 확인되어 빈칸 처리 | 배정 재판정(콘텐츠 전환): 선영; 근거=뷰티는 김주성 불가; 제품 리뷰형 뷰티는 오약 불가; 선영 허용 범위,2026-08-06T02:12:20+09:00,DbnSe7bPVMK.jpg,판정불가(지표없음),조회수·배수 없음
MYO-DbmENNVjyHt,2026-08-04T23:06:35+09:00,E1,myo_yaksa,다정한 건강 묘약은 묘약사·김미나,8.6만,국내 약사 인플루언서,,2026-08-04,1,https://www.instagram.com/myo_yaksa/p/DbmENNVjyHt/,DbmENNVjyHt,캐러셀,,,,15,,,,,,,3,광고·공구,"오드리선 내일 오픈, 사이즈·장점·할인·구매 혜택과 이벤트를 사전 안내",여성건강·생활용품,팬티형 생리대·사이즈,구매 전에 사이즈와 혜택을 한 화면씩 확인하게 만드는 오픈 전 가이드,생리대·팬티형·사이즈·할인·구매혜택·공동구매,FMT-GROUPBUY-SIZE-GUIDE-001,구매가이드형,내일 오픈 전 꼭 읽어주세요,오픈 예고→사이즈·제품 장점→할인·구매 혜택→참여 CTA,사이즈 표·제품 비교·할인 배지·체크리스트,정보 카드형 캐러셀,30-45초,미확인,미조사,미측정,검토,내용·형식,선영,B,,오픈 전 구매자가 확인할 사이즈·장점·할인과 이벤트를 카드 순서로 정리,구매 직전 정보인 사이즈·가격·혜택을 한 번에 제공해 저장과 구매 전환을 유도하는 광고형 구조(가설),광고·공구 표기를 유지; 사이즈 선택 기준을 과장하지 않기; 구매 혜택의 조건을 명확히 표시,,,검토,지표 정정: 공개 좋아요 0은 미노출 placeholder로 확인되어 빈칸 처리 | 배정 재판정(콘텐츠 전환): 선영; 근거=뷰티는 김주성 불가; 제품 리뷰형 뷰티는 오약 불가; 선영 허용 범위,2026-08-05T09:47:00.425Z,DbmENNVjyHt.jpg,판정불가(지표없음),조회수·배수 없음
MYO-DbksfilvaHD,2026-08-04T23:06:35+09:00,E1,myo_yaksa,다정한 건강 묘약은 묘약사·김미나,8.6만,국내 약사 인플루언서,,2026-08-03,2,https://www.instagram.com/myo_yaksa/reel/DbksfilvaHD/,DbksfilvaHD,릴스,31.2,3077,63,156,2449,1.26,0.020474,0.023994,0.8533,2.4762,3,광고·공구,오드리선 생리용품을 4년 사용했다는 경험과 8월 5일 공동구매 오픈 일정을 안내,여성건강·생활용품,생리용품·장기사용후기,장기간 사용 경험을 제품 선택 근거와 공동구매 CTA로 전환,생리·오드리선·4년사용·공동구매·오픈일,FMT-LONGTERM-USE-PROOF-001,장기사용증명형,4년 동안 써보고 공동구매를 여는 이유,장기 사용 기간 제시→사용 이유·제품 특징→공구 오픈 CTA,기간 강조 자막·사용 제품 컷·오픈일 카운트,제품 소개형 릴스,30-45초,미확인,미조사,미측정,검토,내용·형식,불가,B,,4년 사용 경험을 제품 선택 근거로 제시하고 공동구매 오픈 일정으로 연결,장기 사용이라는 신뢰 신호와 오픈일을 결합해 제품 탐색과 구매 참여를 촉진하는 광고형 구조(가설),광고·공구 표기를 유지; 개인 경험과 객관적 성능을 구분; 생리용품 효능을 의학적 주장으로 확대하지 않기,,,검토,배정 재판정(콘텐츠 전환): 불가; 근거=세 사람 제약 미충족,2026-08-05T09:46:50.150Z,DbksfilvaHD.jpg,미달,"5만~10만 구간(배수 1.26/5, 조회수 3077/30만)"
MYO-DbfdNX5j4Qq,2026-08-04T23:06:35+09:00,E1,myo_yaksa,다정한 건강 묘약은 묘약사·김미나,8.6만,국내 약사 인플루언서,,2026-08-01,4,https://www.instagram.com/myo_yaksa/p/DbfdNX5j4Qq/,DbfdNX5j4Qq,캐러셀,,,90,3,,,,,,0.0333,1,불명,공개 캡션에 광고·협찬 표기 없음; 엑스트라 버진 올리브오일의 조리·발연점·산화 안정성을 설명하고 개인 의견임을 고지,식품·생활건강,엑스트라 버진 올리브오일 조리,조리 온도와 산화 안정성 정보를 개인 의견 고지와 함께 설명,엑스트라버진·올리브오일·발연점·산화·조리,FMT-COOKING-SCIENCE-001,과학설명형,엑스트라 버진 올리브오일로 조리해도 괜찮을까?,조리 가능 여부 질문→발연점·산화 안정성 설명→개인 의견과 주의점,온도 수치 카드·오일 팬 장면·주의 문구,정보 카드형 캐러셀,30-45초,미확인,미조사,미측정,검토,내용·형식,불가,B,,엑스트라 버진 올리브오일의 조리 관련 정보를 설명하고 개인 의견이라는 한계를 함께 표시,생활 장면의 질문에 온도·산화 개념을 붙여 저장 가능한 판단 기준으로 바꾸는 정보형 구조(가설),제품 효능·질환 예방으로 확대하지 않기; 조리 온도와 원료 품질 차이를 확인; 정보와 개인 의견을 구분,,,검토,배정 재판정(콘텐츠 전환): 불가; 근거=세 사람 제약 미충족,2026-08-05T09:47:01.641Z,DbfdNX5j4Qq.jpg,판정불가(지표없음),조회수·배수 없음
SLOW-DbgVUFJh7-g,2026-08-04T23:16:46+09:00,E1,slowpharmacy,요가강사 슬로우약사 | 아이영양·엄마웰니스,7445,국내 약사 인플루언서,,2026-08-02,3,https://www.instagram.com/slowpharmacy/reel/DbgVUFJh7-g/,DbgVUFJh7-g,릴스,51.7,886,24,3,1011,0.88,0.027088,0.039422,0.6871,0.125,3,광고·공구,오메가3 원료 공급처·개별 포장·EPA+DHA 900–2000mg·순도 70–80%·보관법을 설명하고 프로필 구매 링크·DM 상담과 공구 댓글을 확인,영양제·엄마웰니스,오메가3 원료·순도,원료·함량·순도·보관 체크리스트를 구매 판단으로 연결,오메가3·EPA·DHA·순도·개별포장·보관·공구,FMT-OMEGA3-FACTCHECK-001,팩트체크형,"오메가3, 이것만 확인하고 사세요",원료·포장·함량·순도·보관 체크→구매 링크·문의 CTA,수치 자막·체크리스트·제품 패키지 컷,정보 카드 중심 릴스,30-45초,미확인,미조사,미측정,검토,내용·형식,불가,B,,원료와 함량·순도·보관 기준을 한 번에 제시하고 구매 문의로 연결,구매 전 확인할 항목을 숫자와 체크리스트로 압축해 저장·문의 행동을 유도하는 구조(가설),제품 구매 링크와 공구 맥락을 명확히 표시; EPA·DHA 함량과 순도는 제품별 근거를 확인,,,검토,배정 재판정(콘텐츠 전환): 불가; 근거=육아·아동 카테고리; 세 사람 제약 미충족,2026-08-05T09:47:02.901Z,DbgVUFJh7-g.jpg,미달,"~1만 구간(배수 0.88/8, 조회수 886/3만)"
SLOW-DbRrVrvTpYn,2026-08-04T23:16:46+09:00,E1,slowpharmacy,요가강사 슬로우약사 | 아이영양·엄마웰니스,7445,국내 약사 인플루언서,,2026-07-27,9,https://www.instagram.com/slowpharmacy/reel/DbRrVrvTpYn/,DbRrVrvTpYn,릴스,71.9,598,50,133,1011,0.59,0.083612,0.039422,2.1209,2.66,3,광고·공구,"온가족 츄어블 오메가3 마켓 오픈, 7월 27일–8월 2일 판매 기간, 프로필 링크·DM 구매, 구매 인증 이벤트와 다박스 할인·구매완료 댓글을 확인",영양제·엄마웰니스,온가족 츄어블 오메가3 공동구매,마켓 일정·구매 방법·혜택을 가족용 제품 선택과 연결,온가족·츄어블·오메가3·마켓오픈·구매인증·할인,FMT-GROUPBUY-PURCHASE-PROOF-001,구매인증형,온가족 오메가3 마켓이 열렸습니다,마켓 오픈→구매 방법→구매 인증 이벤트·다박스 할인→문의 CTA,기간 배지·구매 인증 댓글·혜택 자막·제품 컷,제품 소개형 릴스,30-45초,미확인,미조사,미측정,검토,내용·형식,불가,B,,판매 기간과 구매 방법·혜택을 구매 인증 이벤트와 함께 안내,일정·혜택·사회적 증거를 묶어 구매 시점을 명확히 만드는 광고형 구조(가설),공동구매 기간·할인 조건·이벤트 참여 조건을 화면에 고정; 가족별 섭취 적합성은 별도 확인,,,검토,배정 재판정(콘텐츠 전환): 불가; 근거=육아·아동 카테고리; 세 사람 제약 미충족,2026-08-05T09:47:04.146Z,DbRrVrvTpYn.jpg,미달,"~1만 구간(배수 0.59/8, 조회수 598/3만)"
SLOW-DbKwu5UEVaH,2026-08-04T23:16:46+09:00,E1,slowpharmacy,요가강사 슬로우약사 | 아이영양·엄마웰니스,7445,국내 약사 인플루언서,,2026-07-24,12,https://www.instagram.com/slowpharmacy/p/DbKwu5UEVaH/,DbKwu5UEVaH,캐러셀,,,48,77,,,,,,1.6042,3,광고·공구,"온가족 츄어블 오메가3 오픈알림, 다음 주 월요일 오픈·이벤트·냉장배송·최대 공동구매 할인과 알림 댓글을 확인",영양제·엄마웰니스,오메가3 공동구매 오픈알림,오픈 전 일정·배송·할인 조건을 구매자가 비교하도록 정리,오메가3·오픈알림·냉장배송·공동구매·할인·이벤트,FMT-GROUPBUY-OPEN-ALERT-001,오픈알림형,"다음 주 월요일, 온가족 오메가3가 열립니다",오픈 예고→배송·이벤트→공동구매 할인→알림·참여 CTA,달력 아이콘·냉장배송 배지·할인 카드·알림 댓글,정보 카드형 캐러셀,30-45초,미확인,미조사,미측정,검토,내용·형식,불가,B,,오픈일과 배송·할인·이벤트 조건을 사전 안내해 알림 참여로 연결,구매 전 불확실한 일정과 혜택을 카드로 먼저 해소해 알림·재방문을 유도하는 구조(가설),오픈일·배송 조건·할인 조건·이벤트 참여 방법을 분리해 표시; 보관·배송 표현의 근거 확인,,,검토,배정 재판정(콘텐츠 전환): 불가; 근거=육아·아동 카테고리; 세 사람 제약 미충족,2026-08-05T09:47:15.819Z,DbKwu5UEVaH.jpg,판정불가(지표없음),조회수·배수 없음
SLOW-Da-kxOehqHr,2026-08-04T23:16:46+09:00,E1,slowpharmacy,요가강사 슬로우약사 | 아이영양·엄마웰니스,7445,국내 약사 인플루언서,,2026-07-19,17,https://www.instagram.com/slowpharmacy/reel/Da-kxOehqHr/,Da-kxOehqHr,릴스,49.3,223,57,4,1011,0.22,0.255605,0.039422,6.4838,0.0702,1,불명,29개월 아이가 하원 후 약국에서 자기 영양제 루틴을 챙기는 장면을 관찰; 공개 캡션에서 광고·협찬 표기와 제품 판매를 확인하지 못함,아이영양·엄마웰니스,29개월 아이 영양제 루틴,아이의 일상 장면으로 영양제 루틴과 보호자 관찰 포인트를 보여 줌,29개월·아이영양·영양제루틴·하원후·약국,FMT-CHILD-SUPPLEMENT-ROUTINE-001,일상관찰형,29개월 아이의 하원 후 영양제 루틴,하원 후 장면→아이의 루틴 관찰→보호자 확인 포인트,하루 루틴 자막·아이 행동 클로즈업·보호자 관찰 컷,일상 브이로그형 릴스,30-45초,미확인,미조사,미측정,검토,내용·형식,불가,B,,29개월 아이의 하원 후 영양제 루틴을 일상 관찰 콘텐츠로 보여 줌,구체적인 연령·시간대·행동을 보여 줘 보호자의 공감과 저장을 유도하는 관찰형 구조(가설),제품 효능·섭취 필요성을 일반화하지 않기; 연령별 섭취는 전문가 상담과 제품 표시를 확인,,,검토,배정 재판정(콘텐츠 전환): 불가; 근거=육아·아동 카테고리; 세 사람 제약 미충족,2026-08-05T09:47:05.427Z,Da-kxOehqHr.jpg,미달,"~1만 구간(배수 0.22/8, 조회수 223/3만)"
IAM-DbniqwRz4jS,2026-08-04T23:16:46+09:00,E1,iam_yaksa,약상담 해드리는 약사임당 | 약사 이수찬,22.7만,국내 약사 인플루언서,,2026-08-04,1,https://www.instagram.com/iam_yaksa/reel/DbniqwRz4jS/,DbniqwRz4jS,릴스,27.6,12390,376,48,11308,1.1,0.030347,0.152689,0.1988,0.1277,3,광고·공구,폭염 시 수분·기력 보충 조합으로 레스큐라이트·라라올라·마그비스피드를 제시하고 약국 구매·제품 문의 댓글을 확인,생활건강·약상담,폭염 수분·기력 보충 조합,더위로 지친 상황에 약국 제품 3개 조합을 제안,폭염·수분·아르기닌·마그네슘·기력보충·약국템,FMT-HEATWAVE-OTC-COMBINATION-001,상황조합형,무더위에 약국템 3개만 챙기세요,폭염 상황 제시→수분·아르기닌·마그네슘 제품 조합→섭취 전 확인 CTA,제품 패키지·번호 자막·효과 키워드 강조,약국템 소개형 릴스,30-45초,미확인,미조사,미측정,검토,내용·형식,김주성·오약·선영·공용,B,,폭염 상황에서 수분·기력 보충 제품 3개를 조합해 제시,구체적인 날씨 상황과 3개 제품 번호 매김으로 저장·문의 행동을 유도하는 구조(가설),제품명과 구매·문의 맥락을 광고·공구로 표시; 탈수·피로 증상은 의학적 진단으로 확대하지 않기,,,검토,배정 재판정(콘텐츠 전환): 김주성·오약·선영·공용; 근거=선영 허용 범위,2026-08-05T09:47:17.105Z,DbniqwRz4jS.jpg,미달,"10만~ 구간(배수 1.1/4, 조회수 1.2만/1백만)"
IAM-DbmVwDsGSOK,2026-08-04T23:16:46+09:00,E1,iam_yaksa,약상담 해드리는 약사임당 | 약사 이수찬,22.7만,국내 약사 인플루언서,,2026-08-04,1,https://www.instagram.com/iam_yaksa/p/DbmVwDsGSOK/,DbmVwDsGSOK,캐러셀,,,123,67,,,,,,0.5447,3,광고·공구,"리포좀 비타민C 1,000mg 8월 4–10일 오픈, 구매 이벤트와 연령별 섭취량·공구 구성을 안내하고 구매완료 댓글을 확인",영양제·약상담,리포좀 비타민C 공동구매 오픈,오픈 일정·연령별 용량·혜택을 한 번에 보여 주어 구매 시점을 명확히 함,"리포좀·비타민C·1,000mg·연령별용량·공동구매·구매이벤트",FMT-GROUPBUY-DOSE-BENEFIT-001,공구가이드형,"리포좀 비타민C, 연령별 용량과 오픈 일정을 확인하세요",오픈 일정→제품 특징→연령별 용량→구매 이벤트·구성→CTA,용량 표·오픈 일정 배지·구매 이벤트 카드,정보 카드형 캐러셀,45-60초,미확인,미조사,미측정,검토,내용·형식,김주성·오약·선영·공용,B,,제품 특징과 연령별 용량·오픈 혜택을 카드 순서로 안내,구매 전 궁금한 용량·일정·혜택을 한 번에 제공해 저장과 구매 전환을 유도하는 광고형 구조(가설),연령별 섭취량은 제품 표시·전문가 확인과 함께 제시; 공동구매 기간·이벤트 조건을 고정,,,검토,배정 재판정(콘텐츠 전환): 김주성·오약·선영·공용; 근거=선영 허용 범위,2026-08-05T09:47:33.308Z,DbmVwDsGSOK.jpg,판정불가(지표없음),조회수·배수 없음
IAM-Dbk7A3skS9Z,2026-08-04T23:16:46+09:00,E1,iam_yaksa,약상담 해드리는 약사임당 | 약사 이수찬,22.7만,국내 약사 인플루언서,,2026-08-03,2,https://www.instagram.com/iam_yaksa/p/Dbk7A3skS9Z/,Dbk7A3skS9Z,캐러셀,,,,3,,,,,,,1,불명,비타민C의 검증·핵심 목적과 섭취를 고려할 사람을 정리했으나 공개 캡션에 광고·협찬 표기와 판매 조건은 보이지 않음,영양제·약상담,비타민C 섭취 대상·핵심 목적,성분 질문을 핵심 목적과 대상자 기준으로 정리,비타민C·항산화·피부·면역·만성피로·섭취대상,FMT-VITAMINC-EXPLAIN-001,성분설명형,"비타민C, 이런 분들이 챙겨 보세요",성분 질문→검증·핵심 목적→섭취 고려 대상→질문 CTA,핵심 목적 카드·대상자 체크리스트·주의 문구,정보 카드형 캐러셀,30-45초,미확인,미조사,미측정,검토,내용·형식,오약·선영,B,,비타민C의 핵심 목적과 섭취를 고려할 대상을 간단히 정리,익숙한 성분을 대상자 기준으로 다시 분류해 저장·질문을 유도하는 정보형 구조(가설),광고 표기가 없어 불명으로 유지; 질환 예방·치료 효능으로 확대하지 않기,,,검토,지표 정정: 공개 좋아요 0은 미노출 placeholder로 확인되어 빈칸 처리 | 배정 재판정(콘텐츠 전환): 오약·선영; 근거=뷰티는 김주성 불가; 선영 허용 범위,2026-08-05T09:47:34.516Z,Dbk7A3skS9Z.jpg,판정불가(지표없음),조회수·배수 없음
IAM-DbiZ40DEdI1,2026-08-04T23:16:46+09:00,E1,iam_yaksa,약상담 해드리는 약사임당 | 약사 이수찬,22.7만,국내 약사 인플루언서,,2026-08-02,3,https://www.instagram.com/iam_yaksa/p/DbiZ40DEdI1/,DbiZ40DEdI1,캐러셀,,,321,376,,,,,,1.1713,3,광고·공구,"리포좀 비타민C 1,000mg 8월 4일 오픈, 댓글 알림·나눔·주문번호 구매 이벤트·연령별 용량·공구 구성을 안내",영양제·약상담,리포좀 비타민C 나눔·오픈알림,나눔 참여와 오픈 일정·구매 혜택을 결합해 알림 댓글로 연결,리포좀·비타민C·나눔·알림·공동구매·구매이벤트,FMT-GIVEAWAY-OPEN-NOTICE-001,나눔알림형,비타민C 나눔과 공동구매 오픈 일정을 같이 확인하세요,나눔 참여방법→오픈 일정→제품 특징·용량→구매 이벤트→알림 CTA,댓글 참여 유도·오픈일 캘린더·이벤트 배지·용량 표,정보 카드형 캐러셀,45-60초,미확인,미조사,미측정,검토,내용·형식,김주성·오약·선영·공용,B,,나눔·알림·구매 이벤트를 함께 안내해 공동구매 오픈으로 연결,참여 보상과 구매 일정을 결합해 댓글·알림·구매 행동을 연속으로 설계한 광고형 구조(가설),나눔·이벤트 조건과 광고·공구 표기를 명확히 고지; 비타민C 효능을 과장하지 않기,,,검토,배정 재판정(콘텐츠 전환): 김주성·오약·선영·공용; 근거=선영 허용 범위,2026-08-05T09:47:35.823Z,DbiZ40DEdI1.jpg,판정불가(지표없음),조회수·배수 없음
BYAK-DbmVHPVmNfA,2026-08-04T23:16:46+09:00,E1,byak_yaksa,삐약 약사 | 여성건강 1타 약사 | 임나현,12.3만,국내 약사 인플루언서,,2026-08-04,1,https://www.instagram.com/byak_yaksa/p/DbmVHPVmNfA/,DbmVHPVmNfA,캐러셀,,,38,27,,,,,,0.7105,3,광고·공구,라엘 생리대·팬티라이너·입는 오버나이트·탐폰·청결제·의료기기 질세정기 라인업과 8월 4일 공동구매·구매 인증 이벤트를 안내,여성건강·생활용품,라엘 여성용품 라인업·공동구매,여성용품을 사용 목적과 제품군별로 나눠 구매 선택을 돕고 공구로 연결,라엘·생리대·팬티라이너·오버나이트·탐폰·청결제·의료기기·공동구매,FMT-RAEL-WOMENS-CATEGORY-GUIDE-001,제품군가이드형,"생리대부터 질세정기까지, 제품군별로 골라보세요",공구 오픈→제품군 6개→사용 상황·사이즈→구매 인증 이벤트→CTA,제품군 번호·사이즈 표·성분·혜택 배지,정보 카드형 캐러셀,60초 이상,미확인,미조사,미측정,검토,내용·형식,선영,B,,여성용품 여러 제품군을 사용 상황별로 정리하고 공동구매 참여로 연결,선택지가 많은 제품군을 번호와 사용 목적별로 정리해 저장·구매 행동을 유도하는 광고형 구조(가설),제품별 사용 목적과 의료기기 구분을 정확히 표시; 공동구매 기간·이벤트 조건 고지,,,검토,배정 재판정(콘텐츠 전환): 선영; 근거=뷰티는 김주성 불가; 제품 리뷰형 뷰티는 오약 불가; 선영 허용 범위,2026-08-05T09:47:46.028Z,DbmVHPVmNfA.jpg,판정불가(지표없음),조회수·배수 없음
BYAK-DbnvjIkO2iS,2026-08-04T23:16:46+09:00,E1,byak_yaksa,삐약 약사 | 여성건강 1타 약사 | 임나현,12.3만,국내 약사 인플루언서,,2026-08-04,1,https://www.instagram.com/byak_yaksa/reel/DbnvjIkO2iS/,DbnvjIkO2iS,릴스,21.7,3593,22,0,10089,0.36,0.006123,0.007335,0.8348,0,1,불명,생리대를 화장실에 보관하면 안 된다는 기존 설명을 문헌 검토 후 정정하고 습기 많은 곳을 피하라고 재공지; 광고·협찬 표기 없음,여성건강·생활안전,생리대 보관 오정보 정정,잘못된 근거를 공개적으로 정정하고 실천 가능한 보관 기준으로 전환,생리대·보관·습기·오정보정정·문헌검토,FMT-SANITARY-STORAGE-CORRECTION-001,정정·근거공개형,잘못 말한 생리대 보관 정보를 바로잡습니다,이전 설명 언급→문헌 검토·오류 인정→습기 많은 곳 피하기→정정 공지,정정 자막·이전 주장 대비·핵심 기준 강조,정정 공지형 릴스,30-45초,미확인,미조사,미측정,검토,내용·형식,오약·선영,B,,문헌 검토로 이전 설명을 수정하고 생리대 보관 기준을 재공지,오류 인정과 근거 공개로 신뢰를 회복하고 실천 기준을 남기는 구조(가설),광고 표기 없음; 보관 기준의 근거와 적용 범위를 분리해 표시,,,검토,배정 재판정(콘텐츠 전환): 오약·선영; 근거=뷰티는 김주성 불가; 선영 허용 범위,2026-08-05T09:47:38.307Z,DbnvjIkO2iS.jpg,미달,"10만~ 구간(배수 0.36/4, 조회수 3593/1백만)"
BYAK-DbkmjYAmNlx,2026-08-04T23:16:46+09:00,E1,byak_yaksa,삐약 약사 | 여성건강 1타 약사 | 임나현,12.3만,국내 약사 인플루언서,,2026-08-03,2,https://www.instagram.com/byak_yaksa/p/DbkmjYAmNlx/,DbkmjYAmNlx,캐러셀,,,961,16,,,,,,0.0166,1,불명,남성 테스토스테론과 여성 에스트로겐·프로게스테론의 주기 차이를 설명하고 성별 모두 호르몬을 이해해 컨디션을 관리하자고 제안; 광고 표기 없음,여성건강·약사교육,남녀 호르몬 주기 차이,남녀 호르몬 변화를 일주기·월주기로 대비해 몸의 변화를 이해하게 함,테스토스테론·에스트로겐·프로게스테론·생리주기·컨디션,FMT-HORMONE-CYCLE-EXPLAIN-001,비교설명형,남자와 여자의 호르몬은 어떻게 다를까요?,질문→남성·여성 호르몬 주기 대비→몸의 변화→컨디션 관리 CTA,일주기·월주기 대비표·호르몬 키워드·공감 문구,비교 정보형 캐러셀,30-45초,미확인,미조사,미측정,검토,내용·형식,김주성·선영,B,,성별 호르몬 주기 차이를 비교표로 설명하고 몸 이해로 연결,대비표와 공감 문구로 복잡한 생리학 개념의 진입장벽을 낮추는 정보형 구조(가설),광고 표기 없음; 성별 일반화·질환 진단으로 확대하지 않기,,,검토,배정 재판정(콘텐츠 전환): 김주성·선영; 근거=선영 허용 범위,2026-08-05T09:47:47.282Z,DbkmjYAmNlx.jpg,판정불가(지표없음),조회수·배수 없음
BYAK-DbixYb4ROz7,2026-08-04T23:16:46+09:00,E1,byak_yaksa,삐약 약사 | 여성건강 1타 약사 | 임나현,12.3만,국내 약사 인플루언서,,2026-08-03,2,https://www.instagram.com/byak_yaksa/reel/DbixYb4ROz7/,DbixYb4ROz7,릴스,57.3,4647,101,158,10089,0.46,0.021734,0.007335,2.9632,1.5644,3,광고·공구,라엘 여성용품 공구 8월 4일 오픈·최소 40–50% 할인·구매자 오버나이트 증정·댓글 선물 이벤트를 안내,여성건강·생활용품,라엘 여성용품 선물·공동구매,제품 선택 질문과 선물·구매 혜택을 공동구매 오픈으로 연결,생리대·라엘·오버나이트·선물·할인·공동구매,FMT-GIVEAWAY-GROUPBUY-WOMENS-001,선물·공구형,어떤 여성용품이 마음에 드세요? 선물 드립니다,제품 불편 질문→제품군·특징→댓글 선물→할인·구매 혜택→CTA,선물 댓글·할인율 배지·제품군 번호·오픈일 자막,제품 소개형 릴스,45-60초,미확인,미조사,미측정,검토,내용·형식,선영,B,,댓글 선물과 구매자 혜택을 결합해 여성용품 공동구매로 연결,참여 보상과 할인·구매자 혜택으로 댓글·구매 행동을 동시에 유도하는 광고형 구조(가설),할인율·선물 조건·구매자 혜택과 광고·공구 표기를 화면에 고정,,,검토,배정 재판정(콘텐츠 전환): 선영; 근거=뷰티는 김주성 불가; 제품 리뷰형 뷰티는 오약 불가; 선영 허용 범위,2026-08-05T09:47:39.623Z,DbixYb4ROz7.jpg,미달,"10만~ 구간(배수 0.46/4, 조회수 4647/1백만)"
AWESOME-Dbh7e3SibuM,2026-08-04T23:37:54+09:00,E1,awesomeyaksa,어떤약사 | 약사 박지인,2.3만,국내 약사 인플루언서,,2026-08-02,3,https://www.instagram.com/awesomeyaksa/reel/Dbh7e3SibuM/,Dbh7e3SibuM,릴스,33.9,164000,,7,,,,,,,1,불명,간에 안 좋은 습관 5가지(과음·진통제 과다·야식·운동 부족·매일 에너지드링크)를 제시했으며 광고·판매 문구는 확인하지 못함,건강·간·생활습관,간 건강 습관 5가지,체크리스트형 진입,간 건강·과음·진통제·야식·운동·에너지드링크,FMT-LIVER-HABIT-5CHECK-001,H3 숫자·랭킹,술보다 간에 안 좋은 습관 5가지,제목 제시→5가지 습관 카운트다운→실천 CTA,숫자 카운트·습관별 핵심 자막,약사 토킹헤드 릴스,30-45초,미확인,미조사,미측정,검토,내용·형식,김주성·오약·선영·공용,B,,술보다 간에 부담을 줄 수 있는 일상 습관 5가지를 체크리스트로 설명,경고형 제목과 5개 체크리스트가 저장·공유 행동을 유도했을 가능성(가설),간을 망치는 건 술만이 아닙니다 / 매일 하는 이 습관이 간을 지칩니다 / 약사가 고른 간 건강 점검 5가지,,,검토,지표수집 실패: 공개 재생수 메타 미노출 | 지표 정정: 공개 좋아요 0은 미노출 placeholder로 확인되어 빈칸 처리 | 배정 재판정(콘텐츠 전환): 김주성·오약·선영·공용; 근거=선영 허용 범위,2026-08-06T02:12:20+09:00,Dbh7e3SibuM.jpg,판정불가(지표없음),조회수·배수 없음
AWESOME-Dbb5cE1y-kx,2026-08-04T23:37:54+09:00,E1,awesomeyaksa,어떤약사 | 약사 박지인,2.3만,국내 약사 인플루언서,,2026-07-31,5,https://www.instagram.com/awesomeyaksa/reel/Dbb5cE1y-kx/,Dbb5cE1y-kx,릴스,46.8,3670,,0,,,,,,,3,광고·공구,비타민C 앰플 흡수 팁 3단계와 함께 최저가 소개·1만원대 구매·마감 3일 문구가 확인됨,피부·영양제,비타민C 앰플 흡수 루틴,사용 루틴 가이드,비타민C·앰플·흡수·피부관리·최저가,FMT-VITAMINC-SKIN-ROUTINE-001,S5 문제→해결,"비타민C 앰플, 이렇게 써야 흡수 잘 됩니다",문제 제시→3단계 사용법→가격·마감 CTA,단계 번호·제품 클로즈업·가격 자막,제품 사용 시연 릴스,30-45초,미확인,미조사,미측정,검토,내용·형식,오약·선영,B,,비타민C 앰플을 바르는 순서와 흡수 팁을 3단계로 안내하고 구매 마감 정보를 덧붙임,실용 팁 뒤에 가격·기간 정보를 붙여 정보 탐색을 구매 행동으로 전환했을 가능성(가설),비타민C 앰플 흡수 순서 3단계 / 좋은 성분도 바르는 순서가 중요합니다 / 3일 남은 앰플 공구 핵심만 정리,,,검토,지표수집 실패: 공개 재생수 메타 미노출 | 지표 정정: 공개 좋아요 0은 미노출 placeholder로 확인되어 빈칸 처리 | 배정 재판정(콘텐츠 전환): 오약·선영; 근거=뷰티는 김주성 불가; 선영 허용 범위,2026-08-06T02:12:20+09:00,Dbb5cE1y-kx.jpg,판정불가(지표없음),조회수·배수 없음
AWESOME-DbZXpfJksw_,2026-08-04T23:37:54+09:00,E1,awesomeyaksa,어떤약사 | 약사 박지인,2.3만,국내 약사 인플루언서,,2026-07-30,6,https://www.instagram.com/awesomeyaksa/p/DbZXpfJksw_/,DbZXpfJksw_,캐러셀,,,,0,,,,,,,3,광고·공구,24% 비타민C 앰플을 15%에서 함량 업그레이드한 제품으로 소개하고 최저가 마켓 종료까지 4일이라고 안내함,피부·영양제,24% 비타민C 앰플 함량 업그레이드,제품 업그레이드·공구,비타민C·24%·15%·함량·최저가·마켓,FMT-MARKET-PRODUCT-UPGRADE-001,H8 가격충격,약사들이 추천하는 24% 비타민C 앰플,기존 함량→업그레이드 근거→최저가·마감 CTA,15%·24% 비교 카드·가격 배지·마감일 자막,제품 비교 캐러셀,30-45초,미확인,미조사,미측정,검토,내용·형식,오약·선영,B,,비타민C 앰플 함량 변화를 비교해 제품 업그레이드와 구매 마감으로 연결,함량 비교 숫자와 기간 제한이 제품 선택 이유와 즉시 구매 동기를 함께 만들었을 가능성(가설),15%에서 24%로 바뀐 점만 먼저 보세요 / 함량 업그레이드가 무엇을 바꿨나 / 최저가 마감 전 비교할 3가지,,,검토,지표 정정: 공개 좋아요 0은 미노출 placeholder로 확인되어 빈칸 처리 | 배정 재판정(콘텐츠 전환): 오약·선영; 근거=뷰티는 김주성 불가; 선영 허용 범위,2026-08-05T09:48:03.283Z,DbZXpfJksw_.jpg,판정불가(지표없음),조회수·배수 없음
AWESOME-DbW6PKSiPye,2026-08-04T23:37:54+09:00,E1,awesomeyaksa,어떤약사 | 약사 박지인,2.3만,국내 약사 인플루언서,,2026-07-29,7,https://www.instagram.com/awesomeyaksa/reel/DbW6PKSiPye/,DbW6PKSiPye,릴스,12.7,190000,,5,,,,,,,1,불명,다이어트 중 소주·막걸리·와인·하이볼·위스키를 비교했으며 광고·판매 문구는 확인하지 못함,다이어트·영양,다이어트 중 술 종류 비교,비교표형 진입,다이어트·술·소주·막걸리·와인·하이볼·위스키,FMT-DIET-ALCOHOL-COMPARE-001,S2 1대1 비교,"다이어트할 때 술, 뭐가 덜 부담일까요?",술 종류 제시→열량·특징 비교→선택 CTA,술 종류별 비교 자막·아이콘·순위 표시,약사 설명 릴스,30-45초,미확인,미조사,미측정,검토,내용·형식,오약·선영,B,,다이어트 상황에서 주요 술 종류를 비교해 선택 기준을 제시,상황이 분명하고 선택지를 한 화면에 대비해 시청자의 비교·저장 행동을 유도했을 가능성(가설),다이어트 중 술 고르는 기준 / 소주·와인·하이볼 뭐가 다를까 / 술자리 전 30초 비교,,,검토,지표수집 실패: 공개 재생수 메타 미노출 | 지표 정정: 공개 좋아요 0은 미노출 placeholder로 확인되어 빈칸 처리 | 배정 재판정(콘텐츠 전환): 오약·선영; 근거=다이어트 단독은 김주성 불가; 선영 허용 범위,2026-08-06T02:12:20+09:00,DbW6PKSiPye.jpg,판정불가(지표없음),조회수·배수 없음
DONG-DbmF-D_To9c,2026-08-04T23:46:02+09:00,E1,donggong_yak,동공이 약사,14.5만,국내 약사 인플루언서,,2026-08-04,1,https://www.instagram.com/donggong_yak/reel/DbmF-D_To9c/,DbmF-D_To9c,릴스,44.9,5498,114,1,5294,1.04,0.020735,0.077318,0.2682,0.0088,1,불명,흔한 화장품 마케팅 방법을 설명하고 다이소·화장품 불신 댓글이 달렸지만 광고·판매 문구는 확인하지 못함,피부·건강상식,화장품 마케팅 방법,마케팅 경계형 진입,화장품·마케팅·피부·다이소·소비자판단,FMT-COSMETIC-MARKETING-MYTH-001,H1 도발·부정,흔한 화장품 마케팅 방법,마케팅 문구 제시→소비자 오해 설명→구매 판단 CTA,핵심 문구 자막·전후 대비,약사 토킹헤드 릴스,30-45초,미확인,미조사,미측정,검토,내용·형식,오약·선영,B,,화장품 마케팅에서 자주 쓰는 표현을 소비자 관점에서 점검,짧은 경고형 제목과 일상 제품 예시가 화장품 불신·댓글 토론을 만들었을 가능성(가설),화장품 마케팅 문구 3가지 / 이 표현이 보이면 성분표를 다시 보세요 / 약사가 보는 화장품 광고,,,검토,배정 재판정(콘텐츠 전환): 오약·선영; 근거=뷰티는 김주성 불가; 선영 허용 범위,2026-08-05T09:48:04.549Z,DbmF-D_To9c.jpg,미달,"10만~ 구간(배수 1.04/4, 조회수 5498/1백만)"
DONG-Dbg8ZqUTag2,2026-08-04T23:46:02+09:00,E1,donggong_yak,동공이 약사,14.5만,국내 약사 인플루언서,,2026-08-02,3,https://www.instagram.com/donggong_yak/reel/Dbg8ZqUTag2/,Dbg8ZqUTag2,릴스,59.8,6197,149,3,5294,1.17,0.024044,0.077318,0.311,0.0201,1,불명,손에 남지 않는 화장품이 피부에서 어디로 갔는지와 각질·기기 침투 질문을 설명; 광고·판매 문구는 확인하지 못함,피부·건강상식,화장품 흡수와 피부 침투,질문형 과학 설명,화장품·피부흡수·각질·침투·피부장벽,FMT-SKIN-ABSORPTION-QUESTION-001,H4 질문,"손에도 안 남는 화장품, 바르고 나서 어디로 갔을까요?",질문→피부 표면·흡수 설명→각질·기기 질문 답변→주의 CTA,피부 단면 그래픽·질문 댓글 인용,약사 설명 릴스,30-45초,미확인,미조사,미측정,검토,내용·형식,오약·선영,B,,바른 화장품이 손에 남지 않는 현상을 피부 흡수와 연결해 질문으로 설명,일상에서 생기는 의문을 피부 과학 설명으로 풀어 댓글 질문과 시청 지속을 유도했을 가능성(가설),화장품은 피부 어디까지 갈까 / 각질이 두꺼우면 흡수가 더 될까 / 피부 침투를 쉽게 설명합니다,,,검토,배정 재판정(콘텐츠 전환): 오약·선영; 근거=뷰티는 김주성 불가; 선영 허용 범위,2026-08-05T09:48:05.811Z,Dbg8ZqUTag2.jpg,미달,"10만~ 구간(배수 1.17/4, 조회수 6197/1백만)"
DONG-DbRflVwTvzf,2026-08-04T23:46:02+09:00,E1,donggong_yak,동공이 약사,14.5만,국내 약사 인플루언서,,2026-07-27,9,https://www.instagram.com/donggong_yak/reel/DbRflVwTvzf/,DbRflVwTvzf,릴스,51.3,2938,764,4,5294,0.56,0.260041,0.077318,3.3632,0.0052,3,광고·협찬,수면의 질을 다룬 책을 소개하고 출판사 미래의창의 지원을 받아 제작했다고 명시함,수면·건강상식,수면의 질과 피로,브랜드 지원 스토리형 진입,수면·수면의 질·피로·독서·출판사 지원,FMT-SPONSORED-BOOK-SLEEP-QUALITY-001,H6 상황극·스킷,잠은행 있었으면 고정금리 풀대출 받는 건데...,수면 부족 비유→책 소개→수면의 질 개선 제안→추천 CTA,대출 비유 자막·책 실물·상황극 톤,약사 토킹헤드·책 소개 릴스,45-60초,미확인,미조사,미측정,검토,내용·형식,김주성·오약·선영·공용,B,,수면 시간을 늘릴 수 없을 때 수면의 질을 높이는 방법을 책 지원 콘텐츠로 소개,잠을 대출에 빗댄 유머가 책 추천과 피로 고민을 연결해 시청자의 공감과 클릭을 유도했을 가능성(가설),잠을 빚처럼 느끼는 사람에게 / 수면 시간을 못 늘리면 무엇을 바꿀까 / 약사가 읽은 수면의 질 책,,,검토,배정 재판정(콘텐츠 전환): 김주성·오약·선영·공용; 근거=선영 허용 범위,2026-08-05T09:48:07.077Z,DbRflVwTvzf.jpg,미달,"10만~ 구간(배수 0.56/4, 조회수 2938/1백만)"
DONG-Da5B14-mrcO,2026-08-04T23:46:02+09:00,E1,donggong_yak,동공이 약사,14.5만,국내 약사 인플루언서,,2026-07-17,19,https://www.instagram.com/donggong_yak/p/Da5B14-mrcO/,Da5B14-mrcO,캐러셀,,,5969,91,,,,,,0.0152,3,광고·협찬,monami_official 계정과 함께 모나미 브랜드의 153 의미를 설명하는 공동 게시물로 보이며 가격·판매 문구는 확인하지 못함,브랜드·건강상식,모나미 153 숫자 브랜드 스토리,브랜드 미스터리 스토리형 진입,모나미·153·브랜드 스토리·숫자·문구,FMT-BRAND-MYSTERY-STORY-001,H10 개인고백,이거 사실 고3 때 찾았는데,개인 기억→브랜드 숫자 미스터리→댓글 추리·공감→마무리,댓글 추리·숫자 그래픽·브랜드 태그,브랜드 공동 캐러셀,45-60초,미확인,미조사,미측정,검토,내용·형식,김주성·오약·선영·공용,B,,고3 때부터 알고 있던 모나미 153의 의미를 브랜드 이야기와 댓글 추리로 풀어냄,개인 경험과 숫자 미스터리를 결합해 브랜드 정보를 퀴즈처럼 소비하게 만들었을 가능성(가설),이 숫자에 이런 뜻이 있었다고? / 약국 제품의 숫자에도 이유가 있을까 / 브랜드 숫자를 퀴즈로 풀어보기,,,검토,배정 재판정(콘텐츠 전환): 김주성·오약·선영·공용; 근거=선영 허용 범위,2026-08-05T09:48:19.809Z,Da5B14-mrcO.jpg,판정불가(지표없음),조회수·배수 없음
SALT-Dbf1mJkzW5M,2026-08-05T00:55:23+09:00,E1,salt.yaksa,소금약사 | 정소민,3.5만,국내 약사 인플루언서,,2026-08-01,4,https://www.instagram.com/salt.yaksa/reel/Dbf1mJkzW5M/,Dbf1mJkzW5M,릴스,51,2120,90,17,6930,0.31,0.042453,0.042453,1,0.1889,1,불명,캡션에 제품명·광고 표기 없음; 프로필에는 마켓 링크와 공구 안내가 있어 판정 불명,수면·영양,증상별 수면 성분 유효용량,증상 매칭형 진입,멜라토닌·마그네슘·테아닌·GABA·감태추출물·수면·유효용량,FMT-SLEEP-DOSE-MATCH-001,H4 질문,밤마다 뒤척이느라 힘드셨죠?,수면 문제 제시→5개 성분·유효용량 매칭→함량 확인 CTA,성분 번호·용량 숫자·저장 CTA,약사 설명 릴스,45-60초,미확인,미조사,미측정,검토,내용·형식,김주성·오약·선영·공용,B,,수면 문제를 증상별로 나누고 성분과 유효용량을 비교,증상과 숫자를 한 화면에 묶어 저장 행동을 유도했을 가능성(가설),잠드는 데 오래 걸릴 때;자주 깨는 사람의 성분 선택;수면 영양제 함량 확인,,,검토,배정 재판정(콘텐츠 전환): 김주성·오약·선영·공용; 근거=선영 허용 범위,2026-08-05T09:48:22.347Z,Dbf1mJkzW5M.jpg,미달,"1만~5만 구간(배수 0.31/6, 조회수 2120/10만)"
SALT-Dbdb7Lyz3K-,2026-08-05T00:55:23+09:00,E1,salt.yaksa,소금약사 | 정소민,3.5만,국내 약사 인플루언서,,2026-07-31,5,https://www.instagram.com/salt.yaksa/reel/Dbdb7Lyz3K-/,Dbdb7Lyz3K-,릴스,54.2,12543,144,19,6930,1.81,0.011481,0.042453,0.2704,0.1319,1,불명,캡션에 제품명·광고 표기 없음; 프로필에는 마켓 링크와 공구 안내가 있어 판정 불명,피부·건강상식,피부에 좋지 않은 생활상황 5가지,순위형 진입,뜨거운 물 샤워·당독소·흡연·자외선·수면 부족·피부장벽·광노화,FMT-SKIN-WORST-RANKING-001,H3 숫자·랭킹,피부에 최악인 의외의 상황 5가지,5위→1위 카운트다운→피부 노화 설명→수면 CTA,순위 숫자·피부 장벽·AGEs 자막,약사 설명 릴스,45-60초,미확인,미조사,미측정,검토,내용·형식,오약·선영,B,,피부에 부담을 주는 생활 상황을 순위로 설명,의외의 순위와 생활 습관 예시가 저장·공유를 유도했을 가능성(가설),피부를 늙게 하는 생활습관 5가지;뜨거운 물 샤워가 건조한 이유;수면 부족과 피부 회복,,,검토,배정 재판정(콘텐츠 전환): 오약·선영; 근거=뷰티는 김주성 불가; 선영 허용 범위,2026-08-05T09:48:23.627Z,Dbdb7Lyz3K-.jpg,미달,"1만~5만 구간(배수 1.81/6, 조회수 1.3만/10만)"
SALT-Dbasl3VTGLs,2026-08-05T00:55:23+09:00,E1,salt.yaksa,소금약사 | 정소민,3.5만,국내 약사 인플루언서,,2026-07-30,6,https://www.instagram.com/salt.yaksa/reel/Dbasl3VTGLs/,Dbasl3VTGLs,릴스,64.4,33971,1217,65,6930,4.9,0.035825,0.042453,0.8439,0.0534,1,불명,캡션에 특정 제품·광고 표기 없음; 개인 경험형 영양제요법과 프로필 마켓 링크가 있어 판정 불명,스트레스·수면·웰니스,번아웃 회복 생활요법과 영양제,개인고백형 진입,번아웃·워커홀릭·암흑샤워·디지털차단·브레인덤프·테아닌·마그네슘·홍경천,FMT-BURNOUT-RECOVERY-3STEP-001,H10 개인고백,번아웃과 워커홀릭이 저를 뜻했어요,개인 고백→생활요법 3가지→영양제 3가지→위로 CTA,체크리스트·생활 장면·성분명 자막,약사 설명 릴스,45-60초,미확인,미조사,미측정,검토,내용·형식,김주성·오약·선영·공용,B,,번아웃 경험에서 생활요법과 영양제 루틴을 연결,개인 고백과 바로 따라 할 수 있는 체크리스트가 공감과 저장을 유도했을 가능성(가설),번아웃 신호를 낮추는 저녁 루틴;퇴근 후 뇌를 쉬게 하는 3가지;약사가 제안하는 회복 루틴,,,검토,배정 재판정(콘텐츠 전환): 김주성·오약·선영·공용; 근거=선영 허용 범위,2026-08-05T09:48:24.927Z,Dbasl3VTGLs.jpg,미달,"1만~5만 구간(배수 4.9/6, 조회수 3.4만/10만)"
GGULYAKSA-DXEOAs8kcU-,2026-08-05T15:58:16.887Z,E2-게이트후보,ggul_yaksa,꿀약사 · 건강 꿀팁,1014,국내 약사 인플루언서,국내,2026-04-13,115,https://www.instagram.com/ggul_yaksa/reel/DXEOAs8kcU-/,DXEOAs8kcU-,릴스,,79000,259,13,,,0.003278,,,0.0502,0,광고아님,캡션에 광고 표기 없음,생활습관,다이어트 중 음주,혈당·인슐린 기준 주종 비교,에탄올·당류·탄수화물·인슐린,,목록형,다이어트 중 살 안 찌는 주종 TOP5,문제 제기→TOP5 순위→믹서 주의사항→공유 CTA,순위 번호·주의 이모지,,,,,,,내용·형식,오약·선영,B,,다이어트 중 술자리에서 고를 주종을 당류·탄수화물·인슐린 자극 기준으로 비교,"상황형 질문과 TOP5 순위, 구체적인 선택 기준, 공유 CTA를 결합함","다이어트 중 술자리, 이 순서만 보세요;술보다 더 무서운 믹서의 당;약사가 고른 덜 부담되는 주종 5개",,,검토,"2026-08-06 공개 게시물 재확인: og 메타 좋아요 259·댓글 13·게시일 2026-04-13. 릴스 목록에서 조회수 79,000 확인. 캡션에 광고 표기 없음. 영상 길이·계정평소좋아요율은 공개값 미확인.",2026-08-06T04:00:26.900Z,DXEOAs8kcU-.jpg,통과,"1만 미만 구간(배수 8.61/8, 조회수 7.9만/3만)"
MANYJJJUYAKS-DbU7fWtzX1P,2026-08-05T15:45:06.292Z,E2-게이트후보,manyjjju_yaksa,마니쭈 약사👩🏻‍⚕️ 손은주 | 다이어트 • 저속노화,5766,국내 약사 인플루언서,국내,2026-07-27,10,https://www.instagram.com/manyjjju_yaksa/reel/DbU7fWtzX1P/,DbU7fWtzX1P,릴스,,304000,1282,31,,,0.004217,,,0.0242,0,광고아님,캡션에 광고 표기 없음,약물안전,비염 항히스타민제 선택,졸림 적은 알레르기약 비교,알레그라·알러샷·알지렉스·지르텍·노스크린·항히스타민제,,목록형,안 졸린 비염약이 부동의 1등이라고 생각합니다,전제 제시→알레르기약 순위 비교→DM CTA,제품명 목록·순위 비교,,,,,,,내용·형식,김주성·오약·선영,B,,졸림이 적은 알레르기약을 제품명과 함께 비교해 비염약 선택 기준을 제시,졸림이라는 명확한 선택 기준과 제품명 목록을 함께 제시함,"운전 전 피해야 할 비염약;항히스타민제 5개, 졸림 차이는?;먹고 졸린 비염약, 성분이 문제일까?",,,검토,"2026-08-06 공개 게시물 재확인: og 메타 좋아요 1,282·댓글 31·게시일 2026-07-27. 릴스 목록에서 조회수 304,000 확인. 캡션에 광고 표기 없음. 영상 길이·계정평소좋아요율은 공개값 미확인.",2026-08-06T04:00:26.900Z,DbU7fWtzX1P.jpg,통과,"1만 미만 구간(배수 46.10/8, 조회수 30.4만/3만)"
PHARMACISTBI-DbFAHXjJ8Kd,2026-08-05T15:55:48.754Z,E2-게이트후보,pharmacist_bin,약사 안효빈,1609,국내 약사 인플루언서,국내,2026-07-21,16,https://www.instagram.com/pharmacist_bin/reel/DbFAHXjJ8Kd/,DbFAHXjJ8Kd,릴스,,58000,315,19,,,0.005431,,,0.0603,0,광고아님,캡션에 광고 표기 없음,약물안전,약 복용 후 음주,약물·음주 상호작용 위험,멀미약·수면유도제·타이레놀·감기약·간손상·호흡억제,,질문형,약 먹고 얼마나 뒤에 술 마실 수 있어요?,질문 제시→위험 조합 3개 요약→여행 전 확인 CTA,체크리스트·경고 이모지,,,,,,,내용·형식,김주성·오약·선영,B,,멀미약·수면유도제·타이레놀·감기약과 술을 함께 먹을 때의 위험을 짧게 정리,여행·휴가철의 즉시성 높은 질문에 약물별 위험을 체크리스트로 제시함,"약 먹고 몇 시간 뒤에 술 마셔도 될까?;타이레놀·수면제·멀미약, 술과 만나면;여행 전 약 봉투에서 이 성분부터 확인",,,검토,"2026-08-06 공개 게시물 재확인: og 메타 좋아요 315·댓글 19·게시일 2026-07-21. 릴스 목록에서 조회수 58,000 확인. 캡션에 광고 표기 없음. 영상 길이·계정평소좋아요율은 공개값 미확인.",2026-08-06T04:00:26.900Z,DbFAHXjJ8Kd.jpg,통과,"1만 미만 구간(배수 18.08/8, 조회수 5.8만/3만)"
ALPACAYAKSA-C_acRdkpjat,2026-08-05T15:24:10.758Z,E2-게이트후보,alpaca_yaksa,알파카약사 | 윤유현 | 영양제·건강 상담,61000,국내 약사 인플루언서,국내,2024-08-29,707,https://www.instagram.com/alpaca_yaksa/reel/C_acRdkpjat/,C_acRdkpjat,릴스,,6780000,41000,46000,,,0.006047,,,1.1220,1,불명,제품 추천 목록과 댓글 키워드→DM 자료 제공 CTA가 있으나 캡션 광고 표기는 없음.,피부·뷰티,품절대란 약국 뷰티템 7종,제품명·성분·사용 목적을 목록으로 비교,PDRN·EGF·아젤리아·스티모린·세비타비겔·후시딘겔·마데카솔겔,,목록형,품절대란 약국 뷰티템 TOP7,TOP7 목록→제품별 특징·사용 목적→댓글 키워드 DM CTA,순위 숫자·제품명 자막·제품 이미지,,,,,,,내용·형식,선영,B,,약국에서 구할 수 있는 뷰티 제품 7종을 성분과 사용 목적 중심으로 비교한 목록형 릴스,"품절대란이라는 긴급성, 구체적인 제품명, 댓글 키워드 자료 제공 CTA를 결합했다.",약사가 고른 약국 뷰티템 7개; 이 성분은 어디에 쓰나요; 피부 고민별 약국템 비교,,,검토,"OG에서 2024-08-29, 조회수 6,780,000, 좋아요 41,000, 댓글 46,000 확인. 캡션에 광고 표기는 없지만 제품 추천과 댓글 키워드 DM 자료 제공이 있어 광고 판정은 불명.",2026-08-06T04:20:00.000Z,C_acRdkpjat.jpg,통과,"5만~10만 구간(배수 502.22/5, 조회수 678만/30만, 팔로워 6.1만)"
DDIBYAKSA-DSjLo3qEj_-,2026-08-05T15:29:29.500Z,E2-게이트후보,ddib_yaksa,띱약사 조연서 | 영양제 • 이너뷰티 약사,27000,국내 약사 인플루언서,국내,2025-12-21,228,https://www.instagram.com/ddib_yaksa/reel/DSjLo3qEj_-/,DSjLo3qEj_-,릴스,,2340000,8206,573,,,0.003507,,,0.0698,0,광고아님,캡션에 광고 표기 없음. 증상 원리와 일반 대응 팁 중심.,약물안전,러너스 이치·콜린성 두드러기,운동 중 가려움의 원리와 예방·대응,러너스이치·콜린성두드러기·히스타민·항히스타민제·운동알레르기,,문제 해결형,"뛰기만 하면 가려운 이유, 러너스 이치",증상 제시→혈관·신경·히스타민 원리→생활 대응과 항히스타민제 팁,증상 키워드 강조·원인 단계 자막·대응 팁 카드,,,,,,,내용·형식,김주성·오약·선영,B,,"운동할 때 발생하는 러너스 이치와 콜린성 두드러기의 발생 원리, 보습·환기·항히스타민제 대응을 설명한 릴스",낯선 증상명을 먼저 제시하고 원인과 실천 팁을 짧게 연결해 검색·저장 수요를 만든다.,운동만 하면 가려운 사람 체크; 땀날 때 두드러기가 나는 이유; 운동 전 약을 먹어도 되나요,,,검토,"OG에서 2025-12-21, 조회수 2,340,000, 좋아요 8,206, 댓글 573 확인. 캡션에 광고 표기 없음.",2026-08-06T04:20:00.000Z,DSjLo3qEj_-.jpg,통과,"1만~5만 구간(배수 34.41/6, 조회수 234만/10만, 팔로워 2.7만)"
HAYUPHARMACI-DanMzctNKQ2,2026-08-05T15:25:53.145Z,E2-게이트후보,hayu_pharmacist,하유약사 | 이지영 | 염증 & 혈당,54000,국내 약사 인플루언서,국내,2026-07-10,27,https://www.instagram.com/hayu_pharmacist/reel/DanMzctNKQ2/,DanMzctNKQ2,릴스,,2245000,20000,111,,,0.008909,,,0.0056,0,광고아님,"캡션에 NO광고를 명시했고, 제품 비교 정보 중심.",약물안전,인공눈물 순위와 렌즈 호환,렌즈 착용 가능 여부·보습력·성분 비교,인공눈물·렌즈·PDRN·히알루론산·보습인자·안구건조,,순위 비교형,"인공눈물 7위부터 1위까지, 렌즈 착용자는 꼭 확인",순위 공개→성분·보습력·렌즈 호환 비교→추천 대상 정리,순위 카운트다운·성분 자막·렌즈 아이콘,,,,,,,내용·형식,김주성·오약·선영,B,,인공눈물 7종을 보습 성분과 렌즈 착용 가능 여부로 비교한 순위형 릴스,소비자가 바로 고르기 어려운 제품군을 순위와 사용 조건으로 단순화했다.,렌즈 낀 채 넣어도 되는 인공눈물; 약사가 고른 안구건조템; PDRN 인공눈물은 누구에게 맞나요,,,검토,"OG에서 2026-07-10, 조회수 2,245,000, 좋아요 20,000, 댓글 111 확인. 캡션에 NO광고 명시.",2026-08-06T04:20:00.000Z,DanMzctNKQ2.jpg,통과,"5만~10만 구간(배수 43.59/5, 조회수 224.5만/30만, 팔로워 5.4만)"
YAKSANAM-DDZpK-WTpce,2026-08-05T15:27:43.388Z,E2-게이트후보,yaksa_nam,남약사 남기헌 l 임신·난임·출산,54000,국내 약사 인플루언서,국내,2024-12-10,604,https://www.instagram.com/yaksa_nam/reel/DDZpK-WTpce/,DDZpK-WTpce,릴스,,325000,1430,7155,,,0.004400,,,5.0035,1,불명,팔로우·댓글 키워드→정리본 DM 제공 CTA와 임신 성공 표현이 있으나 캡션 광고 표기는 없음.,여성건강,임신 준비와 영양제,임신 준비 정보를 하루 만에 훑는 체크리스트,임신준비·엽산·임신영양제·난임·출산,,체크리스트형,"임신 준비, 이것부터 챙기세요",임신 준비 질문→영양제·생활 체크리스트→댓글 키워드 DM CTA,체크리스트 자막·핵심 성분 강조·저장 CTA,,,,,,,내용·형식,오약·선영,B,,임신 준비 과정에서 확인할 영양제와 생활 정보를 체크리스트로 정리한 여성건강 릴스,구체적인 준비 단계와 댓글 키워드 자료 제공을 결합해 예비 부모의 저장·공유 수요를 자극한다.,임신 준비 한 달 전 체크리스트; 엽산은 언제부터 먹나요; 난임 준비에서 약사에게 가장 많이 묻는 질문,,,검토,"OG에서 2024-12-10, 조회수 325,000, 좋아요 1,430, 댓글 7,155 확인. 캡션에 팔로우·댓글 키워드→정리본 DM CTA와 '딱 하루 만에 임신 성공' 표현이 있어 광고 판정은 불명.",2026-08-06T04:20:00.000Z,DDZpK-WTpce.jpg,통과,"5만~10만 구간(배수 6.91/5, 조회수 32.5만/30만, 팔로워 5.4만)"
TIMEPHARM-DZwymy0xZ1F,2026-08-05T15:47:19.680Z,E2-게이트후보,timepharm,염혜진약사|타임팜|인생약사,5112,국내 약사 인플루언서,국내,2026-06-19,48,https://www.instagram.com/timepharm/reel/DZwymy0xZ1F/,DZwymy0xZ1F,릴스,,3117000,7566,133,,,0.002427,,,0.0176,0,광고아님,캡션에 광고 표기 없음. 약국 장비와 조제 과정 소개 중심.,약물안전,약국 조제 장비·조제 과정,약국 안쪽의 익숙하지 않은 장비를 소리와 장면으로 공개,약국기계·약국장비·PTP·알약분쇄기·처방전출력,,ASMR·비하인드형,"약국 ASMR, 소리 켜고 들어보세요",장비 소리 제시→장비별 역할 설명→고장 징후와 현장 반응,장비 클로즈업·소리 중심 편집·장비명 자막,,,,,,,형식,김주성,B,,PTP 포장기·알약 분쇄기·처방전 출력 장비를 약국 현장 ASMR과 짧은 설명으로 보여준 릴스,"약국 내부의 비공개성이 호기심을 만들고, 장비 소리와 작동 원리를 결합해 시청 지속을 유도한다.",약국에서 나는 소리의 정체; 약사가 매일 쓰는 장비 3가지; 알약은 약국에서 어떻게 가루가 되나요,,,검토,"OG에서 2026-06-19, 조회수 3,117,000, 좋아요 7,566, 댓글 133 확인. 의료 정보보다 약국 이야기·형식 레퍼런스로 채택.",2026-08-06T04:25:00.000Z,DZwymy0xZ1F.jpg,통과,"1만 미만 구간(배수 285.39/8, 조회수 311.7만/3만, 팔로워 5112)"
YOURHSIS-DaeBdcehd4H,2026-08-05T15:43:22.878Z,E2-게이트후보,yourhsis,약사동생,7710,국내 약사 인플루언서,국내,2026-07-05,32,https://www.instagram.com/yourhsis/reel/DaeBdcehd4H/,DaeBdcehd4H,릴스,,1582000,12000,378,,,0.007585,,,0.0315,0,광고아님,캡션에 광고 표기 없음. 번아웃 자가점검 중심.,정신건강·생활습관,번아웃 자가점검,해당 개수를 직접 세게 하는 질문형 자가점검,번아웃·정신건강·자가점검·직장인스트레스,,자가진단형,이 중 몇 개나 해당하세요?,질문 제시→증상 항목 나열→댓글 경험 공유,번호형 증상 자막·체크 유도·짧은 반복 컷,,,,,,,내용·형식,김주성·오약·선영,B,,번아웃 관련 증상 항목을 나열하고 해당 개수를 세게 만든 자가점검형 릴스,진단을 단정하지 않고 시청자가 자신의 상태를 항목별로 대입하게 해 댓글 참여를 만든다.,번아웃이 의심될 때 나타나는 신호; 쉬어도 회복되지 않는다면; 약사가 보는 스트레스 자가점검,,,검토,"OG에서 2026-07-05, 좋아요 표시 1.2만, 댓글 378 확인. 본문 하단 표시 날짜는 7월 7일로 보여 날짜 차이를 사람메모에 남김. 조회수 1,582,000은 후보 큐 기록 사용.",2026-08-06T04:25:00.000Z,DaeBdcehd4H.jpg,통과,"1만 미만 구간(배수 14.38/8, 조회수 158.2만/3만, 팔로워 7710)"
YAKGUIDE-DZFEzk5vLQt,2026-08-05T15:49:28.530Z,E2-게이트후보,yak_guide,별약사의 약슐랭가이드,2158,국내 약사 인플루언서,국내,2026-06-02,65,https://www.instagram.com/yak_guide/reel/DZFEzk5vLQt/,DZFEzk5vLQt,릴스,,883000,2726,85,,,0.003087,,,0.0312,1,불명,피부 성분 조합 설명과 함께 특정 세럼 제품명을 다수 제시했으나 캡션 광고 표기는 없음.,피부·뷰티,피부 성분 조합과 사용 순서,같이 쓰면 자극될 수 있는 성분 조합을 아침·저녁으로 분리,비타민C·레티놀·AHA·BHA·살리실산·나이아신아마이드·피부장벽,,금지 조합형,같이 쓰면 피부 뒤집어지는 조합 3가지,주의 조합 제시→자극 원리→사용 시간 분리→예시 제품 정보,조합별 경고 아이콘·성분명 자막·아침/저녁 색상 구분,,,,,,,내용·형식,선영,B,,비타민 C·레티놀·AHA/BHA·나이아신아마이드 조합의 주의점과 사용 시간을 정리한 피부 콘텐츠,성분 조합을 금지 목록처럼 보여주고 사용 시간을 나눠 제안해 저장과 제품 탐색을 유도한다.,같이 바르면 안 되는 피부 성분; 아침에 쓰는 성분과 밤에 쓰는 성분; 레티놀 초보 조합표,,,검토,"OG에서 2026-06-02, 조회수 883,000, 좋아요 2,726, 댓글 85 확인. 캡션에 제품명이 다수 포함되고 광고 표기는 없어 광고 판정은 불명.",2026-08-06T04:25:00.000Z,DZFEzk5vLQt.jpg,통과,"1만 미만 구간(배수 15.91/8, 조회수 88.3만/3만, 팔로워 2158)"
YAKSAHWANGHA-DZ7ILajPZlE,2026-08-05T15:51:59.451Z,E2-게이트후보,yaksa_hwanghaeyeon_,황해연 푸드닥터,2121,국내 약사 인플루언서,국내,2026-06-23,44,https://www.instagram.com/yaksa_hwanghaeyeon_/reel/DZ7ILajPZlE/,DZ7ILajPZlE,릴스,,170000,1058,42,,,0.006224,,,0.0397,0,광고아님,제품 판매 CTA나 광고 표기 없이 약물·다이어트 주제 설명 중심.,약물안전·다이어트,위고비·마운자로 효과 저하,약물 다이어트 효과가 줄어드는 이유를 질문형으로 제시,위고비·마운자로·GLP-1·체중감량·인슐린저항성·요요,,질문·이유 설명형,위고비나 마운자로가 시간이 지날수록 덜 듣는 이유,효과 저하 질문→약물·체중 변화 설명→댓글 반응 유도,약물명 강조·시간 경과 표현·질문형 자막,,,,,,,내용·형식,오약·선영,B,,위고비와 마운자로의 체중감량 효과가 시간이 지나며 줄어드는 이유를 다룬 약물·다이어트 릴스,사용자가 실제로 겪는 효과 저하 질문을 제목에 그대로 올려 약물 정보 탐색 수요를 만든다.,다이어트 주사 효과가 줄었다면 확인할 것; GLP-1 약물은 왜 plateau가 오나요; 중단 후 요요를 줄이는 방법,,,검토,"OG에서 2026-06-23, 조회수 170,000, 좋아요 1,058, 댓글 42 확인. 제품 판매·광고 표기 없음. 캡션 본문 확인 범위가 짧아 구체적 의학 근거는 사람 검토에서 재확인.",2026-08-06T04:25:00.000Z,DZ7ILajPZlE.jpg,통과,"1만 미만 구간(배수 181.14/8, 조회수 17만/3만, 팔로워 2121)"
SANIANDHAENG-DQln2-mkh0P,2026-08-05T16:16:05.396Z,E2-게이트후보,sani_and_haeng,사니엘블랑 𝑠𝑎𝑛𝑖 𝐿 / 르메이엘 𝑙𝑒 𝑚𝑒𝑖𝑙𝑙,212000,국내 메디컬 인접 계정,국내,2025-11-03,276,https://www.instagram.com/sani_and_haeng/reel/DQln2-mkh0P/,DQln2-mkh0P,릴스,,,1553375,539,,,,,,0.0003,0,광고아님,캡션에 광고 표기 없음. 제품 사용 장면 중심이나 협찬 문구는 확인되지 않음.,피부·뷰티,마스크팩·친구들과 함께하는 제품 사용,비행기 안의 공통 상황을 친구들과 제품 사용 장면으로 확장,"마스크팩, 비행기, 친구, 공동 사용, 피부관리",,상황극·반전,비행기에서 마스크팩을 하는 사람보다 진짜 빌런은 따로 있다,비행기 안 시선 집중 상황 제시 → 제품 사용 장면 → 친구들이 함께 참여하는 반전,"표정 중심 빠른 컷, 상황 자막, 제품 사용 장면 반복",,,,,,,콘텐츠·형식,선영,B,,비행기 안에서 혼자 마스크팩을 하던 인물이 친구들에게 제품을 나눠주며 함께 사용하는 상황극형 피부·뷰티 콘텐츠,낯선 장소의 시선과 친구 관계의 반응을 제품 사용 장면에 결합해 제품 설명보다 공유 욕구와 웃음을 먼저 만든다.,"촬영 장소의 시선을 끄는 행동으로 시작하고, 동료가 따라 하며 제품 사용 장면이 자연스럽게 확장되는 구조",,,검토,"2026-08-06 재방문. 페이지 JSON에서 좋아요 1,553,375, 댓글 539, view_count=null 확인. 하단 155.3만은 조회수가 아니라 좋아요 수로 확인되어 조회수·배수·좋아요율은 빈칸 유지. 후보 큐의 예상 조회수는 사용하지 않음.",2026-08-05T19:40:00.000Z,DQln2-mkh0P.jpg,판정불가(지표없음),"페이지 JSON에서 view_count=null 확인. 좋아요 1,553,375·댓글 539만 공개되어 조회수 게이트 판정 불가."
DRWONGU-DOvJdTJkoyY,2026-08-05T16:25:27.326Z,E2-게이트후보,dr.wongu,닥터원구의 K-beauty l 그대고운피부과 대표원장 이원구,36000,국내 메디컬 인접 계정,국내,2025-09-18,322,https://www.instagram.com/dr.wongu/reel/DOvJdTJkoyY/,DOvJdTJkoyY,릴스,,,230412,704,,,,,,0.0031,0,광고아님,캡션에 광고 표기나 제품 판매 CTA 없음. 병원 내부 공감 상황극 중심.,피부·뷰티,피부과 직장 공감·회의 전 스트레칭,병원 내부의 졸음 상황을 직장인 공감과 댓글 유도로 전환,"피부과, 직장인, 회의, 졸음, 스트레칭, 공감",,공감 질문·상황극,점심 먹고 회의에 들어오면 졸아봤다 vs 아니다,공감 질문 → 원장과 직원의 짧은 상황극 → 태그·댓글 참여 유도,"대사 중심 짧은 컷, 표정 리액션, 한국어·영어 자막 병기",,,,,,,형식,선영,B,,피부과 회의에서 졸음이 오는 상황을 원장과 직원의 짧은 연기로 보여주고 시청자에게 경험을 묻는 공감형 릴스,의료 지식 전달 없이도 병원 내부의 실제 공간과 직장인 공감 질문만으로 댓글 참여를 만든다.,"약국·진료실의 실제 업무 장면에서 누구나 겪는 실수를 먼저 보여주고, 마지막에 시청자 경험을 묻는 짧은 스킷",,,검토,"2026-08-06 재방문. 페이지 JSON에서 좋아요 230,412, 댓글 704, view_count=null 확인. 하단 23만은 조회수가 아니라 좋아요 수로 확인되어 조회수·배수·좋아요율은 빈칸 유지. 후보 큐의 예상 조회수는 사용하지 않음.",2026-08-05T19:40:00.000Z,DOvJdTJkoyY.jpg,판정불가(지표없음),"페이지 JSON에서 view_count=null 확인. 좋아요 230,412·댓글 704만 공개되어 조회수 게이트 판정 불가."
MEDICALNEWSR-DPD1s_mDznh,2026-08-05T16:16:05.577Z,E2-게이트후보,medical_newsroom,메디컬뉴스룸,185000,국내 메디컬 인접 계정,국내,2025-09-26,314,https://www.instagram.com/medical_newsroom/reel/DPD1s_mDznh/,DPD1s_mDznh,릴스,,,10152,435,,,,,,0.0428,0,광고아님,역사 자료 설명 중심이며 제품 판매·협찬 CTA 없음.,생활습관,여성 체형 관리의 역사·슬리밍 기구,과거의 체형 관리 도구를 역사 자료와 현재 시청자의 시선으로 비교,"여성건강, 체형관리, 슬리밍머신, 역사자료, 피트니스",,과거 자료·의외성,1941년 여성 전용 체육관에는 지금과 전혀 다른 운동 기구가 있었다,시대·장소 제시 → 아카이브 영상 → 당시의 미용·체형 기준 설명 → 현재와 비교,"기록 영상 중심, 짧은 설명 자막, 역사적 맥락을 덧붙이는 내레이션",,,,,,,형식,오약·선영,B,,1941년 여성 전용 체육관의 진동 벨트와 나무 롤러를 보여주며 당시의 체형 관리 인식과 현재의 운동 문화를 비교하는 아카이브형 릴스,낯선 과거 자료를 먼저 보여준 뒤 당시의 건강·미용 인식을 설명해 시청자가 역사와 현재를 비교하게 만든다.,"약국·건강관리의 과거 도구나 오래된 광고 자료를 먼저 보여주고, 현재 기준에서 무엇이 달라졌는지 설명하는 아카이브 포맷",,,검토,"2026-08-06 재방문. 페이지 JSON에서 좋아요 10,152, 댓글 435, view_count=null 확인. 하단 1만은 조회수가 아니라 좋아요 수로 확인되어 조회수·배수·좋아요율은 빈칸 유지. 후보 큐의 예상 조회수는 사용하지 않음.",2026-08-05T19:40:00.000Z,DPD1s_mDznh.jpg,판정불가(지표없음),"페이지 JSON에서 view_count=null 확인. 좋아요 10,152·댓글 435만 공개되어 조회수 게이트 판정 불가."
DRHAIRLEE-DWfGKskksK9,2026-08-05T16:30:12.014Z,E2-게이트후보,dr.hair_lee,압구정 헤어닥터 이건민,21000,국내 메디컬 인접 계정,국내,2026-03-29,130,https://www.instagram.com/dr.hair_lee/reel/DWfGKskksK9/,DWfGKskksK9,릴스,,,12769,603,,,,,,0.0472,0,광고아님,제품 판매·협찬 CTA 없이 음식·생활습관 설명과 공유 요청 중심.,피부·생활습관,탈모·음식 선택,음식 목록을 두피 고민과 연결해 순위형으로 설명,"탈모, 두피, 음식, DHT, 혈당, 생활습관",,TOP5 순위형,머리에 제일 안 좋은 음식 TOP5,5위부터 1위까지 음식 제시 → 두피·호르몬 관련 설명 → 공유 CTA,"순위 숫자 고정, 음식별 한 줄 근거, 짧은 자막 전환",,,,,,,내용·형식,선영,B,,감자튀김·과일주스·치킨·가공육·탄산음료를 탈모 고민과 연결해 순위형으로 설명하는 두피 건강 릴스,익숙한 음식 목록을 순위와 짧은 이유로 쪼개 시청자가 끝까지 확인하게 만들고 공유 행동까지 연결한다.,"탈모·피부 고민자가 자주 묻는 음식이나 생활습관을 TOP5로 정리하되, 각 항목의 근거 수준을 분리해 표시",,,검토,"2026-08-06 재방문. 페이지 JSON에서 좋아요 12,769, 댓글 603, view_count=null 확인. 조회수·배수·좋아요율은 빈칸 유지. 음식과 탈모 연결 근거는 별도 사실검증 필요.",2026-08-05T19:45:00.000Z,DWfGKskksK9.jpg,판정불가(지표없음),"게시물 view_count=null, 팔로워 2.1만·계정중앙조회수 2.3만. 공개 조회수 부재로 배수 산출 불가."
KUMEDICINEOF-DaexmcFgIJ8,2026-08-05T16:33:52.881Z,E2-게이트후보,kumedicine_official,고려대학교병원,18000,국내 메디컬 인접 계정,국내,2026-07-06,31,https://www.instagram.com/kumedicine_official/reel/DaexmcFgIJ8/,DaexmcFgIJ8,릴스,,,6924,734,,,,,,0.1060,0,광고아님,병원 공식 의학정보 설명 중심이며 특정 상품 판매·협찬 CTA 없음.,생활습관,치핵 수술과정·질환 설명,막연한 수술 불안을 단계별 시각 정보로 분해,"치핵, 치질, 수술과정, 혈관결찰, 질환정보",,의학백과·단계형,막연하게 두려운 치핵 수술은 어떻게 진행될까요,상태 확인 → 비정상 조직 절개 → 혈관 결찰·절제 → 조직 제거 → 마무리,"단계 숫자 고정, 수술 부위 도식·자막, 순서별 짧은 설명",,,,,,,내용·형식,김주성·오약·선영,B,,치핵 수술 과정을 5단계로 나누어 각 단계의 목적을 설명하는 병원 공식 의학백과형 릴스,환자가 막연하게 두려워하는 수술을 순서와 목적 단위로 쪼개 불안을 낮추고 저장 가치를 만든다.,"약국에서 자주 묻는 증상·처치 과정을 단계별 카드와 짧은 설명으로 나누고, 진료가 필요한 기준을 마지막에 덧붙이는 구조",,,검토,"2026-08-06 재방문. 페이지 JSON에서 좋아요 6,924, 댓글 734, view_count=null 확인. 조회수·배수·좋아요율은 빈칸 유지.",2026-08-05T19:45:00.000Z,DaexmcFgIJ8.jpg,판정불가(지표없음),"게시물 view_count=null, 팔로워 1.8만·계정중앙조회수 1.4만. 공개 조회수 부재로 배수 산출 불가."
MFDSKOREA-C4xTx_euyKQ,2026-08-05T16:21:06.606Z,E2-게이트후보,mfdskorea,식품의약품안전처 (식약처),55000,국내 메디컬 인접 계정,국내,2024-03-21,868,https://www.instagram.com/mfdskorea/reel/C4xTx_euyKQ/,C4xTx_euyKQ,릴스,,,225,3,,,,,,0.0133,0,광고아님,정부기관 공공상담 안내이며 특정 상품 광고·판매 CTA 없음.,약물안전,마약류 중독 상담 1342,처벌 중심의 오해를 치료·사회재활 상담으로 전환,"마약중독, 약물오남용, 중독상담, 1342, 사회재활",,오해 교정·번호 기억,마약 중독의 고리를 끊는 네 자리 번호,오해 질문 → 반박 → 상담센터 역할 → 1342 번호 반복,"X 표시와 숫자 그래픽, 전화번호 반복, 짧은 공공 캠페인 자막",,,,,,,내용·형식,김주성·오약·선영,B,,마약류 중독을 처벌 문제가 아니라 치료·사회재활 문제로 설명하고 1342 상담번호를 각인시키는 식약처 릴스,시청자가 가진 오해를 첫 질문으로 꺼낸 뒤 반박과 전화번호를 짧게 반복해 실제 상담 행동으로 연결한다.,"약물 오남용에 관한 흔한 오해를 질문으로 시작하고, 바로잡은 원칙과 상담·진료 경로를 한 번호로 마무리",,,검토,"2026-08-06 재방문. 페이지 JSON에서 좋아요 225, 댓글 3, view_count=null 확인. 조회수·배수·좋아요율은 빈칸 유지.",2026-08-05T19:52:00.000Z,C4xTx_euyKQ.jpg,판정불가(지표없음),"게시물 view_count=null, 팔로워 5.5만·계정중앙조회수 2,909. 공개 조회수 부재로 배수 산출 불가."
SEOULACEHOSP-DTg2oEhAIJH,2026-08-05T17:51:58.222Z,E2-게이트후보,seoulacehospital,서울에이스병원,563,국내 메디컬 인접 계정,국내,2026-01-14,204,https://www.instagram.com/seoulacehospital/reel/DTg2oEhAIJH/,DTg2oEhAIJH,릴스,,,4686,135,,,,,,0.0288,0,광고아님,병원 공식 안전정보 설명 중심이며 특정 상품 광고·판매 CTA 없음.,생활습관,스키장 추돌 사고 예방,사고 장면의 위험 요인을 세 가지 행동 수칙으로 변환,"스키장, 추돌사고, 안전수칙, 속도조절, 부상예방",,위험 장면·경고형,스키장에서 제일 위험한 타이밍,위험 장면 제시 → 사고 원인 설명 → 쉬는 위치·코스·속도 수칙 3개,"위험 표시, 사고 장면 반복, 체크리스트 자막",,,,,,,내용·형식,선영,B,,스키장 슬로프 중앙 정지와 속도조절 실패가 추돌 사고로 이어지는 과정을 보여주고 세 가지 안전수칙을 제시하는 병원 릴스,실제 사고 위험 장면으로 주의를 끈 뒤 행동 가능한 수칙을 체크리스트로 제시해 저장 이유를 만든다.,"생활 속 부상 위험 장면을 먼저 보여주고, 하지 말아야 할 행동과 바로 실행할 안전수칙을 세 줄로 정리",,,검토,"2026-08-06 재방문. 페이지 JSON에서 좋아요 4,686, 댓글 135, view_count=null 확인. 조회수·배수·좋아요율은 빈칸 유지.",2026-08-05T19:52:00.000Z,DTg2oEhAIJH.jpg,판정불가(지표없음),"게시물 view_count=null, 팔로워 563·계정중앙조회수 942. 공개 조회수 부재로 배수 산출 불가."
HEALTHINNEWS-DRO_QtRkZZH,2026-08-05T16:38:32.067Z,E2-게이트후보,health_in_news,헬스인뉴스 health_in_news,11000,국내 메디컬 인접 계정,국내,2025-11-19,260,https://www.instagram.com/health_in_news/reel/DRO_QtRkZZH/,DRO_QtRkZZH,릴스,,,7568,80,,,,,,0.0106,0,광고아님,건강정보·진료과 안내 중심이며 특정 병원 상품 판매 CTA 없음.,건강·자가점검,증상별 진료과 선택,어디가 불편한지에서 맞는 진료과를 찾는 저장형 안내,"증상, 진료과, 내과, 외과, 건강정보, 병원선택",,저장형 체크리스트,증상에 맞는 진료과를 정확히 선택하는 것이 첫걸음,문제 제시 → 증상별 진료과 매칭 → 저장·팔로우 CTA,"증상별 카드 전환, 진료과명 강조, 저장 아이콘 CTA",,,,,,,내용·형식,김주성·오약·선영,B,,어떤 증상일 때 어느 진료과를 찾아야 하는지 한눈에 정리해 저장을 유도하는 건강정보 릴스,검색 전에 반복해서 참고할 수 있는 실용 정보를 증상과 진료과의 대응표로 압축한다.,약국 상담에서 자주 나오는 증상을 진료 필요 여부와 다음 행동으로 나누어 저장형 카드로 제작,,,검토,"2026-08-06 재방문. 페이지 JSON에서 좋아요 7,568, 댓글 80, view_count=null 확인. 조회수·배수·좋아요율은 빈칸 유지.",2026-08-05T19:52:00.000Z,DRO_QtRkZZH.jpg,판정불가(지표없음),"게시물 view_count=null, 팔로워 1.1만·계정중앙조회수 465. 공개 조회수 부재로 배수 산출 불가."
OKHIRA-DauIm_OHOqc,2026-08-05T16:28:27.980Z,E2-게이트후보,ok_hira,건강보험심사평가원,34000,국내 메디컬 인접 계정,국내,2026-07-12,25,https://www.instagram.com/ok_hira/reel/DauIm_OHOqc/,DauIm_OHOqc,릴스,,,85,1,,,,,,0.0118,0,광고아님,공공기관 지역의료 안내이며 특정 상품 광고·판매 CTA 없음.,생활습관,지역의료·좋은 병원 찾기,지역의료 이야기를 영화 예고편과 쿠키 영상으로 포장,"지역의료, 동네병원, 좋은병원, 건강보험심사평가원, AI영상",,영화 예고편·쿠키,늘 곁에 있는 우리 동네 병원 히어로,영화 개봉 패러디 → 실제 사연 소개 → 엔딩 쿠키로 병원 찾기 팁 안내,"영화 예고편 자막, 내레이션, 엔딩 쿠키 분리",,,,,,,형식,선영,B,,동네 병원과 지역의료의 가치를 영화 예고편처럼 보여주고 엔딩 쿠키로 좋은 병원 찾기 정보를 안내하는 공공기관 릴스,"공공 안내를 딱딱한 설명 대신 익숙한 영화 문법으로 감싸고, 마지막 쿠키에 실용 정보를 배치한다.",약국·건강정보 안내를 예고편·쿠키·출연진 소개 같은 대중적 문법으로 포장해 마지막에 실용 팁을 남기는 구조,,,검토,"2026-08-06 재방문. 페이지 JSON에서 좋아요 85, 댓글 1, view_count=null 확인. 조회수·배수·좋아요율은 빈칸 유지.",2026-08-05T19:52:00.000Z,DauIm_OHOqc.jpg,판정불가(지표없음),"게시물 view_count=null, 팔로워 3.4만·계정중앙조회수 33,995.5. 공개 조회수 부재로 배수 산출 불가."
AKDSKINKR-C8wQ2jMR2Nc,2026-08-05T16:38:32.315Z,E2-게이트후보,akdskin_kr,대한피부과의사회,10000,국내 메디컬 인접 계정,국내,2024-06-28,769,https://www.instagram.com/akdskin_kr/reel/C8wQ2jMR2Nc/,C8wQ2jMR2Nc,릴스,,,189,4,,,,,,0.0212,0,광고아님,전문의 확인 기준 안내이며 특정 병원·상품 판매 CTA 없음.,피부·건강상식,피부과 전문의 확인,병원 방문 전 확인할 기준을 짧은 질문으로 제시,"피부과, 전문의, 피부건강, 병원선택, 진료정보",,질문형 체크,피부과 가기 전에 확인해야 할 이것은,방문 전 질문 제시 → 확인 기준 설명 → 전문의 해시태그,"질문 자막, 핵심 단어 강조, 짧은 정보 카드",,,,,,,내용·형식,선영,B,,피부과 방문 전에 피부과 전문의 여부를 확인해야 한다는 기준을 짧게 제시하는 피부 건강정보 릴스,진료 전 확인할 한 가지 기준을 질문형으로 던져 전문성 판단과 저장 행동을 동시에 유도한다.,약국·병원에 방문하기 전에 확인할 자격·상담 기준을 질문 하나와 체크리스트로 압축,,,검토,"2026-08-06 재방문. 페이지 JSON에서 좋아요 189, 댓글 4, view_count=null 확인. 조회수·배수·좋아요율은 빈칸 유지.",2026-08-05T19:58:00.000Z,C8wQ2jMR2Nc.jpg,판정불가(지표없음),"게시물 view_count=null, 팔로워 1만·계정중앙조회수 1,925.5. 공개 조회수 부재로 배수 산출 불가."
ANAMHOSPITAL-DbpT6GTT5t5,2026-08-05T17:21:38.730Z,E2-게이트후보,anamhospital,고려대학교 안암병원 ｜공식 인스타그램,2687,국내 메디컬 인접 계정,국내,2026-08-04,2,https://www.instagram.com/anamhospital/reel/DbpT6GTT5t5/,DbpT6GTT5t5,릴스,,,264,3,,,,,,0.0114,0,광고아님,병원 현장 소개·응원 중심이며 특정 상품 광고·판매 CTA 없음.,육아·건강,이른둥이·신생아 중환자실,작은 환자의 공간과 가족의 응원을 다큐멘터리 서사로 전달,"이른둥이, 신생아, NICU, 고위험신생아, 병원다큐",,다큐멘터리·응원형,조금 일찍 세상에 온 아기천사들,환자군 소개 → 중환자실 역할 설명 → 가족과 시청자의 응원 요청,"병원 공간 기록, 감정 자막, 응원 이모지와 짧은 내레이션",,,,,,,내용·형식,불가,B,,이른둥이와 고위험 신생아가 치료받는 NICU를 소개하고 가족의 응원을 요청하는 병원 다큐멘터리형 릴스,의료 공간을 직접 보여주되 환자와 가족의 내일을 응원하는 서사로 전문정보와 감정적 참여를 묶는다.,"육아 주제는 세 사람 배정에서 제외하고, 병원 현장 기록과 보호자에게 필요한 핵심 안내를 별도 공공 콘텐츠 포맷으로 활용",,,검토,"2026-08-06 재방문. 페이지 JSON에서 좋아요 264, 댓글 3, view_count=null 확인. 육아 콘텐츠이므로 세 사람 배정불가 규칙을 적용.",2026-08-05T19:58:00.000Z,DbpT6GTT5t5.jpg,판정불가(지표없음),"게시물 view_count=null, 팔로워 2,687·계정중앙조회수 732. 공개 조회수 부재로 배수 산출 불가."
BOMBITMEDICA-DbWwniMAceX,2026-08-05T16:42:26.008Z,E2-게이트후보,bombit_medical,봄빛병원,9393,국내 메디컬 인접 계정,국내,2026-07-28,9,https://www.instagram.com/bombit_medical/reel/DbWwniMAceX/,DbWwniMAceX,릴스,,,173,20,,,,,,0.1156,0,광고아님,의학박사 설명형 콘텐츠이며 특정 상품 광고·판매 CTA 없음.,여성건강·생활습관,임신 시기별 식사량·체중관리,임신 중 많이 먹어야 한다는 통념을 시기별 기준으로 설명,"임신, 식사량, 체중관리, 임신다이어트, 산부인과",,통념 질문·전문가 답변,임신 중 태아를 위해 음식을 많이 먹는 게 좋은가요,통념 질문 → 의학박사 답변 → 임신 시기별 식사량 설명,"질문 자막, 전문가 대담, 단계별 핵심 문장 강조",,,,,,,내용·형식,오약·선영,B,,임신 중 식사량을 무조건 늘려야 하는지 의학박사와 진행자가 묻고 답하는 여성건강 설명형 릴스,임신 중 흔한 통념을 질문으로 꺼낸 뒤 전문가 답변과 시기별 기준으로 불안을 줄인다.,"여성건강·다이어트 통념을 질문으로 시작하고, 약사나 의사가 시기·증상·진료 기준을 단계별로 설명",,,검토,"2026-08-06 재방문. 페이지 JSON에서 좋아요 173, 댓글 20, view_count=null 확인. 조회수·배수·좋아요율은 빈칸 유지.",2026-08-05T19:58:00.000Z,DbWwniMAceX.jpg,판정불가(지표없음),"게시물 view_count=null, 팔로워 9,393·계정중앙조회수 5,796. 공개 조회수 부재로 배수 산출 불가."
DRPARKSKIN-DaaFl_UuE4R,2026-08-05T16:31:43.300Z,E2-게이트후보,dr_park_skin,솔직한 의사 파크 | K-뷰티 | 영양제,18000,국내 메디컬 인접 계정,국내,2026-07-05,32,https://www.instagram.com/dr_park_skin/reel/DaaFl_UuE4R/,DaaFl_UuE4R,릴스,,,736,42,,,,,,0.0571,1,불명,제품 리뷰형이며 캡션에 광고·협찬 표기는 확인되지 않았지만 판매처와 제품 노출이 있어 사람 확인 필요.,피부·뷰티,다이소 뷰티템 비추천 리뷰,저가 뷰티 제품을 구매 전 경고 목록으로 비교,"다이소, 뷰티템, 피부관리, 비추천, 제품리뷰",,구매 경고형,다이소에서 아무거나 사지 마세요,구매 경고 → 제품별 비추천 이유 → 다음 편 예고,"제품 목록, 비추천 표시, 짧은 사용 판단 자막",,,,,,,내용·형식,선영,B,,다이소 뷰티 제품을 무작정 구매하지 말라는 경고로 시작해 비추천 제품을 비교하는 피부·뷰티 릴스,구매 직전의 불안과 호기심을 ‘비추천 목록’으로 묶어 제품 비교 시청과 다음 편 기대를 만든다.,"약국·건강용품 중 추천보다 주의가 필요한 제품을 구매 전 체크리스트로 비교하고, 근거와 사용상 주의를 함께 표시",,,검토,"2026-08-06 재방문. 페이지 JSON에서 좋아요 736, 댓글 42, view_count=null 확인. 조회수·배수·좋아요율은 빈칸 유지. 협찬 표기 여부는 추가 확인 필요.",2026-08-05T20:02:00.000Z,DaaFl_UuE4R.jpg,판정불가(지표없음),"게시물 view_count=null, 팔로워 1.8만·계정중앙조회수 1.5만. 공개 조회수 부재로 배수 산출 불가."
YONGSANINT-DF_oD7SSDcK,2026-08-05T17:03:03.914Z,E2-게이트후보,yongsanint,용산성모내과의원,3328,국내 메디컬 인접 계정,국내,2025-02-12,540,https://www.instagram.com/yongsanint/reel/DF_oD7SSDcK/,DF_oD7SSDcK,릴스,,,3924,50,,,,,,0.0127,0,광고아님,검진 정보 안내 중심이며 특정 상품 광고·판매 CTA 없음.,건강·자가점검,국가검진 추가 검사,국가검진만으로 놓칠 수 있는 검사 필요성을 질문형으로 제시,"국가검진, 건강검진, 위내시경, 대장내시경, 복부초음파",,추가 검사 제안형,국가 검진에 추가로 하면 좋은 검사,기본 검진의 한계 제시 → 추가 검사 항목 → 대상자별 확인 유도,"검사명 강조, 의사 말풍선, 짧은 체크리스트 자막",,,,,,,내용·형식,김주성·오약·선영,B,,국가검진에 더해 고려할 검사 항목을 내과 전문의가 설명하는 건강검진 안내 릴스,이미 알고 있는 국가검진을 출발점으로 추가 검사라는 빈틈을 제시해 시청자의 자기 점검을 유도한다.,약국 상담에서 놓치기 쉬운 검진·진료 신호를 기본 안내와 추가 확인 항목으로 나누어 체크리스트화,,,검토,"2026-08-06 재방문. 페이지 JSON에서 좋아요 3,924, 댓글 50, view_count=null 확인. 조회수·배수·좋아요율은 빈칸 유지.",2026-08-05T20:08:00.000Z,DF_oD7SSDcK.jpg,판정불가(지표없음),"게시물 view_count=null, 팔로워 3,328·계정중앙조회수 3,899.5. 공개 조회수 부재로 배수 산출 불가."
YOSHANCHUEN-DXNS1eXE3jM,2026-08-05T17:05:10.151Z,E2-게이트후보,yoshanchuen,행신 코리아약국,3021,국내 메디컬 인접 계정,국내,2026-04-16,112,https://www.instagram.com/yoshanchuen/reel/DXNS1eXE3jM/,DXNS1eXE3jM,릴스,,,1416,101,,,,,,0.0713,0,광고아님,약국 운영 경험 공유이며 특정 상품 광고·판매 CTA 없음.,약물안전,약국 소모품·재고 운영 일기,약품·소모품 가격 인상을 약사의 실제 운영 고민으로 전달,"약국운영, 재고, 타이레놀, 조제실, 약봉투, 약사일기",,현장 일기·사회 이슈,약국은 점점 소모품 전쟁이겠구나,새벽 뉴스·가격 인상 발견 → 약국 재고와 비용 고민 → 일정·대응 공유,"일기 자막, 날짜·가격 변동 강조, 감정 리액션",,,,,,,내용·형식,김주성·선영,B,,타이레놀과 약국 소모품 가격 인상을 약사의 재고 운영 고민과 함께 풀어낸 현장 일기형 릴스,약국 운영자의 실제 비용·재고 문제를 사회 이슈와 연결해 약사 직업의 현실성을 콘텐츠로 만든다.,약국에서 실제로 겪는 재고·배송·복약상담 상황을 날짜와 숫자 중심의 짧은 현장 일기로 기록,,,검토,"2026-08-06 재방문. 페이지 JSON에서 좋아요 1,416, 댓글 101, view_count=null 확인. 조회수·배수·좋아요율은 빈칸 유지.",2026-08-05T20:08:00.000Z,DXNS1eXE3jM.jpg,판정불가(지표없음),"게시물 view_count=null, 팔로워 3,021·계정중앙조회수 2,154. 공개 조회수 부재로 배수 산출 불가."
YAKINMAGAZIN-DU5YuteEown,2026-08-05T17:36:19.178Z,E2-게이트후보,yakin_magazine,yakin_magazine,1430,국내 메디컬 인접 계정,국내,2026-02-18,169,https://www.instagram.com/yakin_magazine/reel/DU5YuteEown/,DU5YuteEown,릴스,,,15489,37,,,,,,0.0024,0,광고아님,관계·감정 웰니스 설명 중심이며 상품 광고·판매 CTA 없음.,정신건강·생활습관,감정 재구성·관계 스트레스,미운 사람을 빌런이 아닌 입체적인 인물로 바라보는 관점 전환,"감정, 관계, 스트레스, 미움, 마음건강, 웰니스",,문장 인용·관점 전환,너무 미우면 사랑해버려요,인용 문장 → 흔한 감정 처리 방식 → 영화 비유 → 오늘의 실천 제안,"문장 중심 자막, 영화 장면 연상 이미지, 짧은 문단 전환",,,,,,,형식,선영,B,,미운 사람을 인생 영화의 입체적인 주인공으로 재구성하며 감정과 관계를 다루는 웰니스형 릴스,추상적인 감정 조절을 영화의 빌런·주인공 비유로 바꾸어 시청자가 자신의 관계를 다시 해석하게 만든다.,약국 상담에서 자주 나오는 스트레스·수면 고민을 영화·장면·캐릭터 비유로 바꾸고 마지막에 실행 가능한 한 가지를 제안,,,검토,"2026-08-06 재방문. 페이지 JSON에서 좋아요 15,489, 댓글 37, view_count=null 확인. 조회수·배수·좋아요율은 빈칸 유지.",2026-08-05T20:08:00.000Z,DU5YuteEown.jpg,판정불가(지표없음),"게시물 view_count=null, 팔로워 1,430·계정중앙조회수 534. 공개 조회수 부재로 배수 산출 불가."
JJUKKUMINYAK-DVAs_vOElk6,2026-08-05T15:55:49.322Z,E2-게이트후보,jjukku_min.yaksa,쭈꾸민 약사 | 석민,1137,국내 약사 인플루언서,국내,2026-02-20,167,https://www.instagram.com/jjukku_min.yaksa/reel/DVAs_vOElk6/,DVAs_vOElk6,릴스,,,1501,53,,,,,,0.0353,0,광고아님,자기소개·성장 기록 중심이며 특정 상품 광고·판매 CTA 없음.,약국 이야기·직업,신입 약사 적응기,신입 약사의 이력과 약국 적응기를 자기소개형 일기로 시작,"신입약사,약사,약국,사회초년생,약대",,자기소개·성장 기록,올해 약학대학을 갓 졸업한 병아리 신입 약사입니다,이색 학력·편입 경로 공개 → 신입 약사 정체성 소개 → 앞으로의 약국 적응기 예고,"자막 중심 자기소개, 경력 키워드 강조",,,,,,,형식,김주성·선영,B,,신입 약사의 이색적인 약대 편입 경로와 앞으로의 약국 적응기를 자기소개로 여는 릴스,전문성보다 먼저 개인의 이력과 성장 서사를 제시해 약사 계정의 연재 시작점을 만든다.,약사 캐릭터 소개 → 약국에서 겪은 첫 고민 → 다음 편 예고 순서로 개인 서사를 연재,,,검토,"2026-08-06 재방문. 페이지 JSON에서 좋아요 1,501, 댓글 53, view_count=null 확인. 게시물 페이지 공개 조회수는 빈칸. 길이초는 페이지에서 직접 확인하지 못해 빈칸.",2026-08-05T20:13:00.000Z,DVAs_vOElk6.jpg,통과,"1만 미만 구간(배수 62.44/8, 관측 조회수 44.3만/3만, 팔로워 1137). 게시물 페이지 view_count=null로 조회수 열은 빈칸."
REALOFH2O-DbI29r1CRXG,2026-08-05T15:45:06.103Z,E2-게이트후보,realofh2o,약사 이진수💊,6955,국내 약사 인플루언서,국내,2026-07-23,14,https://www.instagram.com/realofh2o/reel/DbI29r1CRXG/,DbI29r1CRXG,릴스,,,298,4,,,,,,0.0134,0,광고아님,무좀 상담 주제 중심이며 특정 상품 광고·판매 CTA 없음.,피부·약물안전,무좀 증상·일반약 상담,짧은 증상 질문으로 피부 고민을 시작해 약국 상담으로 연결,"무좀,피부질환,약국상담,일반약",,질문형 증상 도입,무좀엔?,증상 질문 → 상담 주제 제시 → 약사 답변 확인 유도,짧은 질문 자막 중심. 세부 영상 장면은 페이지 캡션만으로 확인하지 못함.,,,,,,,내용·형식,김주성·오약·선영,B,,무좀 증상에 대한 짧은 질문을 약사 상담형 콘텐츠로 전환한 피부·일반약 릴스,복잡한 피부 증상 설명 대신 한 문장 질문으로 진입해 상담 콘텐츠의 다음 장면을 기대하게 만든다.,증상 한 줄 질문 → 약국에서 확인할 기준 → 병원에 가야 하는 신호를 짧게 연결,,,검토,"2026-08-06 재방문. 페이지 JSON에서 좋아요 298, 댓글 4, view_count=null 확인. 게시물 페이지 공개 조회수는 빈칸. 길이초는 페이지에서 직접 확인하지 못해 빈칸.",2026-08-05T20:13:00.000Z,DbI29r1CRXG.jpg,통과,"1만 미만 구간(배수 14.43/8, 관측 조회수 16.6만/3만, 팔로워 6955). 게시물 페이지 view_count=null로 조회수 열은 빈칸."
PHARMMISON-DXocLlUifsu,2026-08-05T15:51:59.831Z,E2-게이트후보,pharm_mison,약잘알 파미손 | 영양제 건강식품 잘 알려주는 약사,1701,국내 약사 인플루언서,국내,2026-04-27,101,https://www.instagram.com/pharm_mison/reel/DXocLlUifsu/,DXocLlUifsu,릴스,,,100,0,,,,,,0.0000,0,광고아님,탈모 초기 증상 체크리스트 중심이며 특정 상품 광고·판매 CTA 없음.,피부·건강상식,탈모 초기 신호 체크리스트,탈모를 빠지는 양이 아니라 볼륨·조명·사진 변화로 자가 점검,"탈모초기증상,탈모자가진단,머리빠짐,두피",,증상 체크리스트,머리 많이 안 빠져도 탈모는 시작될 수 있습니다,통념 반박 → 초기 신호 5개 나열 → 한 달 뒤 같은 각도 사진 비교 제안,번호 자막·체크리스트·저장·공유 CTA,,,,,,,내용·형식,김주성·오약·선영,B,,탈모 초기 신호를 빠지는 양이 아닌 볼륨과 사진 변화로 점검하게 하는 체크리스트 릴스,막연한 탈모 불안을 관찰 가능한 다섯 가지 변화로 쪼개 저장·재확인을 유도한다.,증상 오해 깨기 → 생활 속 체크 항목 5개 → 한 달 뒤 비교와 상담 권고로 구성,,,검토,"2026-08-06 재방문. 페이지 JSON에서 좋아요 100, 댓글 0, view_count=null 확인. 게시물 페이지 공개 조회수는 빈칸. 길이초는 페이지에서 직접 확인하지 못해 빈칸.",2026-08-05T20:13:00.000Z,DXocLlUifsu.jpg,통과,"1만 미만 구간(배수 21.37/8, 관측 조회수 8.2만/3만, 팔로워 1701). 게시물 페이지 view_count=null로 조회수 열은 빈칸."
ALPACAYAKSA-DEkCCQPR0WU,2026-08-05T15:24:10.758Z,E2-게이트후보,alpaca_yaksa,알파카약사 | 윤유현 | 영양제·건강 상담,61000,국내 약사 인플루언서,국내,2025-01-04,579,https://www.instagram.com/alpaca_yaksa/reel/DEkCCQPR0WU/,DEkCCQPR0WU,릴스,,,5801,437,,,,,,0.0753,0,광고아님,식품 안전 정보 중심이며 특정 상품 판매 CTA 없음.,생활습관·약물안전,달걀 보관·살모넬라균 예방,익숙한 식재료 보관 습관을 감염 예방 체크리스트로 전환,"달걀보관법,살모넬라균,식품안전,냉장고보관,손씻기",,위험 경고형 체크리스트,이렇게 달걀 보관하면 큰일나요,위험 경고 → 보관 실수 5개 → 바로 바꿀 행동 제시,번호 자막·금지 표시·체크리스트 반복,,,,,,,내용·형식,김주성·오약·선영,B,,달걀 보관 실수 5가지를 살모넬라균 예방 행동으로 바꿔 설명하는 체크리스트 릴스,매일 하는 행동의 위험을 먼저 경고한 뒤 숫자로 쪼개 즉시 수정하게 만든다.,익숙한 보관 습관 경고 → 실수 5개 → 오늘 냉장고에서 바꿀 한 가지 제안,,,검토,"2026-08-06 재방문. 공개 메타에서 좋아요 5,801, 댓글 437, 게시일 2025-01-04 확인. 게시물 JSON view_count=null로 조회수 열은 빈칸. 페이지에서 길이초는 확인하지 못해 빈칸.",2026-08-06T05:26:00.000+09:00,DEkCCQPR0WU.jpg,통과,"5만~10만 구간(배수 131.33/5, 조회수 177.3만/30만, 팔로워 6.1만). 게시물 페이지 view_count=null로 조회수 열은 빈칸."
ALPACAYAKSA-DLpN37Oxzfh,2026-08-05T15:24:10.758Z,E2-게이트후보,alpaca_yaksa,알파카약사 | 윤유현 | 영양제·건강 상담,61000,국내 약사 인플루언서,국내,2025-07-01,401,https://www.instagram.com/alpaca_yaksa/reel/DLpN37Oxzfh/,DLpN37Oxzfh,릴스,,,3295,331,,,,,,0.1005,0,광고아님,일반약 성분·주의사항 설명 중심이며 특정 브랜드 판매 CTA 없음.,약물안전·여행건강,비행기 귀통증 일반약 상담,여행 직전 증상 불안을 복용 시점·연령 주의사항으로 해결,"귀통증,비행기귀통증,일반약,슈도에페드린,여행건강",,상황 공감형 문제 제기,비행기만 타면 귀가 찢어질 듯 아픈 사람들 꼭 읽어주세요,여행 상황 공감 → 약 성분·복용 시점 → 어린이와 추가 주의사항,증상 문장 강조·약 성분 자막·복용 타이밍 순서화,,,,,,,내용·형식,김주성·오약·선영,B,,"비행기 귀통증을 일반약 성분과 복용 타이밍, 연령별 주의사항으로 설명하는 여행건강 릴스",여행 직전의 구체적인 불편을 먼저 건드려 약물 정보까지 읽게 만든다.,여행 중 증상 질문 → 복용 전 확인할 금기·연령 → 탑승 전 체크리스트,,,검토,"2026-08-06 재방문. 공개 메타에서 좋아요 3,295, 댓글 331, 게시일 2025-07-01 확인. 게시물 JSON view_count=null로 조회수 열은 빈칸. 페이지에서 길이초는 확인하지 못해 빈칸.",2026-08-06T05:26:00.000+09:00,DLpN37Oxzfh.jpg,통과,"5만~10만 구간(배수 62.00/5, 조회수 83.7만/30만, 팔로워 6.1만). 게시물 페이지 view_count=null로 조회수 열은 빈칸."
HAYUPHARMACI-DavANmXtbOF,2026-08-05T15:25:53.145Z,E2-게이트후보,hayu_pharmacist,하유약사 | 이지영 | 염증 & 혈당,54000,국내 약사 인플루언서,국내,2026-07-13,24,https://www.instagram.com/hayu_pharmacist/reel/DavANmXtbOF/,DavANmXtbOF,릴스,,,1790,388,,,,,,0.2168,0,광고아님,성분·생활습관 교육 중심이며 특정 제품 브랜드 판매 CTA 없음.,피부·영양제·생활습관,손 가려운 물집과 염증 관리,피부 증상을 염증 설명과 영양제·수면·식습관 점검으로 연결,"손물집,피부염증,오메가3,유산균,비타민D,커큐민",,증상 원인 설명형,손에 가끔씩 올라오는 가려운 물집은 염증 때문이에요,증상 제시 → 염증 원리 설명 → 영양제 4개 → 생활습관 3개 → 진료 권고,성분별 번호 자막·생활습관 체크·마지막 진료 권고,,,,,,,내용·형식,김주성·오약·선영,B,,손의 가려운 물집을 염증 증상으로 설명하고 영양제와 생활습관을 함께 점검하는 릴스,눈에 보이는 증상에서 출발해 영양제와 수면·식습관까지 점검 범위를 넓힌다.,증상 사진·상황 질문 → 생활 속 염증 신호 → 영양제보다 먼저 바꿀 습관 → 진료 기준,,,검토,"2026-08-06 재방문. 공개 메타에서 좋아요 1,790, 댓글 388, 게시일 2026-07-13 확인. 게시물 JSON view_count=null로 조회수 열은 빈칸. 페이지에서 길이초는 확인하지 못해 빈칸.",2026-08-06T05:26:00.000+09:00,DavANmXtbOF.jpg,통과,"5만~10만 구간(배수 8.45/5, 조회수 43.5만/30만, 팔로워 5.4만). 게시물 페이지 view_count=null로 조회수 열은 빈칸."
YOURHSIS-DayrtTaylS9,2026-08-05T15:43:22.878Z,E2-게이트후보,yourhsis,약사동생,7710,국내 약사 인플루언서,국내,2026-07-14,23,https://www.instagram.com/yourhsis/reel/DayrtTaylS9/,DayrtTaylS9,릴스,,,1941,89,,,,,,0.0459,0,광고아님,약물 주제의 공유형 훅이며 특정 처방·판매 CTA 없음.,약물안전·다이어트,마운자로·위고비 고민,친구에게 공유할 만한 약물 고민 한 줄로 다이어트 주제에 진입,"마운자로,위고비,다이어트약,비만치료제,약물안전",,공유 유도형 한 줄 훅,마운자로(+위고비) 고민중인 친구한테도 공유!,약물명 병렬 제시 → 고민층 지정 → 친구 공유 유도,약물명 괄호 병기·짧은 자막·공유 CTA,,,,,,,형식,오약·선영,B,,마운자로와 위고비 고민층을 친구 공유 한 줄로 포착하는 짧은 다이어트 약물 훅 릴스,약물명을 바로 제시하고 고민 중인 지인을 호출해 공유 행동을 낮은 비용으로 유도한다.,약물 고민 한 줄 → 복용 전 확인할 기준 → 상담이 필요한 경우 → 지인 공유,,,검토,"2026-08-06 재방문. 공개 메타에서 좋아요 1,941, 댓글 89, 게시일 2026-07-14 확인. 게시물 JSON view_count=null로 조회수 열은 빈칸. 페이지에서 길이초는 확인하지 못해 빈칸.",2026-08-06T05:26:00.000+09:00,DayrtTaylS9.jpg,통과,"1만 미만 구간(배수 11.23/8, 조회수 123.5만/3만, 팔로워 7710). 게시물 페이지 view_count=null로 조회수 열은 빈칸."
REALOFH2O-DamjfXait6d,2026-08-05T15:45:06.103Z,E2-게이트후보,realofh2o,약사 이진수💊,6955,국내 약사 인플루언서,국내,2026-07-09,28,https://www.instagram.com/realofh2o/reel/DamjfXait6d/,DamjfXait6d,릴스,,,150,0,,,,,,0.0000,0,광고아님,약물 역할과 증상 구분 설명 중심이며 특정 상품 판매 CTA 없음.,약물안전·운동건강,운동 후 근육통과 진통제 선택,운동 후 흔한 통증을 염증 회복 신호와 진통제 선택 기준으로 설명,"근육통,소염진통제,NSAIDs,타이레놀,운동후통증",,통념 반박형 질문,운동하고 근육통 있을 때 소염진통제 먹으면 되지 않아요?,흔한 선택 질문 → 통증·염증 구분 → 약물별 역할 → 부상 시 진료 기준,핵심 문장 강조·화살표 도식·약물군 대비 자막,,,,,,,내용·형식,김주성·오약·선영,B,,운동 후 근육통과 염증을 구분해 일반 진통제와 소염진통제 선택 기준을 설명하는 릴스,운동 후 바로 약을 찾는 상황에서 통증 원인과 약물 역할을 분리해 판단하게 만든다.,운동 후 통증 질문 → 회복 신호와 위험 신호 구분 → 약물 선택·진료 기준,,,검토,"2026-08-06 재방문. 공개 메타에서 좋아요 150, 댓글 0, 게시일 2026-07-09 확인. 게시물 JSON view_count=null로 조회수 열은 빈칸. 페이지에서 길이초는 확인하지 못해 빈칸.",2026-08-06T05:32:00.000+09:00,DamjfXait6d.jpg,통과,"1만 미만 구간(배수 9.04/8, 조회수 10.4만/3만, 팔로워 6955). 게시물 페이지 view_count=null로 조회수 열은 빈칸."
MANYJJJUYAKS-Dba5hofzgbx,2026-08-05T15:45:06.292Z,E2-게이트후보,manyjjju_yaksa,마니쭈 약사👩🏻‍⚕️ 손은주 | 다이어트 • 저속노화,5766,국내 약사 인플루언서,국내,2026-07-30,7,https://www.instagram.com/manyjjju_yaksa/reel/Dba5hofzgbx/,Dba5hofzgbx,릴스,,,151,2,,,,,,0.0132,1,광고아님,일반약 비교·추천이지만 광고 표기와 판매 CTA는 확인되지 않음.,의약품·약국템·소화불량,액상·알약 소화제 비교,체했을 때 찾는 소화제를 제형과 특징 비교로 고르게 함,"소화제,소화불량,체했을때,알약소화제,약국상담",,제품군 비교형,액상 소화제끼리는 큰 차이 없고 알약 소화제는 특징이 다양합니다,액상·알약 구분 → 제품군별 특징 → 추천 순위 → DM 주제 요청,제품명 리스트·순위 자막·제형별 묶음 비교,,,,,,,내용·형식,김주성·오약·선영,B,,액상과 알약 소화제를 제형·특징별로 비교해 약국 상담 선택지를 보여주는 릴스,막연한 제품 추천 대신 제형을 먼저 나눠 시청자가 자신의 증상에 맞춰 비교하게 만든다.,체한 상황 질문 → 제형별 차이 → 증상별 확인 질문 → 약사 상담 유도,,,검토,"2026-08-06 재방문. 공개 메타에서 좋아요 151, 댓글 2, 게시일 2026-07-30 확인. 게시물 JSON view_count=null로 조회수 열은 빈칸. 페이지에서 길이초는 확인하지 못해 빈칸.",2026-08-06T05:32:00.000+09:00,Dba5hofzgbx.jpg,통과,"1만 미만 구간(배수 15.47/8, 조회수 10.2만/3만, 팔로워 5766). 게시물 페이지 view_count=null로 조회수 열은 빈칸."
TIMEPHARM-DYWuEWPRDzk,2026-08-05T15:47:19.680Z,E2-게이트후보,timepharm,염혜진약사|타임팜|인생약사,5112,국내 약사 인플루언서,국내,2026-05-15,83,https://www.instagram.com/timepharm/reel/DYWuEWPRDzk/,DYWuEWPRDzk,릴스,,,464,45,,,,,,0.0970,0,광고아님,직업 현장과 장비 설명 중심이며 상품 광고·판매 CTA 없음.,약국 이야기·직업,초보 약사의 조제실 장비,약사 직업의 낯선 장비와 항암제 조제 현장을 호기심으로 보여줌,"초보약사,약국기계,항암제조제,조제실,약사직업",,현장 장비 소개형,내가 초보 약사 때 나왔음 좋았을 것들,초보 약사 회고 → 장비 3개 소개 → 항암제 조제 현장 설명 → 직업 다짐,장비별 짧은 설명·현장 사진·업무량 체감 수치,,,,,,,형식,김주성·선영,B,,초보 약사가 알면 좋은 조제 장비를 항암제 조제실 현장과 함께 소개하는 직업형 릴스,일상에서 보기 힘든 장비를 차례로 보여줘 직업 호기심과 약사 개인 서사를 함께 만든다.,초보 시절 불편 → 현장 장비 3개 → 실제 업무량 → 약사 직업의 의미,,,검토,"2026-08-06 재방문. 공개 메타에서 좋아요 464, 댓글 45, 게시일 2026-05-15 확인. 게시물 JSON view_count=null로 조회수 열은 빈칸. 페이지에서 길이초는 확인하지 못해 빈칸.",2026-08-06T05:32:00.000+09:00,DYWuEWPRDzk.jpg,통과,"1만 미만 구간(배수 40.93/8, 조회수 44.7만/3만, 팔로워 5112). 게시물 페이지 view_count=null로 조회수 열은 빈칸."
YAKSAHWANGHA-DauVVrTvuT1,2026-08-05T15:51:59.451Z,E2-게이트후보,yaksa_hwanghaeyeon_,황해연 푸드닥터,2121,국내 약사 인플루언서,국내,2026-07-13,24,https://www.instagram.com/yaksa_hwanghaeyeon_/reel/DauVVrTvuT1/,DauVVrTvuT1,릴스,,,401,146,,,,,,0.3641,0,광고아님,다이어트 고민 질문 중심이며 특정 처방·판매 CTA 없음.,약물안전·다이어트,고도 체지방과 비만치료제 고민,운동·식단 실패 경험을 약물 상담이 필요한 상황 질문으로 전환,"체지방,다이어트,위고비,마운자로,비만치료제",,질문형 고민 도입,체지방 30% 이상은 운동도 식단도 어려운데 어떻게 해야 하나요?,구체적 대상 제시 → 운동·식단의 어려움 질문 → 약물 상담 주제 연결,질문 자막·수치 강조·약물명 해시태그 노출,,,,,,,내용·형식,오약·선영,B,,체지방 30% 이상인 사람의 다이어트 어려움을 비만치료제 상담 주제로 여는 질문형 릴스,체지방 수치와 실제 실패 경험을 함께 제시해 추상적인 다이어트 고민을 상담 질문으로 바꾼다.,수치 기준 제시 → 실패 상황 공감 → 약물 상담 전 확인할 기준 → 생활습관 병행,,,검토,"2026-08-06 재방문. 공개 메타에서 좋아요 401, 댓글 146, 게시일 2026-07-13 확인. 게시물 JSON view_count=null로 조회수 열은 빈칸. 페이지에서 길이초는 확인하지 못해 빈칸.",2026-08-06T05:32:00.000+09:00,DauVVrTvuT1.jpg,통과,"1만 미만 구간(배수 99.09/8, 조회수 9.3만/3만, 팔로워 2121). 게시물 페이지 view_count=null로 조회수 열은 빈칸."
PHARMMISON-DX3iVyhpNcN,2026-08-05T15:51:59.831Z,E2-게이트후보,pharm_mison,약잘알 파미손 | 영양제 건강식품 잘 알려주는 약사,1701,국내 약사 인플루언서,국내,2026-05-03,95,https://www.instagram.com/pharm_mison/reel/DX3iVyhpNcN/,DX3iVyhpNcN,릴스,,,30,0,,,,,,0.0000,0,광고아님,검사 방법·증상 정보 중심이며 특정 상품 광고·판매 CTA 없음.,피부·건강상식,머리당김 테스트와 탈모 자가점검,탈모 불안을 병원 검사 방식과 수치 기준으로 구체화,"탈모,탈모초기,머리당김테스트,휴지기탈모,자가점검",,통념 반박형 체크리스트,머리 잡아당겼는데 6가닥 빠지면 탈모입니다,검사명 제시 → 검사 방법 → 정상·경계·의심 수치 → 진료가 필요한 상황,수치 구간 색상화·검사 순서 자막·저장 CTA,,,,,,,내용·형식,김주성·오약·선영,B,,머리당김 테스트 방법과 수치 기준으로 탈모 의심 상황을 자가점검하게 하는 릴스,막연한 탈모 걱정을 검사명·가닥 수·상황 기준으로 나눠 저장과 재확인을 유도한다.,불안한 통념 반박 → 집에서 확인할 한계 설명 → 병원 검사 기준 → 내원 신호,,,검토,"2026-08-06 재방문. 공개 메타에서 좋아요 30, 댓글 0, 게시일 2026-05-03 확인. 게시물 JSON view_count=null로 조회수 열은 빈칸. 페이지에서 길이초는 확인하지 못해 빈칸.",2026-08-06T05:32:00.000+09:00,DX3iVyhpNcN.jpg,통과,"1만 미만 구간(배수 16.16/8, 조회수 6.2만/3만, 팔로워 1701). 게시물 페이지 view_count=null로 조회수 열은 빈칸."
DRWONGU-DPvbhndkuIU,2026-08-05T16:25:27.326Z,E2-게이트후보,dr.wongu,닥터원구의 K-beauty l 그대고운피부과 대표원장 이원구,36000,국내 메디컬 인접 계정,국내,2025-10-13,297,https://www.instagram.com/dr.wongu/reel/DPvbhndkuIU/,DPvbhndkuIU,릴스,,6329000,2741,3311,,,0.000433,,,1.2080,0,광고아님,캡션에 광고 표기 없음,피부·약국템,피부과 시술과 약국 제품,의사가 고른 약국템 목록,피부·약국·제품 비교,,전문가 추천 목록,피부과 의사가 엄선한 약국템 10가지,문제 제기→제품 목록→선택 기준,제품 자막·목록형 편집,,,,,,,피부·약국 제품 레퍼런스,선영,B,,피부과 의사가 피부 고민별 약국 제품을 목록으로 제시한다.,전문가 권위와 제품 목록을 결합해 저장 이유를 만든다.,약사가 증상별 일반약·약국템 선택 기준을 목록으로 제시한다.,,,검토,공개 게시물 HTML에서 좋아요·댓글·게시일·썸네일 확인. 조회수는 최근 12개 프로필 그리드 관측값.,2026-08-06T05:50:00+09:00,DPvbhndkuIU.jpg,통과,"1만~5만 구간(배수 113.02/6, 조회수 632.9만/10만, 팔로워 3.6만)"
NHISKOREA-DaUxfQPThqy,2026-08-05T16:21:06.782Z,E2-게이트후보,nhis_korea,국민건강보험,49000,국내 메디컬 인접 계정,국내,2026-07-03,34,https://www.instagram.com/nhis_korea/reel/DaUxfQPThqy/,DaUxfQPThqy,릴스,,5412000,5813,97,,,0.001074,,,0.0167,0,광고아님,캡션에 광고 표기 없음,생활습관·공공건강,간식 선택과 건강 정보,하나만 고르는 질문,건강·간식·공공기관,,선택 질문,휴게소 간식 딱 하나만 먹을 수 있다면?,선택 질문→기념일 정보→기관 메시지,이모지·큰 자막·브랜드 전환,,,,,,,생활습관·공공건강 캠페인 레퍼런스,김주성·오약·선영,B,,간식 선택 질문으로 시작해 국민건강보험공단의 기념일 메시지로 연결한다.,가벼운 선택 질문을 공공 건강 메시지로 전환한다.,약국에서 자주 묻는 선택 질문을 건강 정보와 연결한다.,,,검토,공개 게시물 HTML에서 좋아요·댓글·게시일·썸네일 확인. 조회수는 최근 12개 프로필 그리드 관측값.,2026-08-06T05:50:00+09:00,DaUxfQPThqy.jpg,통과,"1만~5만 구간(배수 600.57/6, 조회수 541.2만/10만, 팔로워 4.9만)"
LOVEPLAN-DMRObWYSkwf,2026-08-05T16:49:36.081Z,E2-게이트후보,loveplan__,러브플랜,5215,국내 메디컬 인접 계정,국내,2025-07-18,384,https://www.instagram.com/loveplan__/reel/DMRObWYSkwf/,DMRObWYSkwf,릴스,,411000,,,,,,,,,0,광고아님,캡션에 광고 표기 없음,여성건강,청소년 성지식,퀴즈쇼 참여 모집,성교육·청소년·캠페인,,참여 모집형 공지,청소년 성지식 성(性)장(長) 퀴즈쇼 모집,참여 대상→상금·혜택→신청 안내,행사 정보 카드·이모지,,,,,,,여성건강·캠페인 콘텐츠 레퍼런스,김주성·오약·선영,B,,청소년 성지식 퀴즈쇼를 상금과 혜택 중심으로 모집한다.,민감한 주제를 퀴즈와 참여 혜택으로 진입 장벽을 낮춘다.,여성건강 오해를 짧은 퀴즈로 만들고 정답과 상담 기준을 붙인다.,,,검토,공개 게시물 HTML에서 게시일·썸네일 확인. 좋아요·댓글은 공개 메타에서 확인되지 않아 빈칸. 조회수는 최근 12개 프로필 그리드 관측값.,2026-08-06T05:50:00+09:00,DMRObWYSkwf.jpg,통과,"1만 미만 구간(배수 2410.56/8, 조회수 41.1만/3만, 팔로워 5215)"
SNUBHOFFICIA-DahbjFxvGNp,2026-08-05T16:49:36.319Z,E2-게이트후보,snubh_official,분당서울대학교병원,5074,국내 메디컬 인접 계정,국내,2026-07-07,30,https://www.instagram.com/snubh_official/reel/DahbjFxvGNp/,DahbjFxvGNp,릴스,,331000,5143,83,,,0.015538,,,0.0161,0,광고아님,캡션에 광고 표기 없음,의료현장·소아건강,소아중환자실 사례,위기 상황 서사,소아·중환자실·의료진,,현장 사례형,"혼수상태로 실려온 환아, 비상이 걸린 소아중환자실",위기 제시→현장 대응→의료진 메시지,상황 자막·현장 서사,,,,,,,의료현장·소아건강 스토리 레퍼런스,선영,B,,소아중환자실의 긴급 상황을 현장 서사로 전달한다.,구체적인 위기 상황이 의료진의 역할과 긴장감을 빠르게 전달한다.,약국·병원에서 놓치기 쉬운 위험 신호를 사례 서사로 설명한다.,,,검토,공개 게시물 HTML에서 좋아요·댓글·게시일·썸네일 확인. 조회수는 최근 12개 프로필 그리드 관측값.,2026-08-06T05:50:00+09:00,DahbjFxvGNp.jpg,통과,"1만 미만 구간(배수 28.78/8, 조회수 33.1만/3만, 팔로워 5074)"
GUNGINAMTV-Da7fqEtPInL,2026-08-05T16:30:11.793Z,E2-게이트후보,gunginam_tv,건기남,26000,국내 메디컬 인접 계정,국내,2026-07-18,19,https://www.instagram.com/gunginam_tv/reel/Da7fqEtPInL/,Da7fqEtPInL,릴스,,223000,1406,132,,,0.006305,,,0.0939,0,광고아님,캡션에 광고 표기 없음,음주·약물안전,맥주와 건강 정보,음주 통념 반박,음주·간·건강상식,,정보형 도입,음주 통념 반박,선택 질문→통념 반박→건강 정보,핵심 자막·정보 카드,,,,,,,내용·형식,선영,B,,맥주 한 잔에 대한 죄책감에서 출발해 음주와 건강 정보를 설명한다.,전문성 또는 공감 진입점을 정보 전달과 참여 행동으로 연결한다.,약국에서 자주 묻는 질문을 짧은 선택·사례·목록 콘텐츠로 전환한다.,,,검토,공개 게시물 HTML에서 좋아요·댓글·게시일·썸네일 확인. 조회수는 최근 12개 프로필 그리드 관측값.,2026-08-06T06:00:00+09:00,Da7fqEtPInL.jpg,통과,"1만~5만 구간(배수 19.02/6, 조회수 22.3만/10만, 팔로워 2.6만)"
CHOSUNICHOFF-DbE1oRhhmwh,2026-08-05T16:35:15.603Z,E2-게이트후보,chosunich.official,조선대학교병원 | Chosun university hospital,11000,국내 메디컬 인접 계정,국내,2026-07-21,16,https://www.instagram.com/chosunich.official/reel/DbE1oRhhmwh/,DbE1oRhhmwh,릴스,,286000,44,4,,,0.000154,,,0.0909,0,광고아님,캡션에 광고 표기 없음,피부·뷰티,성형 트렌드,해외 대학 관계자와 보는 성형 트렌드,성형·피부·의료관광,,정보형 도입,해외 대학 관계자와 보는 성형 트렌드,인물 소개→트렌드 설명→병원 메시지,핵심 자막·정보 카드,,,,,,,내용·형식,선영,B,,해외 대학 관계자와 한국 성형 트렌드를 소개하는 병원 콘텐츠다.,전문성 또는 공감 진입점을 정보 전달과 참여 행동으로 연결한다.,약국에서 자주 묻는 질문을 짧은 선택·사례·목록 콘텐츠로 전환한다.,,,검토,공개 게시물 HTML에서 좋아요·댓글·게시일·썸네일 확인. 조회수는 최근 12개 프로필 그리드 관측값.,2026-08-06T06:00:00+09:00,DbE1oRhhmwh.jpg,통과,"1만~5만 구간(배수 7.19/6, 조회수 28.6만/10만, 팔로워 1.1만)"
JILGYUNGYIOF-DLqvEgAvN4u,2026-08-05T16:42:26.460Z,E2-게이트후보,jilgyungyi_official,질경이 JILGYUNGYI,8798,국내 메디컬 인접 계정,국내,2025-07-03,399,https://www.instagram.com/jilgyungyi_official/reel/DLqvEgAvN4u/,DLqvEgAvN4u,릴스,,159000,,,,,,,,,0,광고아님,캡션에 광고 표기 없음,여성건강·생활용품,생리대 선택,연령대 공감과 생리대 제품 제안,여성건강·생리대·생활용품,,정보형 도입,연령대 공감과 생리대 제품 제안,연령대 대비→제품 특징→구매 안내,핵심 자막·정보 카드,,,,,,,내용·형식,선영,B,,연령대 공감으로 시작해 생리대 특징과 구매 안내로 연결한다.,전문성 또는 공감 진입점을 정보 전달과 참여 행동으로 연결한다.,약국에서 자주 묻는 질문을 짧은 선택·사례·목록 콘텐츠로 전환한다.,,,검토,공개 게시물 HTML에서 좋아요·댓글·게시일·썸네일 확인. 조회수는 최근 12개 프로필 그리드 관측값.,2026-08-06T06:00:00+09:00,DLqvEgAvN4u.jpg,통과,"1만 미만 구간(배수 166.14/8, 조회수 15.9만/3만, 팔로워 8798)"
ZERODERMAOFF-Dah1oV9T3fH,2026-08-05T17:32:40.637Z,E2-게이트후보,zeroderma_official,강남역피부과 | 피부과전문의 | 제로피부과의원,1825,국내 메디컬 인접 계정,국내,2026-07-08,29,https://www.instagram.com/zeroderma_official/reel/Dah1oV9T3fH/,Dah1oV9T3fH,릴스,,231000,1077,449,,,0.004662,,,0.4169,0,광고아님,캡션에 광고 표기 없음,피부·뷰티,피부 타입별 제품 선택,전문의 픽 매칭표 제공,피부·다이소·올리브영·제품 선택,,정보형 도입,전문의 픽 매칭표 제공,댓글 참여→전문의 매칭표 제공→DM 유도,핵심 자막·정보 카드,,,,,,,내용·형식,선영,B,,피부 타입과 예산에 맞는 제품 매칭표를 댓글 참여와 연결한다.,전문성 또는 공감 진입점을 정보 전달과 참여 행동으로 연결한다.,약국에서 자주 묻는 질문을 짧은 선택·사례·목록 콘텐츠로 전환한다.,,,검토,공개 게시물 HTML에서 좋아요·댓글·게시일·썸네일 확인. 조회수는 최근 12개 프로필 그리드 관측값.,2026-08-06T06:00:00+09:00,Dah1oV9T3fH.jpg,통과,"1만 미만 구간(배수 55.52/8, 조회수 23.1만/3만, 팔로워 1825)"
DANAPHARMACY-CzxKCTMhU29,2026-08-05T17:55:49.559Z,E2-게이트후보,dana_pharmacy_,평택시약사 / 평택다나약국,447,국내 메디컬 인접 계정,국내,2023-11-17,993,https://www.instagram.com/dana_pharmacy_/reel/CzxKCTMhU29/,CzxKCTMhU29,릴스,,159000,1066,141,,,0.006704,,,0.1323,0,광고아님,캡션에 광고 표기 없음,여성건강·생활습관,임신·출산 정보,엄마와 아기를 위한 약국 정보,임신·출산·육아·약국,,정보형 도입,엄마와 아기를 위한 약국 정보,핵심 안내→프로필 링크 연결,핵심 자막·정보 카드,,,,,,,내용·형식,선영,B,,임신과 출산 정보를 약국의 추가 정보 채널로 연결한다.,전문성 또는 공감 진입점을 정보 전달과 참여 행동으로 연결한다.,약국에서 자주 묻는 질문을 짧은 선택·사례·목록 콘텐츠로 전환한다.,,,검토,공개 게시물 HTML에서 좋아요·댓글·게시일·썸네일 확인. 조회수는 최근 12개 프로필 그리드 관측값.,2026-08-06T06:00:00+09:00,CzxKCTMhU29.jpg,통과,"1만 미만 구간(배수 130.17/8, 조회수 15.9만/3만, 팔로워 447)"
READYYOUNGPH-Dbem_h_TJ73,2026-08-05T16:44:07.208Z,E2-게이트후보,readyyoungpharmacy_global,readyyoungpharmacy_global,6934,국내 메디컬 인접 계정,국내,2026-07-31,6,https://www.instagram.com/readyyoungpharmacy_global/reel/Dbem_h_TJ73/,Dbem_h_TJ73,릴스,,159000,,,,,,,,,0,광고아님,캡션에 광고 표기 없음,생활습관·약국템,여름 건강 캠페인,약국 방문과 행사 혜택 연결,건강·약국·캠페인,,정보형 도입,약국 방문과 행사 혜택 연결,캠페인 제시→혜택 안내→방문 유도,핵심 자막·정보 카드,,,,,,,내용·형식,선영,B,,약국의 여름 건강 캠페인과 혜택을 방문 행동으로 연결한다.,전문성 또는 공감 진입점을 정보 전달과 참여 행동으로 연결한다.,약국·병원에서 자주 묻는 질문을 짧은 사례와 행동 기준으로 전환한다.,,,검토,공개 게시물 HTML에서 좋아요·댓글·게시일·썸네일 확인. 조회수는 최근 12개 프로필 그리드 관측값.,2026-08-06T06:10:00+09:00,Dbem_h_TJ73.jpg,통과,"1만 미만 구간(배수 26.69/8, 조회수 15.9만/3만, 팔로워 6934)"
URIMEDI1-Da_35lFplv4,2026-08-05T18:04:05.683Z,E2-게이트후보,urimedi1,부천우리병원 | 보건복지부 인증 종합병원,340,국내 메디컬 인접 계정,국내,2026-07-19,18,https://www.instagram.com/urimedi1/reel/Da_35lFplv4/,Da_35lFplv4,릴스,,155000,446,11,,,0.002877,,,0.0247,0,광고아님,캡션에 광고 표기 없음,건강·자가점검,치매 예방과 뇌 건강,배우 방문으로 건강 정보 진입,치매·뇌 건강·신경과,,정보형 도입,배우 방문으로 건강 정보 진입,인물 방문→건강 정보→병원 안내,핵심 자막·정보 카드,,,,,,,내용·형식,선영,B,,배우 방문을 계기로 치매와 뇌 건강 정보를 병원 전문성으로 연결한다.,전문성 또는 공감 진입점을 정보 전달과 참여 행동으로 연결한다.,약국·병원에서 자주 묻는 질문을 짧은 사례와 행동 기준으로 전환한다.,,,검토,공개 게시물 HTML에서 좋아요·댓글·게시일·썸네일 확인. 조회수는 최근 12개 프로필 그리드 관측값.,2026-08-06T06:10:00+09:00,Da_35lFplv4.jpg,통과,"1만 미만 구간(배수 676.86/8, 조회수 15.5만/3만, 팔로워 340)"
FITAMINOFFIC-C9__PWep5ht,2026-08-05T16:49:35.853Z,E2-게이트후보,fitamin_official,핏타민,5505,국내 메디컬 인접 계정,국내,2024-07-29,738,https://www.instagram.com/fitamin_official/reel/C9__PWep5ht/,C9__PWep5ht,릴스,,142000,2251,3,,,0.015852,,,0.0013,0,광고아님,캡션에 광고 표기 없음,정신건강·생활습관,스트레스와 팝업 캠페인,스트레스 공감형 브랜드 캠페인,스트레스·웰니스·팝업,,정보형 도입,스트레스 공감형 브랜드 캠페인,감정 질문→캐릭터 공감→행사 안내,핵심 자막·정보 카드,,,,,,,내용·형식,김주성·오약·선영,B,,스트레스 공감 메시지와 팝업 행사를 연결한 브랜드 캠페인이다.,전문성 또는 공감 진입점을 정보 전달과 참여 행동으로 연결한다.,약국·병원에서 자주 묻는 질문을 짧은 사례와 행동 기준으로 전환한다.,,,검토,공개 게시물 HTML에서 좋아요·댓글·게시일·썸네일 확인. 조회수는 최근 12개 프로필 그리드 관측값.,2026-08-06T06:10:00+09:00,C9__PWep5ht.jpg,통과,"1만 미만 구간(배수 38.52/8, 조회수 14.2만/3만, 팔로워 5505)"
KOREAANTIDOP-Dawz70Oxl4b,2026-08-05T16:33:53.148Z,E2-게이트후보,korea_anti_doping_agency,한국도핑방지위원회(공식 계정),17000,국내 메디컬 인접 계정,국내,2026-07-13,24,https://www.instagram.com/korea_anti_doping_agency/reel/Dawz70Oxl4b/,Dawz70Oxl4b,릴스,,129000,6258,63,,,0.048512,,,0.0101,0,광고아님,캡션에 광고 표기 없음,약물안전·스포츠,도핑방지와 페어플레이,게임 밈으로 도핑방지 기관 소개,도핑·약물안전·스포츠,,정보형 도입,게임 밈으로 도핑방지 기관 소개,밈 이벤트→선수 대결→기관 메시지,핵심 자막·정보 카드,,,,,,,내용·형식,김주성·오약·선영,B,,게임 밈과 선수 대결을 사용해 도핑방지 메시지를 전달한다.,전문성 또는 공감 진입점을 정보 전달과 참여 행동으로 연결한다.,약국·병원에서 자주 묻는 질문을 짧은 사례와 행동 기준으로 전환한다.,,,검토,공개 게시물 HTML에서 좋아요·댓글·게시일·썸네일 확인. 조회수는 최근 12개 프로필 그리드 관측값.,2026-08-06T06:10:00+09:00,Dawz70Oxl4b.jpg,통과,"1만~5만 구간(배수 40.73/6, 조회수 12.9만/10만, 팔로워 1.7만)"
MIZMEDIHOSPI-DRN7EIAEh13,2026-08-05T17:43:17.573Z,E2-게이트후보,mizmedi_hospital,미즈메디병원,953,국내 메디컬 인접 계정,국내,2025-11-18,261,https://www.instagram.com/mizmedi_hospital/reel/DRN7EIAEh13/,DRN7EIAEh13,릴스,,94000,569,24,,,0.006053,,,0.0422,0,광고아님,캡션에 광고 표기 없음,여성건강·출산,분만실 현장,출산 현장 서사,출산·산부인과·병원,,정보형 도입,출산 현장 서사,현장 공개→감정 서사→병원 안내,핵심 자막·정보 카드,,,,,,,내용·형식,선영,B,,분만실 하루와 아기와의 첫 만남을 현장 서사로 보여준다.,전문성 또는 공감 진입점을 정보 전달과 참여 행동으로 연결한다.,약국·병원에서 자주 묻는 질문을 짧은 사례와 행동 기준으로 전환한다.,,,검토,공개 게시물 HTML에서 좋아요·댓글·게시일·썸네일 확인. 조회수는 최근 12개 프로필 그리드 관측값.,2026-08-06T06:10:00+09:00,DRN7EIAEh13.jpg,통과,"1만 미만 구간(배수 82.20/8, 조회수 9.4만/3만, 팔로워 953)"
MODUPHARM-C_uC-rJhpNI,2026-08-05T16:45:51.109Z,E2-게이트후보,modu_pharm,모약ㅣ약사님을 위한 플랫폼,6092,국내 메디컬 인접 계정,국내,2024-09-09,696,https://www.instagram.com/modu_pharm/reel/C_uC-rJhpNI/,C_uC-rJhpNI,릴스,,92000,188,2,,,0.002043,,,0.0106,0,광고아님,캡션에 광고 표기 없음,약국 이야기·직업,병원약사 실무 팁,병원 근무 약사에게만 필요한 정보,병원약사·약국·직무,,정보형 도입,병원 근무 약사에게만 필요한 정보,관심 환기→실무 팁→저장 유도,핵심 자막·정보 카드,,,,,,,내용·형식,김주성·오약·선영,B,,병원 약사가 근무 중 알아두면 좋은 실무 팁을 짧게 소개한다.,전문성 또는 공감 진입점을 정보 전달과 참여 행동으로 연결한다.,약국·병원에서 자주 묻는 질문을 짧은 사례와 행동 기준으로 전환한다.,,,검토,공개 게시물 HTML에서 좋아요·댓글·게시일·썸네일 확인. 조회수는 최근 12개 프로필 그리드 관측값.,2026-08-06T06:20:00+09:00,C_uC-rJhpNI.jpg,통과,"1만 미만 구간(배수 23.26/8, 조회수 9.2만/3만, 팔로워 6092)"
JWTALKOFFICI-DPBW1DpiWL9,2026-08-05T16:44:07.432Z,E2-게이트후보,jwtalk_official,JW 공식 인스타그램,6777,국내 메디컬 인접 계정,국내,2025-09-25,315,https://www.instagram.com/jwtalk_official/reel/DPBW1DpiWL9/,DPBW1DpiWL9,릴스,,78000,15,2,,,0.000192,,,0.1333,0,광고아님,캡션에 광고 표기 없음,영양제·직장인건강,직장인 피로와 종합비타민,피로 공감에서 제품 소개로 전환,직장인·피로·종합비타민,,정보형 도입,피로 공감에서 제품 소개로 전환,피로 공감→제품 제안→브랜드 소개,핵심 자막·정보 카드,,,,,,,내용·형식,김주성·오약·선영,B,,직장인 피로 공감으로 시작해 종합비타민 제품을 소개한다.,전문성 또는 공감 진입점을 정보 전달과 참여 행동으로 연결한다.,약국·병원에서 자주 묻는 질문을 짧은 사례와 행동 기준으로 전환한다.,,,검토,공개 게시물 HTML에서 좋아요·댓글·게시일·썸네일 확인. 조회수는 최근 12개 프로필 그리드 관측값.,2026-08-06T06:20:00+09:00,DPBW1DpiWL9.jpg,통과,"1만 미만 구간(배수 105.62/8, 조회수 7.8만/3만, 팔로워 6777)"
WKUHORG-DbVH9qPTGG7,2026-08-05T17:38:09.359Z,E2-게이트후보,wkuh_org,원광대학교병원,1305,국내 메디컬 인접 계정,국내,2026-07-28,9,https://www.instagram.com/wkuh_org/reel/DbVH9qPTGG7/,DbVH9qPTGG7,릴스,,78000,150,1,,,0.001923,,,0.0067,0,광고아님,캡션에 광고 표기 없음,약물안전·건강상식,급성 췌장염과 췌장암,1분 질환 구분,췌장염·췌장암·소화기,,정보형 도입,1분 질환 구분,질환명 제시→교수 설명→건강 정보,핵심 자막·정보 카드,,,,,,,내용·형식,선영,B,,교수가 급성 췌장염과 췌장암을 1분 건강정보로 설명한다.,전문성 또는 공감 진입점을 정보 전달과 참여 행동으로 연결한다.,약국·병원에서 자주 묻는 질문을 짧은 사례와 행동 기준으로 전환한다.,,,검토,공개 게시물 HTML에서 좋아요·댓글·게시일·썸네일 확인. 조회수는 최근 12개 프로필 그리드 관측값.,2026-08-06T06:20:00+09:00,DbVH9qPTGG7.jpg,통과,"1만 미만 구간(배수 34.93/8, 조회수 7.8만/3만, 팔로워 1305)"
ONNURIPHARMA-DVaf-76DM9p,2026-08-05T16:42:26.233Z,E2-게이트후보,onnuripharmacy,온누리약국 공식 인스타그램,9108,국내 메디컬 인접 계정,국내,2026-03-02,157,https://www.instagram.com/onnuripharmacy/reel/DVaf-76DM9p/,DVaf-76DM9p,릴스,,60000,733,893,,,0.012217,,,1.2183,0,광고아님,캡션에 광고 표기 없음,의약품·약국템,일반약 제품 이벤트,판매량 화제와 약국 제품 소개,글루콤·일반약·약국,,정보형 도입,판매량 화제와 약국 제품 소개,성과 화제→제품 소개→이벤트 참여,핵심 자막·정보 카드,,,,,,,내용·형식,김주성·오약·선영,B,,약국 판매 제품의 성과 화제로 일반약 제품과 이벤트를 소개한다.,전문성 또는 공감 진입점을 정보 전달과 참여 행동으로 연결한다.,약국·병원에서 자주 묻는 질문을 짧은 사례와 행동 기준으로 전환한다.,,,검토,공개 게시물 HTML에서 좋아요·댓글·게시일·썸네일 확인. 조회수는 최근 12개 프로필 그리드 관측값.,2026-08-06T06:20:00+09:00,DVaf-76DM9p.jpg,통과,"1만 미만 구간(배수 66.74/8, 조회수 6만/3만, 팔로워 9108)"
DOCTORSNEWS2-DbK1dx_OsdZ,2026-08-05T17:01:04.232Z,E2-게이트후보,doctorsnews2024,의협신문 뉴스,3625,국내 메디컬 인접 계정,국내,2026-07-24,13,https://www.instagram.com/doctorsnews2024/reel/DbK1dx_OsdZ/,DbK1dx_OsdZ,릴스,,58000,350,22,,,0.006034,,,0.0629,0,광고아님,캡션에 광고 표기 없음,약물안전·의료현장,필수의료 사법리스크,시사 질문으로 의료 현장 진입,필수의료·공공의료·의료정책,,정보형 도입,시사 질문으로 의료 현장 진입,논쟁 질문→현장 발언→정책 맥락,핵심 자막·정보 카드,,,,,,,내용·형식,선영,B,,필수의료 의료진의 사법리스크 발언을 시사 질문으로 풀어낸다.,전문성 또는 공감 진입점을 정보 전달과 참여 행동으로 연결한다.,약국·병원에서 자주 묻는 질문을 짧은 사례와 행동 기준으로 전환한다.,,,검토,공개 게시물 HTML에서 좋아요·댓글·게시일·썸네일 확인. 조회수는 최근 12개 프로필 그리드 관측값.,2026-08-06T06:20:00+09:00,DbK1dx_OsdZ.jpg,통과,"1만 미만 구간(배수 29.47/8, 조회수 5.8만/3만, 팔로워 3625)"
KOREAPHARMAC-DbfrII4x3j0,2026-08-05T17:43:17.573Z,E2-게이트후보,korea_pharmacy,코리아약국,999,국내 메디컬 인접 계정,국내,2026-08-01,5,https://www.instagram.com/korea_pharmacy/reel/DbfrII4x3j0/,DbfrII4x3j0,릴스,,55000,48,0,,,0.000873,,,0.0000,0,광고아님,캡션에 광고 표기 없음,약국 이야기·직업,국가별 약국 개업 제도,해외 사례 비교로 약사 직업 진입,약사·약국·대만·직업,,정보형 도입,해외 사례 비교로 약사 직업 진입,질문→국가 비교→약사 정보,핵심 자막·정보 카드,,,,,,,내용·형식,김주성·오약·선영,B,,한국과 대만의 약국 개업 제도를 비교해 약사 직업 정보를 전달한다.,전문성 또는 공감 진입점을 정보 전달과 참여 행동으로 연결한다.,약국·병원에서 자주 묻는 질문을 짧은 사례와 행동 기준으로 전환한다.,,,검토,공개 게시물 HTML에서 좋아요·댓글·게시일·썸네일 확인. 조회수는 최근 12개 프로필 그리드 관측값.,2026-08-06T06:30:00+09:00,DbfrII4x3j0.jpg,통과,"1만 미만 구간(배수 38.69/8, 조회수 5.5만/3만, 팔로워 999)"
KPANETOFFICI-DbRtD9ON5Ra,2026-08-05T17:05:09.930Z,E2-게이트후보,kpanet_official,대한약사회,3110,국내 메디컬 인접 계정,국내,2026-07-26,11,https://www.instagram.com/kpanet_official/reel/DbRtD9ON5Ra/,DbRtD9ON5Ra,릴스,,39000,58,0,,,0.001487,,,0.0000,0,광고아님,캡션에 광고 표기 없음,약물안전·다이어트,마운자로 투여일을 놓쳤을 때,놓친 투여일 기준 제시,마운자로·투여일·약물안전,,정보형 도입,놓친 투여일 기준 제시,상황 질문→4일 기준→투여 원칙,핵심 자막·정보 카드,,,,,,,내용·형식,오약·선영,B,,마운자로 투여일을 놓쳤을 때 4일 기준과 다음 투여 원칙을 설명한다.,전문성 또는 공감 진입점을 정보 전달과 참여 행동으로 연결한다.,약국·병원에서 자주 묻는 질문을 짧은 사례와 행동 기준으로 전환한다.,,,검토,공개 게시물 HTML에서 좋아요·댓글·게시일·썸네일 확인. 조회수는 최근 12개 프로필 그리드 관측값.,2026-08-06T06:30:00+09:00,DbRtD9ON5Ra.jpg,통과,"1만 미만 구간(배수 9.34/8, 조회수 3.9만/3만, 팔로워 3110)"
DONGSAN1899-DaPcOqZkYDS,2026-08-05T16:47:45.811Z,E2-게이트후보,dongsan_1899,계명대학교 동산병원,5510,국내 메디컬 인접 계정,국내,2026-07-01,36,https://www.instagram.com/dongsan_1899/reel/DaPcOqZkYDS/,DaPcOqZkYDS,릴스,,34000,70,2,,,0.002059,,,0.0286,0,광고아님,캡션에 광고 표기 없음,의료현장·병원,심혈관조영실 간호사 현장,병원 현장과 직무 소개,심혈관·간호사·병원,,정보형 도입,병원 현장과 직무 소개,현장 인사→직무 해시태그→병원 메시지,핵심 자막·정보 카드,,,,,,,내용·형식,선영,B,,심혈관조영실 간호사의 병원 현장을 짧게 보여준다.,전문성 또는 공감 진입점을 정보 전달과 참여 행동으로 연결한다.,약국·병원에서 자주 묻는 질문을 짧은 사례와 행동 기준으로 전환한다.,,,검토,공개 게시물 HTML에서 좋아요·댓글·게시일·썸네일 확인. 조회수는 최근 12개 프로필 그리드 관측값.,2026-08-06T06:30:00+09:00,DaPcOqZkYDS.jpg,통과,"1만 미만 구간(배수 9.18/8, 조회수 3.4만/3만, 팔로워 5510)"
CMCSVINCENT-DahRbW6hsVR,2026-08-05T17:50:03.648Z,E2-게이트후보,cmcsvincent,가톨릭대학교 성빈센트병원,624,국내 메디컬 인접 계정,국내,2026-07-07,30,https://www.instagram.com/cmcsvincent/reel/DahRbW6hsVR/,DahRbW6hsVR,릴스,,31000,306,6,,,0.009871,,,0.0196,0,광고아님,캡션에 광고 표기 없음,의료현장·병원,병원장 취임과 치유 메시지,행사 서사로 병원 신뢰 형성,병원·취임식·치유,,정보형 도입,행사 서사로 병원 신뢰 형성,행사 소개→인물 소개→병원 메시지,핵심 자막·정보 카드,,,,,,,내용·형식,선영,B,,병원장 취임식을 통해 병원의 치유 메시지를 전달한다.,전문성 또는 공감 진입점을 정보 전달과 참여 행동으로 연결한다.,약국·병원에서 자주 묻는 질문을 짧은 사례와 행동 기준으로 전환한다.,,,검토,공개 게시물 HTML에서 좋아요·댓글·게시일·썸네일 확인. 조회수는 최근 12개 프로필 그리드 관측값.,2026-08-06T06:30:00+09:00,DahRbW6hsVR.jpg,통과,"1만 미만 구간(배수 23.36/8, 조회수 3.1만/3만, 팔로워 624)"
WOORIYAKSA-DbK-dmEhvb6,2026-08-05T15:22:23.261Z,E2-게이트후보,woori_yaksa,빼자언니 💗 우리약사 | 배혜정,63000,국내 약사 인플루언서,국내,2026-07-23,14,https://www.instagram.com/woori_yaksa/reel/DbK-dmEhvb6/,DbK-dmEhvb6,릴스,,171000,,,,,,,,,0,광고아님,캡션에 광고 표기 없음,생활습관·운동건강,사우나와 운동 회복,논문 탐색과 개인 경험으로 회복 팁 진입,운동·사우나·회복·논문,,상황 질문형,논문 탐색과 개인 경험으로 회복 팁 진입,경험 제시→근거 탐색→생활 팁,핵심 자막·선택 기준,,,,,,,내용·형식,선영,B,,운동 중 부상 회복 경험과 사우나 관련 탐색을 생활 건강 팁으로 연결한다.,게이트 미달이어도 약사·여성건강·생활 건강에 바로 쓸 수 있는 정보 진입점을 갖췄다.,같은 질문을 약국 상담 장면과 명확한 가능·금기 기준으로 각색한다.,,,검토,공개 게시물 HTML에서 좋아요·댓글·게시일·썸네일 확인. 조회수는 최근 12개 프로필 그리드 관측값. 게이트 미달 예외 채택이며 게이트판정은 미달로 유지.,2026-08-06T06:40:00+09:00,DbK-dmEhvb6.jpg,미달,"5만~10만 구간(배수 23.05/5, 조회수 171,000/300,000, 팔로워 63,000)"
SSOKYAKSA-DZUy1KeJXaC,2026-08-05T15:31:15.670Z,E2-게이트후보,ssok_yaksa,여성건강에 필요한정보만 쏙! | 쏙약사,23000,국내 약사 인플루언서,국내,2026-06-08,59,https://www.instagram.com/ssok_yaksa/reel/DZUy1KeJXaC/,DZUy1KeJXaC,릴스,,53000,67,85,,,0.001264,,,1.2687,0,광고아님,캡션에 광고 표기 없음,여성건강·영양제,난소 노화와 영양소,난소·자궁·난자 노화 설명,난소노화·영양소·피로·활력,,상황 질문형,난소·자궁·난자 노화 설명,오해 정리→영양소 설명→생활 적용,핵심 자막·선택 기준,,,,,,,내용·형식,오약·선영,B,,난소와 세포 노화에 관한 영양소 설명을 여성건강 정보로 전달한다.,게이트 미달이어도 약사·여성건강·생활 건강에 바로 쓸 수 있는 정보 진입점을 갖췄다.,같은 질문을 약국 상담 장면과 명확한 가능·금기 기준으로 각색한다.,,,검토,공개 게시물 HTML에서 좋아요·댓글·게시일·썸네일 확인. 조회수는 최근 12개 프로필 그리드 관측값. 게이트 미달 예외 채택이며 게이트판정은 미달로 유지.,2026-08-06T06:40:00+09:00,DZUy1KeJXaC.jpg,미달,"1만~5만 구간(배수 5.43/6, 조회수 53,000/100,000, 팔로워 23,000)"
YEOGIYAKSA-DaPuWFeIbDn,2026-08-05T15:43:23.065Z,E2-게이트후보,yeogi_yaksa,여기약사 박현지 | 여성건강·임신준비·노산·난임,7309,국내 약사 인플루언서,국내,2026-07-01,36,https://www.instagram.com/yeogi_yaksa/reel/DaPuWFeIbDn/,DaPuWFeIbDn,릴스,,198000,241,62,,,0.001217,,,0.2573,0,광고아님,캡션에 광고 표기 없음,여성건강·약물안전,임산부 미용·시술,돼요와 안 돼요 구분,임신·리쥬란·시술·약물안전,,상황 질문형,돼요와 안 돼요 구분,선택 질문→가능·금기 구분→근거,핵심 자막·선택 기준,,,,,,,내용·형식,오약·선영,B,,임산부가 피해야 할 미용·시술과 안전 기준을 구분한다.,게이트 미달이어도 약사·여성건강·생활 건강에 바로 쓸 수 있는 정보 진입점을 갖췄다.,같은 질문을 약국 상담 장면과 명확한 가능·금기 기준으로 각색한다.,,,검토,공개 게시물 HTML에서 좋아요·댓글·게시일·썸네일 확인. 조회수는 최근 12개 프로필 그리드 관측값. 게이트 미달 예외 채택이며 게이트판정은 미달로 유지.,2026-08-06T06:40:00+09:00,DaPuWFeIbDn.jpg,미달,"1만 미만 구간(배수 6.83/8, 조회수 198,000/30,000, 팔로워 7,309)"
GACHIYAKSA-DT1YAo-k3ay,2026-08-05T15:41:38.659Z,E2-게이트후보,gachiyaksa,가치약사 · 가치로운 건강 영양제 상담,8111,국내 약사 인플루언서,국내,2026-01-22,196,https://www.instagram.com/gachiyaksa/reel/DT1YAo-k3ay/,DT1YAo-k3ay,릴스,,2045,10,0,,,0.004890,,,0.0000,0,광고아님,캡션에 광고 표기 없음,여성건강·생활습관,임신 중 카페인,임신 중 카페인 질문 답변,임신·카페인·커피·약사상담,,상황 질문형,임신 중 카페인 질문 답변,실제 질문→오해 해소→섭취 기준,핵심 자막·선택 기준,,,,,,,내용·형식,오약·선영,B,,임신 중 카페인 섭취 질문에 대한 약사 상담형 답변이다.,게이트 미달이어도 약사·여성건강·생활 건강에 바로 쓸 수 있는 정보 진입점을 갖췄다.,같은 질문을 약국 상담 장면과 명확한 가능·금기 기준으로 각색한다.,,,검토,공개 게시물 HTML에서 좋아요·댓글·게시일·썸네일 확인. 조회수는 최근 12개 프로필 그리드 관측값. 게이트 미달 예외 채택이며 게이트판정은 미달로 유지.,2026-08-06T06:40:00+09:00,DT1YAo-k3ay.jpg,미달,"1만 미만 구간(배수 2.80/8, 조회수 2,045/30,000, 팔로워 8,111)"
MIYUPHARM-DbCj4C_vK1I,2026-08-05T15:55:49.136Z,E2-게이트후보,miyu_pharm,비행약사,1531,국내 약사 인플루언서,국내,2026-07-20,17,https://www.instagram.com/miyu_pharm/reel/DbCj4C_vK1I/,DbCj4C_vK1I,릴스,,38000,140,20,,,0.003684,,,0.1429,0,광고아님,캡션에 광고 표기 없음,약국 이야기·직업,승무원과 약사 직업 비교,두 직업 경험을 비교,약사·승무원·직업·현실,,상황 질문형,두 직업 경험을 비교,비교 질문→경험 대조→개인차 정리,핵심 자막·선택 기준,,,,,,,내용·형식,김주성·오약·선영,B,,승무원과 약사 경험을 비교해 직업 선택의 현실을 보여준다.,게이트 미달이어도 약사·여성건강·생활 건강에 바로 쓸 수 있는 정보 진입점을 갖췄다.,같은 질문을 약국 상담 장면과 명확한 가능·금기 기준으로 각색한다.,,,검토,공개 게시물 HTML에서 좋아요·댓글·게시일·썸네일 확인. 조회수는 최근 12개 프로필 그리드 관측값. 게이트 미달 예외 채택이며 게이트판정은 미달로 유지.,2026-08-06T06:40:00+09:00,DbCj4C_vK1I.jpg,미달,"1만 미만 구간(배수 7.21/8, 조회수 38,000/30,000, 팔로워 1,531)"
YAKSAHWANGHA-DaLTJwJvSBb,2026-08-05T15:51:59.451Z,E2-게이트후보,yaksa_hwanghaeyeon_,황해연 푸드닥터,2121,국내 약사 인플루언서,국내,2026-06-29,38,https://www.instagram.com/yaksa_hwanghaeyeon_/reel/DaLTJwJvSBb/,DaLTJwJvSBb,릴스,,167000,681,15,,,0.004078,,,0.0220,0,광고아님,캡션에 광고 표기 없음,약물안전·다이어트,위고비·마운자로 부작용,다이어트 주사 시작 전후의 부작용 관리 기준,위고비·마운자로·부작용·다이어트·약사,,상황 질문형,위고비·마운자로 부작용을 최소화하는 방법,질문→부작용 항목→관리 기준,핵심 자막·선택 기준,,,,,,,내용·형식,오약·선영,B,,위고비·마운자로 다이어트 주사 사용자의 부작용을 줄이는 방법을 약사 상담형으로 설명한다.,약물안전과 다이어트 주사 상담의 진입 질문을 실제 행동 기준으로 연결한다.,주사 맞고 속이 불편할 때 먼저 확인할 세 가지,,,검토,공개 게시물 HTML에서 좋아요·댓글·게시일·썸네일 확인. 조회수는 최근 12개 프로필 그리드 관측값.,2026-08-06T06:20:00+09:00,DaLTJwJvSBb.jpg,통과,"1만 미만 구간(배수 177.94/8, 조회수 16.7만/3만, 팔로워 2,121)"
MANYJJJUYAKS-DbAEalhT_pA,2026-08-05T15:45:06.292Z,E2-게이트후보,manyjjju_yaksa,마니쭈 약사👩🏻‍⚕️ 손은주 | 다이어트 • 저속노화,5766,국내 약사 인플루언서,국내,2026-07-19,18,https://www.instagram.com/manyjjju_yaksa/reel/DbAEalhT_pA/,DbAEalhT_pA,릴스,,300000,475,26,,,0.001583,,,0.0547,0,광고아님,캡션에 광고 표기 없음,다이어트·생활습관,기름과 다이어트 칼로리 오해,나쁜 기름이 살찌는 이유를 칼로리와 분리해 설명,트랜스지방·올리브유·칼로리·다이어트·식단,,오해 반박형,"나쁜 기름이 칼로리 높아서 살찐다는 말, 사실일까요?",오해 제시→칼로리 기준→식단 적용,오해 표시·핵심 자막·선택 기준,,,,,,,내용·형식,오약·선영,B,,트랜스지방과 올리브유의 칼로리 오해를 풀고 다이어트 식단에서의 차이를 설명한다.,다이어트에서 자주 나오는 식용유 질문을 숫자와 식단 선택으로 연결한다.,올리브유도 살찔까요? 칼로리와 지방의 역할을 나눠 설명하기,,,검토,공개 게시물 HTML에서 좋아요·댓글·게시일·썸네일 확인. 조회수는 최근 12개 프로필 그리드 관측값.,2026-08-06T06:20:00+09:00,DbAEalhT_pA.jpg,통과,"1만 미만 구간(배수 45.50/8, 조회수 30만/3만, 팔로워 5,766)"
MEDI2388-DV7zXo_DmUU,2026-08-05T16:04:05.101Z,E2-게이트후보,medi2388_,약사가든,260,국내 약사 인플루언서,국내,2026-03-15,144,https://www.instagram.com/medi2388_/reel/DV7zXo_DmUU/,DV7zXo_DmUU,릴스,,1367,7,1,,,0.005121,,,0.1429,0,광고아님,캡션에 광고 표기 없음,생활습관·운동건강,연령대별 러닝과 건강,마라톤 현장의 연령 다양성을 꾸준한 운동 메시지로 연결,서울마라톤·러닝·운동·연령·건강,,현장 도입형,80대부터 초등학생까지 함께 달리는 현장,현장 장면→참가자 범위→운동 메시지,현장 자막·참가자 범위 제시,,,,,,,형식,선영,B,,서울마라톤 참가 현장을 통해 나이와 관계없이 꾸준한 운동이 건강에 도움이 된다는 메시지를 전달한다.,참가자 다양성을 한 문장으로 보여주고 생활습관 메시지로 마무리한다.,약국 앞 10분 걷기 챌린지를 연령대별 장면으로 보여주기,,,검토,공개 게시물 HTML에서 좋아요·댓글·게시일·썸네일 확인. 조회수는 최근 12개 프로필 그리드 관측값. 게이트 미달 예외 채택이며 게이트판정은 미달로 유지.,2026-08-06T06:20:00+09:00,DV7zXo_DmUU.jpg,미달,"1만 미만 구간(배수 8.62/8, 조회수 1,367/30,000, 팔로워 260)"
EZYAKSA-DT0KKr2EyZk,2026-08-05T16:00:41.011Z,E2-게이트후보,ez_yaksa,이지부부약사,500,국내 약사 인플루언서,국내,2026-01-22,196,https://www.instagram.com/ez_yaksa/reel/DT0KKr2EyZk/,DT0KKr2EyZk,릴스,,4563,,,,,,,,,0,광고아님,캡션에 광고 표기 없음,영양제·성분,유산균 균주 확인,제품 선택 전에 균주명 전체를 확인해야 하는 이유,유산균·균주·Lactobacillus·제품 선택·약사상담,,선택 질문형,유산균을 고를 때 균 이름을 꼭 확인하세요,선택 질문→표기 예시→구매 기준,제품 표기 예시·핵심 자막,,,,,,,내용·형식,김주성·오약·선영,B,,유산균 제품을 고를 때 균 이름과 균주까지 확인해야 한다는 구매 기준을 설명한다.,영양제 선택에서 소비자가 바로 적용할 수 있는 성분 확인 기준을 제시한다.,유산균 라벨에서 약사가 먼저 보는 세 줄,,,검토,공개 게시물 HTML에서 게시일과 썸네일 확인. 좋아요·댓글은 공개 수치를 읽지 못해 빈칸. 조회수는 최근 12개 프로필 그리드 관측값.,2026-08-06T06:20:00+09:00,DT0KKr2EyZk.jpg,미달,"1만 미만 구간(배수 7.89/8, 조회수 4,563/30,000, 팔로워 500)"
OURMEDROOM-DbF7HpPP8za,2026-08-05T16:00:41.187Z,E2-게이트후보,our_med._room,우리들의 약 공간,374,국내 약사 인플루언서,국내,2026-07-22,15,https://www.instagram.com/our_med._room/reel/DbF7HpPP8za/,DbF7HpPP8za,릴스,,2228,9,0,,,0.004039,,,0.0000,0,광고아님,캡션에 광고 표기 없음,약물안전·다이어트,위고비·마운자로 주의사항,다이어트 주사 사용 전에 확인할 주의사항을 짧게 제시,위고비·마운자로·주의사항·다이어트·약물안전,,약물명 도입형,위고비·마운자로 주의사항,약물명 제시→주의사항 카드→확인 행동,핵심 자막·정보 카드,,,,,,,내용·형식,오약·선영,B,,위고비와 마운자로 사용자가 확인해야 할 주의사항을 짧은 카드형 정보로 제시한다.,다이어트 주사 관련 검색어를 짧은 주의사항 카드로 전환한 형식 레퍼런스다.,주사 이름을 먼저 보여주고 복용 전 확인표를 세 장으로 제시하기,,,검토,공개 게시물 HTML에서 좋아요·댓글·게시일·썸네일 확인. 댓글 공개값 0은 실제 공개값으로 기록. 조회수는 최근 12개 프로필 그리드 관측값. 게이트 미달 예외 채택이며 게이트판정은 미달로 유지.,2026-08-06T06:20:00+09:00,DbF7HpPP8za.jpg,미달,"1만 미만 구간(배수 7.01/8, 조회수 2,228/30,000, 팔로워 374)"
CHOEUNPHARM-Da5TArIBvKn,2026-08-05T16:08:01.068Z,E2-게이트후보,choeunpharm,조은영,200,국내 약사 인플루언서,국내,2026-07-17,20,https://www.instagram.com/choeunpharm/reel/Da5TArIBvKn/,Da5TArIBvKn,릴스,,3786,11,0,,,0.002905,,,0.0000,0,광고아님,캡션에 광고 표기 없음,약물안전·다이어트,마운자로 부작용,다이어트 주사 부작용 질문을 짧은 약사 답변으로 전환,마운자로·위고비·부작용·다이어트약,,약물명 도입형,마운자로 부작용,약물명 제시→부작용 질문→상담 답변,핵심 자막·약물명 강조,,,,,,,내용·형식,오약·선영,B,,마운자로 부작용을 다이어트 주사 사용자의 질문으로 제시하는 짧은 상담형 릴스다.,검색 수요가 높은 약물명을 첫 문장에 두고 상담 질문으로 바로 연결한다.,마운자로 맞고 이런 증상이 생겼다면 먼저 확인할 것,,,검토,공개 게시물 HTML에서 좋아요·댓글·게시일·썸네일 확인. 댓글 공개값 0은 실제 공개값으로 기록. 조회수는 최근 12개 프로필 그리드 관측값. 게이트 미달 예외 채택이며 게이트판정은 미달로 유지.,2026-08-06T06:25:00+09:00,Da5TArIBvKn.jpg,미달,"1만 미만 구간(배수 4.06/8, 조회수 3,786/30,000, 팔로워 200)"
VERDEPHARMAC-CdwYcYHBA7q,2026-08-05T16:00:40.655Z,E2-게이트후보,verdepharmacy1,베르데라이프 정숙희약사,652,국내 약사 인플루언서,국내,2022-05-19,1540,https://www.instagram.com/verdepharmacy1/reel/CdwYcYHBA7q/,CdwYcYHBA7q,릴스,,579,22,0,,,0.037997,,,0.0000,0,광고아님,캡션에 광고 표기 없음,생활습관,습관 형성과 반복,물을 끓이는 반복 행동으로 습관 형성 원리를 설명,습관·반복·생활건강·행동변화,,일상 행동 도입형,물을 끓이는 행동을 끝까지 반복해야 하는 이유,일상 행동→반복 기준→습관화 메시지,행동 장면·핵심 자막,,,,,,,내용·형식,선영,B,,물을 끓이는 일상 행동을 반복과 습관 형성의 생활건강 메시지로 연결한다.,생활 행동 하나를 반복 기준과 건강 습관 메시지로 단순화한다.,약 챙겨 먹기를 습관으로 만드는 반복 장치,,,검토,공개 게시물 HTML에서 좋아요·댓글·게시일·썸네일 확인. 조회수는 최근 12개 프로필 그리드 관측값. 게이트 미달 예외 채택이며 게이트판정은 미달로 유지.,2026-08-06T06:25:00+09:00,CdwYcYHBA7q.jpg,미달,"1만 미만 구간(배수 2.98/8, 조회수 579/30,000, 팔로워 652)"
TIME4PHARM-Cm75yi9Ir_R,2026-08-05T15:49:28.354Z,E2-게이트후보,time4pharm,약먹을시간,2838,국내 약사 인플루언서,국내,2023-01-02,1312,https://www.instagram.com/time4pharm/reel/Cm75yi9Ir_R/,Cm75yi9Ir_R,릴스,,5082,66,4,,,0.012987,,,0.0606,0,광고아님,캡션에 광고 표기 없음,피부·약국템,약국 여드름 외용제 비교,약국에서 살 수 있는 여드름 연고를 성분과 함께 비교,여드름·외용제·살리실산·벤조일퍼옥사이드·약국,,제품 목록형,약국에서 살 수 있는 여드름 연고들,제품 목록→성분 표기→선택 기준,제품명·성분 카드·짧은 비교,,,,,,,내용·형식,선영,B,,약국에서 살 수 있는 여드름 외용제를 성분과 함께 짧고 굵게 비교한다.,제품명과 성분을 한 화면에 묶어 약국 상담용 비교 포맷으로 활용할 수 있다.,약국에서 바로 물어볼 수 있는 여드름 연고 선택표,,,검토,공개 게시물 HTML에서 좋아요·댓글·게시일·썸네일 확인. 조회수는 최근 12개 프로필 그리드 관측값. 게이트 미달 예외 채택이며 게이트판정은 미달로 유지.,2026-08-06T06:25:00+09:00,Cm75yi9Ir_R.jpg,미달,"1만 미만 구간(배수 1.97/8, 조회수 5,082/30,000, 팔로워 2,838)"
MALANGYAKSA-DZcCinKhwJo,2026-08-05T15:47:19.850Z,E2-게이트후보,malang.yaksa,말랑약사 | 인생·건강을 말랑하게 푸는 박병태 약학박사,4838,국내 약사 인플루언서,국내,2026-06-10,57,https://www.instagram.com/malang.yaksa/reel/DZcCinKhwJo/,DZcCinKhwJo,릴스,,2895,,,,,,,,,0,광고아님,캡션에 광고 표기 없음,약물안전·일반약,편의점·약국 감기약 차이,편의점과 약국의 타이레놀·판콜 차이를 안전사고 예방으로 설명,타이레놀·판콜·편의점약·약국약·약물안전,,비교 질문형,편의점 감기약과 약국 감기약은 무엇이 다를까요?,비교 질문→포장·수량 차이→안전 기준,수량 비교·핵심 자막·선택 기준,,,,,,,내용·형식,김주성·선영,B,,편의점 감기약과 약국 감기약의 포장·수량 차이를 약물안전 기준으로 설명한다.,일반약 구매 상황을 안전사고 예방을 위한 구체적인 비교 기준으로 바꾼다.,편의점에서 약을 샀다면 포장지에서 먼저 볼 것,,,검토,공개 게시물 HTML에서 게시일과 썸네일 확인. 좋아요·댓글은 공개 수치를 읽지 못해 빈칸. 조회수는 최근 12개 프로필 그리드 관측값. 게이트 미달 예외 채택이며 게이트판정은 미달로 유지.,2026-08-06T06:25:00+09:00,DZcCinKhwJo.jpg,미달,"1만 미만 구간(배수 1.92/8, 조회수 2,895/30,000, 팔로워 4,838)"
EWHAYAKSA-DB9AAkCg20L,2026-08-05T15:52:30.854Z,E2-게이트후보,ewha_yaksa,이화약사 | 피부미용·건강상담·다이어트,1709,국내 약사 인플루언서,국내,2024-11-04,640,https://www.instagram.com/ewha_yaksa/reel/DB9AAkCg20L/,DB9AAkCg20L,릴스,,4046,49,5,,,0.012111,,,0.1020,0,광고아님,캡션에 광고 표기 없음,피부·뷰티,울쎄라 리프팅 경험,시술 경험을 개인 선택과 자기관리 이야기로 연결,울쎄라·리프팅·피부관리·자기관리,,개인 경험 도입형,37살에게 최고의 선물은 무엇일까요?,개인 질문→시술 경험→선택 이유,시술 장면·개인 자막·선택 이유,,,,,,,형식,선영,B,,울쎄라 리프팅 경험을 자기관리 이야기와 시술 선택의 개인 경험으로 보여준다.,시술명을 숨기지 않고 개인 경험과 자기관리 서사로 자연스럽게 진입한다.,피부 시술을 고민할 때 약사가 먼저 확인하는 선택 기준,,,검토,공개 게시물 HTML에서 좋아요·댓글·게시일·썸네일 확인. 조회수는 최근 12개 프로필 그리드 관측값. 게이트 미달 예외 채택이며 게이트판정은 미달로 유지.,2026-08-06T06:35:00+09:00,DB9AAkCg20L.jpg,미달,"1만 미만 구간(배수 1.64/8, 조회수 4,046/30,000, 팔로워 1,709)"
3PARANMOON-DblRSH7pSR1,2026-08-05T17:44:58.384Z,E2-게이트후보,3paranmoon,3층파란문약국,826,국내 메디컬 인접 계정,국내,2026-08-03,3,https://www.instagram.com/3paranmoon/reel/DblRSH7pSR1/,DblRSH7pSR1,릴스,,29000,26,2,,,0.000897,,,0.0769,0,광고아님,캡션에 광고 표기 없음,생활습관·운동건강,지연성 근육통 DOMS,운동 다음 날 통증을 의학 용어와 시간대 기준으로 설명,DOMS·근육통·운동·통증·회복,,증상 상황형,운동 다음 날 계단 내려갈 때 악 소리 나는 통증,통증 상황→용어 설명→발생 시간대,시간대 카드·증상 자막·용어 강조,,,,,,,내용·형식,김주성·오약·선영,B,,운동 다음 날 생기는 지연성 근육통을 증상과 발생 시간대 기준으로 설명한다.,일상 증상을 의학 용어와 시간대 정보로 바꿔 시청자의 자기점검을 유도한다.,운동 다음 날 근육통과 진료가 필요한 통증을 구분하기,,,검토,공개 게시물 HTML에서 좋아요·댓글·게시일·썸네일 확인. 조회수는 최근 12개 프로필 그리드 관측값. 게이트 미달 예외 채택이며 게이트판정은 미달로 유지.,2026-08-06T06:35:00+09:00,DblRSH7pSR1.jpg,미달,"1만 미만 구간(배수 46.89/8, 조회수 29,000/30,000, 팔로워 826)"
VETERANHOSPI-DaUwHyxKxCX,2026-08-05T17:53:45.170Z,E2-게이트후보,veteranhospital,베테랑병원,524,국내 메디컬 인접 계정,국내,2026-07-03,34,https://www.instagram.com/veteranhospital/reel/DaUwHyxKxCX/,DaUwHyxKxCX,릴스,,22000,61,2,,,0.002773,,,0.0328,0,광고아님,캡션에 광고 표기 없음,생활습관·운동건강,허리통증과 스트레칭 습관,허리를 망치는 습관을 재활치료사와 함께 짚기,허리통증·허리디스크·스트레칭·재활치료,,금기 행동 도입형,지금 당장 멈춰야 하는 허리 망치는 습관 3가지,잘못된 행동→중단 기준→재활 전문가 메시지,금지 표시·동작 시연·핵심 자막,,,,,,,내용·형식,김주성·오약·선영,B,,허리통증을 유발할 수 있는 스트레칭 습관을 재활치료사와 함께 설명한다.,잘못된 행동을 먼저 보여주고 전문가의 중단 기준으로 연결한다.,약을 먹어도 허리가 아플 때 함께 점검할 생활 습관,,,검토,공개 게시물 HTML에서 좋아요·댓글·게시일·썸네일 확인. 조회수는 최근 12개 프로필 그리드 관측값. 게이트 미달 예외 채택이며 게이트판정은 미달로 유지.,2026-08-06T06:35:00+09:00,DaUwHyxKxCX.jpg,미달,"1만 미만 구간(배수 40.22/8, 조회수 22,000/30,000, 팔로워 524)"
SSOFITYAKSA-DbTGvDbSlxQ,2026-08-05T16:18:34.789Z,E2-게이트후보,ssofit_yaksa,"쏘핏 소 윤ㅣ건강꿀팁, 활력, 염증타파",142000,국내 메디컬 인접 계정,국내,2026-07-27,10,https://www.instagram.com/ssofit_yaksa/reel/DbTGvDbSlxQ/,DbTGvDbSlxQ,릴스,,694000,1712,68,,,0.002467,,,0.0397,0,광고아님,캡션에 광고 표기 없음,음주·약물안전,술과 간 건강,술 종류별 위험 요소를 간 건강과 지방 연소로 설명,음주·간수치·간건강·지방연소·약사,,순위형 질문,간수치 폭발시키는 술 TOP5,순위형 질문→술 종류별 설명→간 건강 기준,순위 숫자·술 종류 카드·핵심 자막,,,,,,,내용·형식,오약·선영,B,,술 종류별 간 건강 위험 요소를 순위형 포맷으로 짧게 설명한다.,음주 질문을 순위와 간 건강 기준으로 압축해 정보 소비를 빠르게 만든다.,술자리 전에 간 건강을 위해 먼저 고를 것과 피할 것,,,검토,공개 게시물 HTML에서 좋아요·댓글·게시일·썸네일 확인. 조회수는 최근 12개 프로필 그리드 관측값. 게이트 미달 예외 채택이며 게이트판정은 미달로 유지.,2026-08-06T06:35:00+09:00,DbTGvDbSlxQ.jpg,미달,"10만 이상 구간(배수 35.59/4, 조회수 69.4만/100만, 팔로워 142,000)"
MOHWKR-Da15rqMkuqO,2026-08-05T16:18:34.605Z,E2-게이트후보,mohw_kr,대한민국 보건복지부(복지부),148000,국내 메디컬 인접 계정,국내,2026-07-15,22,https://www.instagram.com/mohw_kr/reel/Da15rqMkuqO/,Da15rqMkuqO,릴스,,349000,47,3,,,0.000135,,,0.0638,0,광고아님,캡션에 광고 표기 없음,여성건강·생활안전,위기임산부 24시간 상담,임신·출산 위기 상황에서 도움을 요청할 수 있는 전화 안내,위기임산부·임신·출산·상담전화·여성건강,,도움 요청형,"임신과 출산이 막막한 순간, 혼자 고민하지 않아도 됩니다",막막한 상황→지원 전화→상담 가능 범위,전화번호 강조·상황 자막·지원 범위 카드,,,,,,,내용·형식,선영,B,,임신과 출산이 막막한 사람에게 24시간 상담전화와 지원 가능 범위를 안내한다.,불안한 상황을 먼저 인정하고 바로 사용할 수 있는 지원 연락처로 연결한다.,임신 중 갑자기 막막해졌을 때 연락할 곳 세 군데,,,검토,공개 게시물 HTML에서 좋아요·댓글·게시일·썸네일 확인. 조회수는 최근 12개 프로필 그리드 관측값. 게이트 미달 예외 채택이며 게이트판정은 미달로 유지.,2026-08-06T06:35:00+09:00,Da15rqMkuqO.jpg,미달,"10만 이상 구간(배수 25.85/4, 조회수 34.9만/100만, 팔로워 148,000)"
SHESMEDIHOSP-DRlw9c2DhVT,2026-08-05T17:31:00.581Z,E2-게이트후보,shesmedi_hospital,쉬즈메디병원_공식 인스타그램,1899,국내 메디컬 인접 계정,국내,2025-11-27,252,https://www.instagram.com/shesmedi_hospital/reel/DRlw9c2DhVT/,DRlw9c2DhVT,릴스,,16000,55,0,,,0.003438,,,0.0000,0,광고아님,캡션에 광고 표기 없음,여성건강·검사,융모막 검사,고위험임신 검사를 실제 케이스로 쉽게 설명,융모막검사·임신·기형아검사·고위험임신,,검사명 도입형,임신 중이라면 꼭 시청: 융모막 검사,검사명→실제 케이스→검사 이해,검사명 자막·실제 케이스·질문 카드,,,,,,,내용·형식,오약·선영,B,,융모막 검사를 실제 케이스와 함께 설명해 고위험 임신 검사의 이해를 돕는다.,어려운 검사명을 실제 사례와 연결해 임신 중 검색 질문에 답한다.,임신 검사 이름이 어려울 때 사례로 먼저 설명하기,,,검토,공개 게시물 HTML에서 좋아요·댓글·게시일·썸네일 확인. 댓글 공개값 0은 실제 공개값으로 기록. 조회수는 최근 12개 프로필 그리드 관측값. 게이트 미달 예외 채택이며 게이트판정은 미달로 유지.,2026-08-06T06:35:00+09:00,DRlw9c2DhVT.jpg,미달,"1만 미만 구간(배수 25.66/8, 조회수 16,000/30,000, 팔로워 1,899)"
JSJSHOSPITAL-DRltF2RDm1r,2026-08-05T17:41:43.069Z,E2-게이트후보,jsjshospital,제이에스병원(수원정형외과),1034,국내 메디컬 인접 계정,국내,2025-11-27,252,https://www.instagram.com/jsjshospital/reel/DRltF2RDm1r/,DRltF2RDm1r,릴스,,12000,8,1,,,0.000667,,,0.1250,0,광고아님,캡션에 광고 표기 없음,의료현장·정형외과,무릎 인공관절 수술 후 회복,수술 다음 날 환자 모습을 통해 회복 과정을 보여주기,무릎인공관절·정형외과·수술회복·통증관리,,환자 장면 도입형,무릎 인공관절 수술 다음 날의 모습,환자 걱정→수술 다음 날 장면→회복 지원 설명,환자 장면·회복 자막·의료진 설명,,,,,,,내용·형식,선영,B,,무릎 인공관절 수술 다음 날 환자의 모습을 보여주며 회복 과정을 설명한다.,환자가 궁금해하는 수술 직후 모습을 실제 장면으로 보여준다.,수술 다음 날 환자가 가장 많이 묻는 회복 질문,,,검토,공개 게시물 HTML에서 좋아요·댓글·게시일·썸네일 확인. 조회수는 최근 12개 프로필 그리드 관측값. 게이트 미달 예외 채택이며 게이트판정은 미달로 유지.,2026-08-06T06:35:00+09:00,DRltF2RDm1r.jpg,미달,"1만 미만 구간(배수 23.79/8, 조회수 12,000/30,000, 팔로워 1,034)"
MADISESANG-DXIdfXVF_Zc,2026-08-05T17:46:33.418Z,E2-게이트후보,madisesang,마디세상병원,731,국내 메디컬 인접 계정,국내,2026-04-14,114,https://www.instagram.com/madisesang/reel/DXIdfXVF_Zc/,DXIdfXVF_Zc,릴스,,3170,59,0,,,0.018612,,,0.0000,0,광고아님,캡션에 광고 표기 없음,증상·정형외과,오십견 방치,오십견을 방치했을 때의 결과를 질문으로 진입,오십견·어깨통증·정형외과·치료,,방치 질문형,오십견 치료를 안 하면 어떻게 될까요?,방치 질문→증상 장면→전문의 영상 연결,증상 장면·질문 자막·전문의 연결,,,,,,,내용·형식,김주성·오약·선영,B,,오십견을 치료하지 않고 방치했을 때 생길 수 있는 문제를 전문의 설명으로 연결한다.,방치 여부를 묻는 질문으로 증상 인지와 전문의 설명을 연결한다.,어깨가 굳기 시작할 때 약국에서 먼저 물어볼 질문,,,검토,공개 게시물 HTML에서 좋아요·댓글·게시일·썸네일 확인. 댓글 공개값 0은 실제 공개값으로 기록. 조회수는 최근 12개 프로필 그리드 관측값. 게이트 미달 예외 채택이며 게이트판정은 미달로 유지.,2026-08-06T06:45:00+09:00,DXIdfXVF_Zc.jpg,미달,"1만 미만 구간(배수 15.02/8, 조회수 3,170/30,000, 팔로워 731)"
SEOULMIZHOSP-DbZYB4LqYsp,2026-08-05T17:39:41.884Z,E2-게이트후보,seoulmizhospital,서울미즈병원,1171,국내 메디컬 인접 계정,국내,2026-07-29,8,https://www.instagram.com/seoulmizhospital/reel/DbZYB4LqYsp/,DbZYB4LqYsp,릴스,,8644,14,0,,,0.001620,,,0.0000,0,광고아님,캡션에 광고 표기 없음,여성건강·생활습관,임산부 카페인 허용 기준,임신 중 커피 섭취량 질문을 의사 Q&A로 답변,임신·카페인·커피·임산부·산부인과,,질문형 Q&A,"임산부 카페인 허용 기준, 커피 몇 잔 마셔도 되나요?",허용량 질문→의사 답변→시청 유도,질문 자막·의사 답변·기준 강조,,,,,,,내용·형식,오약·선영,B,,임신 중 카페인 허용 기준을 산부인과 의사의 Q&A로 설명한다.,임산부가 실제로 검색하는 섭취량 질문을 의료진 답변으로 바로 연결한다.,임신 중 커피를 마셔도 되는지 약사가 답하는 세 문장,,,검토,공개 게시물 HTML에서 좋아요·댓글·게시일·썸네일 확인. 댓글 공개값 0은 실제 공개값으로 기록. 조회수는 최근 12개 프로필 그리드 관측값. 게이트 미달 예외 채택이며 게이트판정은 미달로 유지.,2026-08-06T06:45:00+09:00,DbZYB4LqYsp.jpg,미달,"1만 미만 구간(배수 13.80/8, 조회수 8,644/30,000, 팔로워 1,171)"
DOCTORHWANY-DbArP4UvgFU,2026-08-05T16:28:28.201Z,E2-게이트후보,doctor_hwany,이동환,32000,국내 메디컬 인접 계정,국내,2026-07-19,18,https://www.instagram.com/doctor_hwany/reel/DbArP4UvgFU/,DbArP4UvgFU,릴스,,65000,946,15,,,0.014554,,,0.0159,0,광고아님,캡션에 광고 표기 없음,의료정보·생활안전,응급실 방문 전 응급의료정보 확인,응급실 헛걸음을 줄이는 공식 포털 사용법 안내,응급실·E-Gen·응급의료정보·보건복지부·생활안전,,불편 상황형,"한밤중 응급실, 더 이상 헛걸음하지 마세요",불편 상황→공식 포털 소개→검색 단계,검색 단계 번호·공식 포털명·화면 안내,,,,,,,내용·형식,선영,B,,응급실 방문 전 공식 응급의료정보 포털을 검색해 이용하는 방법을 안내한다.,불안한 응급 상황을 공식 정보 확인 행동으로 바꾸는 실용적인 안내 구조다.,밤에 아이가 아플 때 응급실 가기 전 확인할 공식 정보,,,검토,공개 게시물 HTML에서 좋아요·댓글·게시일·썸네일 확인. 조회수는 최근 12개 프로필 그리드 관측값. 게이트 미달 예외 채택이며 게이트판정은 미달로 유지.,2026-08-06T06:45:00+09:00,DbArP4UvgFU.jpg,미달,"1만~5만 구간(배수 11.90/6, 조회수 65,000/100,000, 팔로워 32,000)"
DREAMHOSP-C4Hcw39Nwod,2026-08-05T17:36:19.178Z,E2-게이트후보,dreamhosp,드림종합병원,1388,국내 메디컬 인접 계정,국내,2024-03-04,885,https://www.instagram.com/dreamhosp/reel/C4Hcw39Nwod/,C4Hcw39Nwod,릴스,,1400,19,0,,,0.013571,,,0.0000,0,광고아님,캡션에 광고 표기 없음,의료현장·비뇨의학,비뇨의학과 진료 범위,전문의 소개와 남성 생식기·요로 질환 진료 범위를 한 번에 안내,비뇨의학과·전립선·방광염·요로감염·전문의,,전문의 소개형,비뇨의학과 전문의가 진료하는 질환들,전문의 소개→진료 범위→질환 예시,전문의 소개·질환 목록·핵심 자막,,,,,,,내용·형식,선영,B,,비뇨의학과 전문의 소개와 전립선·요로감염·방광염 등 진료 범위를 안내한다.,병원 전문과의 진료 범위를 질환명으로 구체화해 검색 질문과 연결한다.,비뇨의학과에 가야 하는 증상 세 가지,,,검토,공개 게시물 HTML에서 좋아요·댓글·게시일·썸네일 확인. 댓글 공개값 0은 실제 공개값으로 기록. 조회수는 최근 12개 프로필 그리드 관측값. 게이트 미달 예외 채택이며 게이트판정은 미달로 유지.,2026-08-06T06:45:00+09:00,C4Hcw39Nwod.jpg,미달,"1만 미만 구간(배수 8.89/8, 조회수 1,400/30,000, 팔로워 1,388)"
RUNPHARMACIS-DWn4bnzkyWO,2026-08-05T15:40:23.036Z,E2-게이트후보,run.pharmacist,런약사,9820,국내 약사 인플루언서,국내,2026-04-02,126,https://www.instagram.com/run.pharmacist/reel/DWn4bnzkyWO/,DWn4bnzkyWO,릴스,,335000,2112,97,,,0.006304,,,0.0459,0,광고아님,캡션에 광고 표기 없음,생활습관·운동건강,러닝 부상,러닝 부상 이야기를 다음 편 예고와 유튜브 연결로 확장,러닝부상·달리기부상·마라톤·런약사,,시리즈 예고형,기다리시던 러닝 부상 2편,기다림 유도→부상 주제→다음 채널 연결,다음 편 예고·해시태그·채널 연결,,,,,,,형식,김주성·오약·선영,B,,러닝 부상 주제를 짧은 다음 편 예고와 유튜브 연결로 확장한다.,운동 부상 주제를 짧은 예고로 끊고 다른 채널로 이어지는 시리즈 구조다.,약사 상담 2편을 기다리게 만드는 증상 시리즈 운영,,,검토,공개 게시물 HTML에서 좋아요·댓글·게시일·썸네일 확인. 조회수는 최근 12개 프로필 그리드 관측값. 게이트 미달 예외 채택이며 게이트판정은 미달로 유지.,2026-08-06T06:55:00+09:00,DWn4bnzkyWO.jpg,미달,"1만 미만 구간(배수 5.63/8, 조회수 33.5만/30,000, 팔로워 9,820)"
UMMAYAKSA-DIYJq9kTdoQ,2026-08-05T15:55:48.937Z,E2-게이트후보,ummayaksa,엄마약사,1537,국내 약사 인플루언서,국내,2025-04-12,481,https://www.instagram.com/ummayaksa/reel/DIYJq9kTdoQ/,DIYJq9kTdoQ,릴스,,1529,21,2,,,0.013734,,,0.0952,0,광고아님,캡션에 광고 표기 없음,약국 이야기·직업,일요일 약국 운영,휴일 약국을 지키는 약사의 일상과 이용자 감사로 연결,일요일약국·약국일상·엄마약사·약국이용,,현장 일상형,일요일 약국을 지키는 약사,휴일 근무 장면→이용자 반응→약사 보람,약국 장면·이용자 반응·감정 자막,,,,,,,내용·형식,김주성·오약·선영,B,,일요일 약국을 운영하는 약사의 일상과 이용자에게 고마움을 듣는 장면을 보여준다.,약국 운영자의 일상을 이용자 감사와 연결해 직업 공감 진입점을 만든다.,휴일에 문 연 약국에서 실제로 가장 많이 묻는 질문,,,검토,공개 게시물 HTML에서 좋아요·댓글·게시일·썸네일 확인. 조회수는 최근 12개 프로필 그리드 관측값. 게이트 미달 예외 채택이며 게이트판정은 미달로 유지.,2026-08-06T06:55:00+09:00,DIYJq9kTdoQ.jpg,미달,"1만 미만 구간(배수 1.62/8, 조회수 1,529/30,000, 팔로워 1,537)"
SUEYAKSA-DarI1BUzSJQ,2026-08-05T15:58:17.100Z,E2-게이트후보,sue_yaksa,슈슈 Sue | 모두의 약사 친구 박수빈,1011,국내 약사 인플루언서,국내,2026-07-11,26,https://www.instagram.com/sue_yaksa/reel/DarI1BUzSJQ/,DarI1BUzSJQ,릴스,,67000,419,20,,,0.006254,,,0.0477,0,광고아님,캡션에 광고 표기 없음,영양제·성분,다이소 영양제 성분표 확인,가격보다 성분표를 먼저 보는 영양제 선택 기준,다이소영양제·성분표·영양제선택·약사상담,,구매 경고형,"다이소 영양제, 사기 전에 성분표부터 보세요",구매 경고→성분표 비교→저장·공유 유도,성분표 확대·비교 카드·저장 유도,,,,,,,내용·형식,김주성·오약·선영,B,,다이소 영양제를 사기 전에 성분표를 확인해야 하는 이유와 선택 기준을 설명한다.,가격과 효과의 차이를 성분표 확인 행동으로 바꾼다.,영양제 라벨에서 약사가 먼저 보는 네 칸,,,검토,공개 게시물 HTML에서 좋아요·댓글·게시일·썸네일 확인. 조회수는 최근 12개 프로필 그리드 관측값. 게이트 미달 예외 채택이며 게이트판정은 미달로 유지.,2026-08-06T06:55:00+09:00,DarI1BUzSJQ.jpg,미달,"1만 미만 구간(배수 2.98/8, 조회수 67,000/30,000, 팔로워 1,011)"
MUSEYAKSA-DX9gIi-pen-,2026-08-05T16:08:01.594Z,E2-게이트후보,muse_yaksa,뮤즈약사 은지,40,국내 약사 인플루언서,국내,2026-05-05,93,https://www.instagram.com/muse_yaksa/reel/DX9gIi-pen-/,DX9gIi-pen-,릴스,,342,1,0,,,0.002924,,,0.0000,0,광고아님,캡션에 광고 표기 없음,생활습관·운동건강,식단·웨이트·걷기 루틴,약사의 휴일 루틴을 식단과 운동 습관으로 보여주기,식단·웨이트·만보걷기·비타민D·생활습관,,루틴 도입형,"평일엔 식단과 웨이트, 주말엔 만보 걷기",평일 루틴→주말 걷기→생활습관 메시지,루틴 자막·일상 장면·운동 컷,,,,,,,형식,선영,B,,약사의 평일 식단·웨이트와 주말 걷기 루틴을 생활습관 콘텐츠로 보여준다.,전문가의 생활 루틴을 짧게 보여줘 따라 하기 쉬운 형식으로 만든다.,약사가 실천하는 약 챙기기와 수면 루틴,,,검토,공개 게시물 HTML에서 좋아요·댓글·게시일·썸네일 확인. 댓글 공개값 0은 실제 공개값으로 기록. 조회수는 최근 12개 프로필 그리드 관측값. 게이트 미달 예외 채택이며 게이트판정은 미달로 유지.,2026-08-06T06:55:00+09:00,DX9gIi-pen-.jpg,미달,"1만 미만 구간(배수 1.74/8, 조회수 342/30,000, 팔로워 40)"
LILLYYAKSA-DPuPGidE7Xm,2026-08-05T16:16:05.197Z,E2-게이트후보,lilly_yaksa,릴리 김소정 | 쉽고 정직한 건강정보,275000,국내 메디컬 인접 계정,국내,2025-10-12,298,https://www.instagram.com/lilly_yaksa/reel/DPuPGidE7Xm/,DPuPGidE7Xm,릴스,,715000,2146,112,,,0.003001,,,0.0522,0,광고아님,캡션에 광고 표기 없음,피부·생활습관,약사의 관리 루틴 VLOG,약사의 두피·피부관리와 생활 루틴을 브이로그로 보여주기,약사VLOG·두피스케일링·피부관리·생활루틴,,브이로그 도입형,나혼산 30대 약사의 관리의 날,하루 계획→관리 장면→루틴 정리,관리 장면 몽타주·일정 자막·빠른 컷,,,,,,,형식,선영,B,,30대 약사의 관리의 날을 두피·피부관리와 생활 루틴 브이로그로 보여준다.,전문가의 관리 루틴을 브이로그 문법으로 보여줘 시청자의 자기관리 진입을 만든다.,약사가 쉬는 날 약국 상담 준비하는 루틴 VLOG,,,검토,공개 게시물 HTML에서 좋아요·댓글·게시일·썸네일 확인. 조회수는 최근 12개 프로필 그리드 관측값. 게이트 미달 예외 채택이며 게이트판정은 미달로 유지.,2026-08-06T06:55:00+09:00,DPuPGidE7Xm.jpg,미달,"10만 이상 구간(배수 4.33/4, 조회수 71.5만/100만, 팔로워 275,000)"
MEDICALKOREA-DZ9ecXpR7Qg,2026-08-05T16:25:27.507Z,E2-게이트후보,medicalkoreaofficial,Medical Korea,35000,국내 메디컬 인접 계정,국내,2026-06-24,43,https://www.instagram.com/medicalkoreaofficial/reel/DZ9ecXpR7Qg/,DZ9ecXpR7Qg,릴스,,542000,160,128,,,0.000295,,,0.8000,0,광고아님,캡션에 광고 표기 없음,식품·생활건강,채소 조리와 영양,채소를 너무 익히지 말아야 하는 이유를 짧은 영양 상식으로 설명,채소·조리·영양·식단·생활건강,,조리 오해 반박형,이 채소는 너무 익히면 안 되는 이유,조리 오해→채소별 주의→식단 적용,채소 장면·조리 전후 비교·핵심 자막,,,,,,,내용·형식,김주성·오약·선영,B,,채소를 과하게 익히지 말아야 하는 이유를 식단에 적용할 수 있는 짧은 영양 상식으로 전달한다.,식단 질문을 조리 행동과 영양 상식으로 바꿔 바로 적용할 수 있게 한다.,영양소를 덜 잃는 채소 조리법 세 가지,,,검토,공개 게시물 HTML에서 좋아요·댓글·게시일·썸네일 확인. 조회수는 최근 12개 프로필 그리드 관측값. 게이트 미달 예외 채택이며 게이트판정은 미달로 유지.,2026-08-06T07:05:00+09:00,DZ9ecXpR7Qg.jpg,미달,"1만~5만 구간(배수 5.56/6, 조회수 54.2만/10만, 팔로워 35,000)"
HUMCHEALTH-DTe86jeghYP,2026-08-05T16:30:12.246Z,E2-게이트후보,humc_health,한림대의료원,21000,국내 메디컬 인접 계정,국내,2026-01-14,204,https://www.instagram.com/humc_health/reel/DTe86jeghYP/,DTe86jeghYP,릴스,,43000,15,1,,,0.000349,,,0.0667,0,광고아님,캡션에 광고 표기 없음,생활습관,수분 과다 섭취 주의,물을 많이 마시면 좋다는 오해를 두통·피로 증상과 균형 섭취로 정리,수분섭취·과다섭취·두통·피로·생활건강,,건강 오해 반박형,물을 많이 마시면 무조건 좋을까요?,건강 오해→과다 섭취 증상→균형 기준,증상 자막·섭취량 균형 카드,,,,,,,내용·형식,김주성·오약·선영,B,,물을 많이 마실수록 좋다는 오해를 과다 섭취 증상과 균형 섭취 기준으로 설명한다.,익숙한 건강 상식을 반박하고 증상과 행동 기준으로 연결한다.,물을 많이 마셔도 계속 피곤할 때 확인할 것,,,검토,공개 게시물 HTML에서 좋아요·댓글·게시일·썸네일 확인. 조회수는 최근 12개 프로필 그리드 관측값. 게이트 미달 예외 채택이며 게이트판정은 미달로 유지.,2026-08-06T07:05:00+09:00,DTe86jeghYP.jpg,미달,"1만~5만 구간(배수 1.10/6, 조회수 43,000/100,000, 팔로워 21,000)"
HELLOKHIDI-Da7ABcPSFJf,2026-08-05T16:33:53.598Z,E2-게이트후보,hello_khidi,한국보건산업진흥원,14000,국내 메디컬 인접 계정,국내,2026-07-17,20,https://www.instagram.com/hello_khidi/reel/Da7ABcPSFJf/,Da7ABcPSFJf,릴스,,1462,16,0,,,0.010944,,,0.0000,0,광고아님,캡션에 광고 표기 없음,의료정보·브랜드,메디컬코리아 브랜드 필름,질병과 싸우는 순간을 의료기술 브랜드 메시지로 압축,Medical Korea·의료기술·브랜드필름·환자·희망,,브랜드 선언형,"병과 맞서는 모든 순간, 우리는 파이터가 됩니다",위기 상황→의료기술 메시지→브랜드 선언,브랜드 필름 컷·의료기술 자막·감정 음악,,,,,,,형식,선영,B,,질병과 싸우는 순간을 의료기술과 희망의 브랜드 필름으로 압축해 보여준다.,의료기술을 환자의 감정과 연결해 브랜드 메시지로 압축한다.,약을 고르는 순간을 환자의 싸움과 회복 메시지로 연결하기,,,검토,공개 게시물 HTML에서 좋아요·댓글·게시일·썸네일 확인. 조회수는 최근 12개 프로필 그리드 관측값. 게이트 미달 예외 채택이며 게이트판정은 미달로 유지.,2026-08-06T07:15:00+09:00,Da7ABcPSFJf.jpg,미달,"1만~5만 구간(배수 2.51/6, 조회수 1,462/100,000, 팔로워 14,000)"
INHAUH-DbFm-9si-62,2026-08-05T16:38:32.533Z,E2-게이트후보,inha_uh,인하대병원 공식 인스타그램,10000,국내 메디컬 인접 계정,국내,2026-07-22,15,https://www.instagram.com/inha_uh/reel/DbFm-9si-62/,DbFm-9si-62,릴스,,11000,27,1,,,0.002455,,,0.0370,0,광고아님,캡션에 광고 표기 없음,의료현장·병원,외래진료 4단계,진료 전부터 시작되는 환자 경험을 4단계로 구조화,인하대병원·외래진료·환자경험·진료과정,,과정 공개형,"좋은 진료의 기준, 외래진료 4STEP 공개",진료 전 질문→4단계 소개→환자 경험 메시지,단계 번호·진료 장면·환자 관점 자막,,,,,,,내용·형식,선영,B,,인하대병원의 외래진료 과정을 진료 전부터 시작되는 4단계 환자 경험으로 보여준다.,추상적인 좋은 진료를 환자가 따라갈 수 있는 4단계로 구체화한다.,약국 상담도 접수부터 복약 후속관리까지 4단계로 보여주기,,,검토,공개 게시물 HTML에서 좋아요·댓글·게시일·썸네일 확인. 댓글 공개값 1은 실제 공개값으로 기록. 조회수는 최근 12개 프로필 그리드 관측값. 게이트 미달 예외 채택이며 게이트판정은 미달로 유지.,2026-08-06T07:15:00+09:00,DbFm-9si-62.jpg,미달,"1만~5만 구간(배수 1.60/6, 조회수 11,000/100,000, 팔로워 10,000)"
CELLMEDOFFIC-DS3eVcGEqzy,2026-08-05T16:38:32.744Z,E2-게이트후보,cellmed.official,셀메드,9824,국내 메디컬 인접 계정,국내,2025-12-29,220,https://www.instagram.com/cellmed.official/reel/DS3eVcGEqzy/,DS3eVcGEqzy,릴스,,657000,32,2,,,0.000049,,,0.0625,0,광고아님,캡션에 광고 표기 없음,영양제·성분,건강기능식품 선택 기준,면역학 박사의 설명으로 올바른 건강기능식품 선택 기준 제시,건강기능식품·면역학·영양제선택·약사·성분,,전문가 질문형,면역학 박사가 말하는 올바른 건강기능식품,전문가 질문→선택 기준→제품 확인 행동,전문가 인터뷰·키워드 자막·제품 장면,,,,,,,내용·형식,김주성·오약·선영,B,,면역학 박사의 설명을 통해 올바른 건강기능식품을 고르는 기준을 제시한다.,전문가 권위를 성분 선택 행동으로 연결하는 건강기능식품 설명 포맷이다.,면역력을 위해 영양제를 고를 때 확인할 성분표,,,검토,공개 게시물 HTML에서 좋아요·댓글·게시일·썸네일 확인. 조회수는 최근 12개 프로필 그리드 관측값. 게이트 미달 예외 채택이며 게이트판정은 미달로 유지.,2026-08-06T07:15:00+09:00,DS3eVcGEqzy.jpg,미달,"1만 미만 구간(배수 5.02/8, 조회수 65.7만/30,000, 팔로워 9,824)"
DOUKNOWHS-DWyDE2ikepZ,2026-08-05T17:48:25.095Z,E2-게이트후보,do_u.know.hs,두유노건기식,670,국내 메디컬 인접 계정,국내,2026-04-06,122,https://www.instagram.com/do_u.know.hs/reel/DWyDE2ikepZ/,DWyDE2ikepZ,릴스,,6220,55,2,,,0.008842,,,0.0364,0,광고아님,캡션에 광고 표기 없음,약물안전·음주,술과 약물 상호작용,술과 약을 함께 먹을 때 약물 대사와 독성 위험 설명,술·약물상호작용·간대사·독성·약물안전,,복용 질문형,"술, 약이랑 같이 드시나요?",복용 질문→상호작용 원리→위험 약물 예시,상호작용 원리·위험 약물 번호 카드,,,,,,,내용·형식,김주성·오약·선영,B,,술과 약을 함께 먹을 때 약물 대사와 독성이 달라질 수 있다는 약물안전 정보를 설명한다.,술과 약을 함께 먹는 실제 상황을 약물 대사와 독성 위험으로 설명한다.,술자리 전 약 봉투에서 먼저 확인할 세 가지,,,검토,공개 게시물 HTML에서 좋아요·댓글·게시일·썸네일 확인. 조회수는 최근 12개 프로필 그리드 관측값. 게이트 미달 예외 채택이며 게이트판정은 미달로 유지.,2026-08-06T07:15:00+09:00,DWyDE2ikepZ.jpg,미달,"1만 미만 구간(배수 5.85/8, 조회수 6,220/30,000, 팔로워 670)"
HELLOHEALTHP-DbAbw1kB97X,2026-08-05T16:44:06.989Z,E2-게이트후보,hello_health_pr,국민건강보험 일산병원,7657,국내 메디컬 인접 계정,국내,2026-07-20,17,https://www.instagram.com/hello_health_pr/reel/DbAbw1kB97X/,DbAbw1kB97X,릴스,,1748,39,0,,,0.022311,,,0.0000,0,광고아님,캡션에 광고 표기 없음,의료정보·브랜드,권역모자의료센터 소개,유명인 방문과 센터장 설명으로 병원 특화 기능을 전달,권역모자의료센터·병원소개·센터장설명·의료브랜드,,방문형 소개,이 병원 권역모자의료센터가 특별한 이유?,방문 장면 → 센터장 설명 → 핵심 기능 요약,방문 장면과 센터장 인터뷰를 빠르게 교차 편집,,,,,,,내용·정식,선영,B,,유명인 방문 장면과 센터장 설명을 연결해 병원 특화 기능을 짧게 소개한다.,병원 기능을 추상적으로 말하지 않고 방문 장면과 담당자 설명으로 구체화한다.,약국·건강 상담 공간의 특화 기능을 방문 장면과 담당자 한 문장으로 소개한다.,,,검토,공개 HTML에서 좋아요·댓글·게시일을 확인. 조회수는 관측 스냅샷 값 사용. 게이트 미달을 유지.,2026-08-06T06:55:02+09:00,DbAbw1kB97X.jpg,미달,"1만 미만 구간(배수 3.57/8, 조회수 1,748/30,000, 팔로워 7,657)"
BAROPHARMOFF-DZuKHedBVwW,2026-08-05T16:45:50.459Z,E2-게이트후보,baropharm_official,바로팜 공식계정 약사 커뮤니티ㅣ팜올플러스,6752,국내 메디컬 인접 계정,국내,2026-06-18,49,https://www.instagram.com/baropharm_official/reel/DZuKHedBVwW/,DZuKHedBVwW,릴스,,104000,,,,,,,,,0,광고아님,캡션에 광고 표기 없음,약국 이야기·일반약,일반약 상담 노하우,타이레놀 요청 뒤 추가 질문이 필요한 이유를 약사 설명으로 전달,일반약·타이레놀·약사상담·복약안전,,익숙한 요청 뒤집기,타이레놀을 요청해도 꼭 다시 물어봐야 하는 이유,익숙한 요청 제시 → 다시 물어야 하는 이유 → 상담 기준 설명,약사 출연자의 설명과 핵심 질문 자막을 교차 배치,,,,,,,내용·정식,김주성·선영,B,,타이레놀을 요청받았을 때 추가로 확인해야 할 이유를 약사의 상담 노하우로 설명한다.,일반약 상담을 단순 제품 추천이 아니라 추가 질문과 안전 확인의 문제로 바꾼다.,두통·감기약 상담에서 먼저 확인할 질문을 한 장면 한 질문 구조로 보여준다.,,,검토,공개 HTML 설명에서 2026-06-18 게시일과 일반약 상담 내용을 확인했으나 좋아요·댓글 수는 공개 형식으로 파싱되지 않아 빈칸 처리.,2026-08-06T06:55:02+09:00,DZuKHedBVwW.jpg,미달,"1만 미만 구간(배수 3.47/8, 조회수 104,000/30,000, 팔로워 6,752)"
ICMCSEOUL-C7K14U6LiI5,2026-08-05T16:45:50.677Z,E2-게이트후보,icmcseoul,가톨릭대학교 서울성모병원,6312,국내 메디컬 인접 계정,국내,2024-05-19,809,https://www.instagram.com/icmcseoul/reel/C7K14U6LiI5/,C7K14U6LiI5,릴스,,2182,33,0,,,0.015124,,,0.0000,0,광고아님,캡션에 광고 표기 없음,약물안전·의료정보,면역치료제 이해,교수 설명으로 암 환자의 면역치료제 궁금증을 해소,면역치료제·암치료·종양내과·교수설명,,전문가 질문 답변,암 환자에게 새로운 희망을 주는 면역치료제가 궁금하다면,환자 궁금증 제시 → 교수 설명 → 치료 핵심 정리,교수 발화 중심에 핵심 용어 자막을 덧붙임,,,,,,,내용·정식,선영,B,,종양내과 교수가 면역치료제의 핵심을 설명해 환자 궁금증을 해소한다.,어려운 치료 용어를 환자 질문과 전문가 답변의 짧은 흐름으로 정리한다.,약물·검사 정보를 전문가 한 문장과 환자 눈높이 자막으로 나눠 전달한다.,,,검토,공개 HTML에서 좋아요·댓글·게시일을 확인. 조회수는 관측 스냅샷 값 사용. 게이트 미달을 유지.,2026-08-06T06:55:02+09:00,C7K14U6LiI5.jpg,미달,"1만 미만 구간(배수 1.88/8, 조회수 2,182/30,000, 팔로워 6,312)"
KUMEDICINEGU-DameBBhhuJd,2026-08-05T16:47:45.371Z,E2-게이트후보,kumedicine_guro,고대구로병원ㅣ공식 인스타그램,6073,국내 메디컬 인접 계정,국내,2026-07-09,28,https://www.instagram.com/kumedicine_guro/reel/DameBBhhuJd/,DameBBhhuJd,릴스,,6698,213,3,,,0.031801,,,0.0141,0,광고아님,캡션에 광고 표기 없음,의료현장·소아건강,신생아 치료와 퇴원 이야기,환자 가족의 경험과 병원 치료 과정을 짧은 이야기로 전달,신생아·신생아중환자실·출산·병원경험,,환자 경험형,고대구로병원에서 태어난 아기의 치료와 회복 이야기,응원 메시지 → 출산 상황 → 치료 후 회복,응원 메시지와 치료 경과 자막을 짧은 장면으로 연결,,,,,,,내용·정식,선영,B,,신생아 치료와 회복 과정을 환자 가족의 실제 경험 중심으로 전달한다.,병원 성과를 직접 주장하지 않고 환자 가족의 경험과 회복 과정으로 보여준다.,상담 전후의 실제 경험을 개인정보 없이 단계별 카드와 한 문장 인터뷰로 정리한다.,,,검토,공개 HTML에서 좋아요·댓글·게시일을 확인. 조회수는 관측 스냅샷 값 사용. 육아가 아닌 의료현장·소아건강으로 분류.,2026-08-06T06:55:02+09:00,DameBBhhuJd.jpg,미달,"1만 미만 구간(배수 6.22/8, 조회수 6,698/30,000, 팔로워 6,073)"
ULSANUUH-DHIZGxyT79A,2026-08-05T16:47:45.588Z,E2-게이트후보,ulsan_uuh,울산대학교병원 공식 계정,5881,국내 메디컬 인접 계정,국내,2025-03-13,511,https://www.instagram.com/ulsan_uuh/reel/DHIZGxyT79A/,DHIZGxyT79A,릴스,,4630,,,,,,,,,0,광고아님,캡션에 광고 표기 없음,의료현장·병원,회진 전 환자 확인,회진 전 확인해야 할 세 가지를 체크리스트로 전달,회진·환자안전·병원현장·체크리스트,,체크리스트,"회진 전, 체크 필수 3가지는?",회진의 의미 제시 → 확인 항목 3가지 → 실천 강조,체크 항목을 번호 자막과 짧은 현장 장면으로 분리,,,,,,,내용·정식,선영,B,,회진 전 확인할 세 가지를 체크리스트로 제시해 환자 안전과 배려를 강조한다.,병원 구성원의 행동 기준을 세 항목으로 압축해 기억하기 쉽게 만든다.,약국 상담 전 확인할 세 가지를 손동작·번호 자막·현장 컷으로 구성한다.,,,검토,공개 HTML 설명에서 2025-03-13 게시일과 회진 체크리스트를 확인했으나 좋아요·댓글 수는 공개 형식으로 파싱되지 않아 빈칸 처리.,2026-08-06T06:55:02+09:00,DHIZGxyT79A.jpg,미달,"1만 미만 구간(배수 1.76/8, 조회수 4,630/30,000, 팔로워 5,881)"
BODOCOFFICIA-DYBB3UlTvPz,2026-08-05T16:49:36.540Z,E2-게이트후보,bodoc_official,보닥 공식 인스타그램,5065,국내 메디컬 인접 계정,국내,2026-05-06,92,https://www.instagram.com/bodoc_official/reel/DYBB3UlTvPz/,DYBB3UlTvPz,릴스,,770,1,0,,,0.001299,,,0.0000,0,광고아님,캡션에 광고 표기 없음,다이어트·생활습관,다이어트 정보 판별,온라인 다이어트 정보의 오류 가능성을 통계와 질문으로 환기,다이어트·건강정보·정보판별·생활습관,,충격 통계,당신이 본 다이어트 영상의 97.9%가 부정확하다면?,시청자 고민 제시 → 충격 통계 → 정보 확인 필요성 강조,통계 숫자를 크게 제시한 뒤 시청자 고민과 설명을 연결,,,,,,,내용·정식,오약·선영,B,,온라인 다이어트 영상의 부정확성을 통계로 제시해 건강정보를 확인해야 한다는 메시지를 전달한다.,다이어트 조언을 바로 제시하지 않고 잘못된 정보에 대한 경계심부터 만든다.,다이어트 영양제·식단 정보의 오해를 실제 검색 화면과 팩트 체크 카드로 비교한다.,,,검토,공개 HTML에서 좋아요·댓글·게시일을 확인. 다이어트 일반 정보이므로 김주성 배정에서 제외. 게이트 미달을 유지.,2026-08-06T06:55:02+09:00,DYBB3UlTvPz.jpg,미달,"1만 미만 구간(배수 1.55/8, 조회수 770/30,000, 팔로워 5,065)"
MARIABABYOFF-Dab1KseBPDm,2026-08-05T16:51:25.097Z,E2-게이트후보,mariababy_official,마리아병원,5056,국내 메디컬 인접 계정,국내,2026-07-05,32,https://www.instagram.com/mariababy_official/reel/Dab1KseBPDm/,Dab1KseBPDm,릴스,,24000,128,4,,,0.005333,,,0.0313,0,광고아님,캡션에 광고 표기 없음,여성건강·출산,시험관 시술 자가주사,시험관 시술을 시작한 사람이 헷갈리는 주사 정보를 경험 기반으로 정리,시험관·자가주사·난임·여성건강,,불안 공감형,시험관 시작하고 제일 무서웠던 자가주사,두려움 공감 → 주사 이름·시간 정리 → 시작 전 확인,주사 이름·시간·주의점을 카드 자막으로 단계화,,,,,,,내용·정식,선영,B,,시험관 시술 초기의 자가주사 정보를 경험 기반으로 정리해 불안을 낮춘다.,시술 전 막연한 두려움을 실제 질문과 단계별 정리로 바꾼다.,여성건강 상담에서 처음 듣는 약·검사 용어를 질문 카드와 일정표로 정리한다.,,,검토,공개 HTML에서 좋아요·댓글·게시일을 확인. 의료 조언은 의료진 확인이 필요하다는 전제를 유지.,2026-08-06T06:55:02+09:00,Dab1KseBPDm.jpg,미달,"1만 미만 구간(배수 2.91/8, 조회수 24,000/30,000, 팔로워 5,056)"
PRIEFOFFICIA-DSZi0mtEoIZ,2026-08-05T16:51:25.313Z,E2-게이트후보,prief_official,약사 교육 플랫폼 PRIEF(프리프),4635,국내 메디컬 인접 계정,국내,2025-12-18,231,https://www.instagram.com/prief_official/reel/DSZi0mtEoIZ/,DSZi0mtEoIZ,릴스,,9286,42,2,,,0.004523,,,0.0476,0,광고아님,캡션에 광고 표기 없음,약물안전·의약품,갑상선 호르몬 치료,T4·T3 변환과 갑상선 호르몬 치료의 오해를 약사 교육형으로 설명,갑상선호르몬·T3·T4·약물안전·약사교육,,오해 바로잡기,갑상선 호르몬 치료의 진실,오해 제시 → 호르몬 변환 설명 → 안전성 결론,T3·T4 용어를 비유와 단계 자막으로 설명,,,,,,,내용·정식,공용,B,,갑상선 호르몬 치료의 작동 원리와 오해를 약사 교육형 설명으로 정리한다.,전문 용어를 작동 원리와 안전성 결론으로 연결해 교육 콘텐츠로 만든다.,약 성분·작용 원리를 한 줄 오해와 한 줄 사실의 반복 구조로 설명한다.,,,검토,공개 HTML에서 좋아요·댓글·게시일을 확인. 뷰티·다이어트·제품 리뷰가 아닌 의약품 교육으로 공용 배정.,2026-08-06T06:55:02+09:00,DSZi0mtEoIZ.jpg,미달,"1만 미만 구간(배수 1.75/8, 조회수 9,286/30,000, 팔로워 4,635)"
DRHAIRLEE-DS9wMOFkqJu,2026-08-05T16:30:12.014Z,E2-게이트후보,dr.hair_lee,압구정 헤어닥터 이건민,21000,국내 메디컬 인접 계정,국내,2026-01-01,217,https://www.instagram.com/dr.hair_lee/reel/DS9wMOFkqJu/,DS9wMOFkqJu,릴스,,1650000,918,83,,,0.000556,,,0.0904,0,광고아님,캡션에 광고 표기 없음,피부·건강상식,털을 핀셋으로 뽑을 때의 피부 주의,익숙한 미용 행동의 위험을 짧은 이유 설명으로 환기,피부건강·털뽑기·핀셋·피부과전문의,,행동 금지형,핀셋으로 털 뽑으면 안 되는 이유,행동 금지 제시 → 이유 설명 → 피부 손상 주의,행동 장면과 피부 손상 이유를 짧은 자막으로 연결,,,,,,,내용·정식,선영,B,,핀셋으로 털을 뽑으면 안 되는 이유를 피부 건강 관점에서 짧게 설명한다.,누구나 해본 행동을 바로 질문으로 바꿔 전문 지식 진입 장벽을 낮춘다.,약 복용·피부 관리에서 흔히 하는 행동 하나를 제시하고 위험 이유를 한 문장으로 설명한다.,,,검토,공개 HTML에서 좋아요·댓글·게시일을 확인. 뷰티·피부 주제는 선영만 배정. 게이트 통과를 유지.,2026-08-06T07:02:00+09:00,DS9wMOFkqJu.jpg,통과,"1만~5만 구간(배수 71.74/6, 조회수 165만/10만, 팔로워 2.1만)"
OKHIRA-DauHwloj9rT,2026-08-05T16:28:27.980Z,E2-게이트후보,ok_hira,건강보험심사평가원,34000,국내 메디컬 인접 계정,국내,2026-07-12,25,https://www.instagram.com/ok_hira/reel/DauHwloj9rT/,DauHwloj9rT,릴스,,735000,28,0,,,0.000038,,,0.0000,0,광고아님,캡션에 광고 표기 없음,의료정보·브랜드,동네 병원 의료진 브랜드,병원 의료진을 영화 예고편처럼 소개해 친근한 병원 이미지를 형성,병원브랜드·의료진·지역병원·브랜드영상,,영화 예고편형,버팀목 같은 우리 동네 병원 히어로,영화 예고편 톤 → 의료진 소개 → 병원 친밀감 강조,예고편 자막과 의료진·병원 장면을 빠르게 조합,,,,,,,형식·정식,선영,B,,동네 병원 의료진을 영화 예고편 형식으로 소개해 병원 브랜드 친밀도를 높인다.,병원 소개를 기관 문구 대신 감정적 장르 문법으로 바꿔 기억에 남게 한다.,약국 구성원을 ‘오늘의 상담 히어로’로 소개하는 짧은 예고편을 만든다.,,,검토,공개 HTML에서 좋아요·댓글·게시일을 확인. 의료 브랜드 형식 레퍼런스로 채택. 게이트 통과를 유지.,2026-08-06T07:02:00+09:00,DauHwloj9rT.jpg,통과,"1만~5만 구간(배수 21.62/6, 조회수 73.5만/10만, 팔로워 3.4만)"
YONGSANINT-DHpEQFYS7Fc,2026-08-05T17:03:03.914Z,E2-게이트후보,yongsanint,용산성모내과의원,3328,국내 메디컬 인접 계정,국내,2025-03-25,499,https://www.instagram.com/yongsanint/reel/DHpEQFYS7Fc/,DHpEQFYS7Fc,릴스,,661000,,,,,,,,,0,광고아님,캡션에 광고 표기 없음,건강검진·생활습관,국가검진 추가 혈액검사,국가검진에서 추가로 확인할 검사 항목을 전문의 한 문장으로 제시,국가검진·혈액검사·건강검진·내과전문의,,검진 질문형,국가 검진 시 피검사로 추가할 것,검진 상황 제시 → 추가 검사 항목 → 질환 위험과 연결,검사 항목을 해시태그와 짧은 전문의 설명으로 압축,,,,,,,내용·정식,선영,B,,국가검진 때 혈액검사로 추가할 항목을 내과 전문의가 간단히 설명한다.,검진이라는 익숙한 상황에서 시청자가 놓치기 쉬운 질문을 바로 꺼낸다.,약국 방문자가 자주 놓치는 복용·검사 확인 항목을 ‘추가로 물어볼 것’ 형식으로 제시한다.,,,검토,공개 HTML 설명에서 2025-03-25 게시일과 국가검진·혈액검사 내용을 확인했으나 좋아요·댓글 수는 공개 형식으로 파싱되지 않아 빈칸 처리.,2026-08-06T07:02:00+09:00,DHpEQFYS7Fc.jpg,통과,"1만 미만 구간(배수 169.51/8, 조회수 66.1만/30,000, 팔로워 3,328)"
KUMEDICINEOF-DazAdTZgzNO,2026-08-05T16:33:52.881Z,E2-게이트후보,kumedicine_official,고려대학교병원,18000,국내 메디컬 인접 계정,국내,2026-07-14,23,https://www.instagram.com/kumedicine_official/reel/DazAdTZgzNO/,DazAdTZgzNO,릴스,,572000,2878,104,,,0.005031,,,0.0361,0,광고아님,캡션에 광고 표기 없음,증상·뇌혈관,미니 뇌졸중 경고 증상,증상이 사라져도 안심하면 안 되는 이유를 경고형으로 전달,미니뇌졸중·뇌졸중·증상·응급대응,,위험 경고형,잠깐 괜찮아졌다고 안심하면 절대 안 되는 미니 뇌졸중,증상 호전 제시 → 위험 경고 → 즉시 대응 강조,경고 이모지와 증상·대응 자막을 단계별로 배치,,,,,,,내용·정식,공용,A,,미니 뇌졸중 증상이 사라져도 마지막 경고일 수 있다는 점을 경고형으로 설명한다.,증상이 사라졌다는 안도감을 반전시켜 응급 대응 메시지를 강하게 남긴다.,증상 완화 뒤에도 확인해야 할 약물·응급 신호를 ‘괜찮아져도 확인’ 구조로 전달한다.,,,검토,공개 HTML에서 좋아요·댓글·게시일을 확인. 뷰티·다이어트·제품 리뷰가 아니므로 공용 배정. 게이트 통과를 유지.,2026-08-06T07:02:00+09:00,DazAdTZgzNO.jpg,통과,"1만~5만 구간(배수 40.75/6, 조회수 57.2만/10만, 팔로워 1.8만)"
GUNGINAMTV-DNF3H9cSY1_,2026-08-05T16:30:11.793Z,E2-게이트후보,gunginam_tv,건기남,26000,국내 메디컬 인접 계정,국내,2025-08-08,363,https://www.instagram.com/gunginam_tv/reel/DNF3H9cSY1_/,DNF3H9cSY1_,릴스,,191000,119,9,,,0.000623,,,0.0756,0,광고아님,캡션에 광고 표기 없음,여성건강·영양제,질 유산균 정보 판별,질 유산균의 효용에 대한 소비자 의문을 질문과 팩트 확인으로 전환,여성건강·질유산균·건강기능식품·정보판별,,제품 기대 뒤집기,"질 유산균, 정말 질에 좋은 걸까?",제품 기대감 제시 → 진짜 효용 질문 → 근거 확인,제품명과 질문 자막을 먼저 보여준 뒤 전문가 설명으로 전환,,,,,,,내용·정식,공용,B,,질 유산균의 효용을 소비자 기대와 근거 확인의 대비로 설명한다.,제품명을 바로 추천하지 않고 효용에 대한 질문을 먼저 던져 정보 판별을 유도한다.,여성건강 영양제의 광고 문구와 확인해야 할 근거를 질문·답변 카드로 나눈다.,,,검토,공개 HTML에서 좋아요·댓글·게시일을 확인. 제품 판매형이 아닌 정보 판별형으로 판단해 채택. 영양제 상한 감시 대상에 포함.,2026-08-06T07:02:00+09:00,DNF3H9cSY1_.jpg,통과,"1만~5만 구간(배수 16.29/6, 조회수 19.1만/10만, 팔로워 2.6만)"
CSUHOFFICIAL-DbAWt70yf5x,2026-08-05T17:01:03.546Z,E2-게이트후보,csuh_official,조선대학교병원ㅣChosun University Hospital,4382,국내 메디컬 인접 계정,국내,2026-07-19,18,https://www.instagram.com/csuh_official/reel/DbAWt70yf5x/,DbAWt70yf5x,릴스,,2810,68,0,,,0.024199,,,0.0000,0,광고아님,캡션에 광고 표기 없음,증상·소아건강,영유아 열성경련 대처,갑작스러운 경련 상황에서 보호자가 확인할 대처 정보를 짧게 전달,열성경련·영유아·응급대응·소아건강,,응급 상황형,아이가 열이 나면서 갑자기 팔다리를 떨고 의식을 잃는다면,위험 상황 제시 → 대처법 안내 → 영상 확인 유도,증상 장면과 대처 순서를 경고 자막으로 단계화,,,,,,,내용·정식,공용,B,,영유아 열성경련이 발생했을 때 확인할 대처법을 병원 정보형으로 전달한다.,보호자가 당황하기 쉬운 상황을 증상과 대처 순서로 분리해 전달한다.,약물·응급 증상 콘텐츠를 ‘이럴 때는 무엇을 먼저 확인할까’ 순서형 카드로 구성한다.,,,검토,공개 HTML에서 좋아요·댓글·게시일을 확인. 육아 브이로그가 아닌 소아 응급 증상 정보로 분류해 공용 배정. 게이트 미달을 유지.,2026-08-06T07:12:00+09:00,DbAWt70yf5x.jpg,미달,"1만 미만 구간(배수 2.07/8, 조회수 2,810/30,000, 팔로워 4,382)"
GANGDONGKYUN-DbH6325st9p,2026-08-05T17:03:04.119Z,E2-게이트후보,gangdong_kyunghee,강동경희대학교병원,3199,국내 메디컬 인접 계정,국내,2026-07-22,15,https://www.instagram.com/gangdong_kyunghee/reel/DbH6325st9p/,DbH6325st9p,릴스,,1732,,,,,,,,,0,광고아님,캡션에 광고 표기 없음,증상·이비인후과,돌발성 난청 위험,계절·환경 요인과 돌발성 난청을 교수 연구 결과로 연결,돌발성난청·이비인후과·고온다습·교수연구,,계절 위험형,"돌발성 난청, 덥고 습한 여름에 더 위험하다면",계절 위험 제시 → 연구 결과 소개 → 증상 주의,날씨 조건과 교수 연구 결과를 짧은 카드 자막으로 연결,,,,,,,내용·정식,공용,B,,고온다습한 여름철 돌발성 난청 위험을 교수 연구 결과와 함께 설명한다.,계절 정보를 증상 위험과 연결해 시청자가 자신의 상태를 점검하게 한다.,날씨·생활습관 때문에 달라지는 복약·증상 주의점을 계절별 체크리스트로 전달한다.,,,검토,공개 HTML 설명에서 2026-07-22 게시일과 돌발성 난청 연구 내용을 확인했으나 좋아요·댓글 수는 공개 형식으로 파싱되지 않아 빈칸 처리. 게이트 미달을 유지.,2026-08-06T07:12:00+09:00,DbH6325st9p.jpg,미달,"1만 미만 구간(배수 3.30/8, 조회수 1,732/30,000, 팔로워 3,199)"
KUANSANHOSPI-Dbm2wdRiGgf,2026-08-05T17:05:10.362Z,E2-게이트후보,kuansanhospital,고려대학교 안산병원 | 공식 인스타그램,2990,국내 메디컬 인접 계정,국내,2026-08-03,3,https://www.instagram.com/kuansanhospital/reel/Dbm2wdRiGgf/,Dbm2wdRiGgf,릴스,,4297,40,1,,,0.009309,,,0.0250,0,광고아님,캡션에 광고 표기 없음,의료현장·신경외과,뇌종양센터 의료진 이야기,뇌종양 환자의 일상 회복을 의료진의 판단과 팀 이야기로 전달,뇌종양·신경외과·의료진·병원브랜드,,의료진 팀 소개,뇌종양에 맞서는 의사가 가진 무기는?,환자 목표 제시 → 의료진 역할 → 팀의 판단 강조,의료진 초상과 수술·진료 공간을 짧은 문장으로 연결,,,,,,,형식·정식,공용,B,,뇌종양센터 의료진의 판단과 팀워크를 환자의 일상 회복이라는 목표와 연결한다.,병원 기술을 나열하지 않고 환자의 회복 목표와 의료진의 판단으로 보여준다.,약국 상담의 목표를 먼저 제시하고 그 목표를 지키는 구성원의 역할을 한 컷씩 소개한다.,,,검토,공개 HTML에서 좋아요·댓글·게시일을 확인. 병원 브랜드·의료현장 레퍼런스로 채택. 게이트 미달을 유지.,2026-08-06T07:12:00+09:00,Dbm2wdRiGgf.jpg,미달,"1만 미만 구간(배수 2.97/8, 조회수 4,297/30,000, 팔로워 2,990)"
CONNECTCAREO-DXN0mp2gfXC,2026-08-05T17:05:10.576Z,E2-게이트후보,connectcare_official,커넥트케어-약·올바르게 복용하자,2933,국내 메디컬 인접 계정,국내,2026-04-16,112,https://www.instagram.com/connectcare_official/reel/DXN0mp2gfXC/,DXN0mp2gfXC,릴스,,344,4,0,,,0.011628,,,0.0000,0,광고아님,캡션에 광고 표기 없음,영양제·남성건강,쏘팔메토 전립선 건강 정보,건강기능식품의 효용을 질문형으로 제시하고 성분 정보를 설명,쏘팔메토·전립선건강·건강기능식품·성분정보,,효용 질문형,"쏘팔메토, 전립선 건강에 정말 도움이 될까요?",효용 질문 → 성분 소개 → 기대 범위 설명,성분명과 기능 설명을 식물 이미지·짧은 자막으로 연결,,,,,,,내용·정식,공용,B,,쏘팔메토가 전립선 건강에 도움이 되는지 성분 정보와 함께 설명한다.,제품 추천보다 성분의 기대 효용을 먼저 질문해 정보 판별 흐름을 만든다.,영양제 성분의 효용·한계·복용 주의를 질문과 답변 카드로 나눈다.,,,검토,공개 HTML에서 좋아요·댓글·게시일을 확인. 제품 판매보다 성분 정보형으로 판단해 채택. 영양제 상한 감시 대상에 포함. 게이트 미달을 유지.,2026-08-06T07:12:00+09:00,DXN0mp2gfXC.jpg,미달,"1만 미만 구간(배수 1.35/8, 조회수 344/30,000, 팔로워 2,933)"
SHINYJJEONG-DawZjSXzZCK,2026-08-05T17:21:38.730Z,E2-게이트후보,shiny_jjeong,약국언니l Good Better Best l마켓굿베베,2889,국내 메디컬 인접 계정,국내,2026-07-13,24,https://www.instagram.com/shiny_jjeong/reel/DawZjSXzZCK/,DawZjSXzZCK,릴스,,2380,,,,,,,,,0,광고아님,캡션에 광고 표기 없음,생활습관·감기,냉방병과 여름감기 구분,비슷한 증상을 같은 질환으로 오해하는 상황을 비교 설명으로 정리,냉방병·여름감기·기침·목통증,,증상 비교형,냉방병인 줄 알았는데 여름감기였다고요?,증상 공감 → 두 질환 비교 → 구분 필요성 강조,두 질환의 증상과 차이를 비교 카드로 분리,,,,,,,내용·정식,공용,B,,냉방병과 여름감기의 증상이 비슷해도 다른 질환일 수 있다는 점을 설명한다.,비슷한 증상을 하나의 원인으로 단정하는 오해를 비교 구조로 바로잡는다.,약국에서 자주 혼동하는 증상 두 가지를 나란히 비교해 확인 질문으로 연결한다.,,,검토,공개 HTML 설명에서 2026-07-13 게시일과 냉방병·여름감기 비교 내용을 확인했으나 좋아요·댓글 수는 공개 형식으로 파싱되지 않아 빈칸 처리. 게이트 미달을 유지.,2026-08-06T07:22:00+09:00,DawZjSXzZCK.jpg,미달,"1만 미만 구간(배수 6.44/8, 조회수 2,380/30,000, 팔로워 2,889)"
CNUHOFFICIAL-C5zcV4xS1-Z,2026-08-05T17:25:44.929Z,E2-게이트후보,cnuh_official,전남대학교병원,2680,국내 메디컬 인접 계정,국내,2024-04-15,843,https://www.instagram.com/cnuh_official/reel/C5zcV4xS1-Z/,C5zcV4xS1-Z,릴스,,3538,44,0,,,0.012436,,,0.0000,0,광고아님,캡션에 광고 표기 없음,의료현장·병원,병원 친절 직원 이야기,환자 곁을 지키는 간호사의 행동을 사연과 축하 형식으로 소개,간호사·환자경험·병원브랜드·친절,,사연 축하형,환자 곁을 지켜주는 친절한 미소의 주인공,사연 소개 → 직원 등장 → 환자 중심 메시지,직원 초상과 환자 사연 자막을 차분하게 연결,,,,,,,형식·정식,선영,B,,환자 곁을 지키는 간호사를 사연과 축하 형식으로 소개해 병원 경험을 전달한다.,기관 홍보를 직원의 실제 행동과 환자 사연으로 구체화한다.,약국에서 신뢰를 만든 상담 행동을 고객 사연과 구성원 한 문장으로 보여준다.,,,검토,공개 HTML에서 좋아요·댓글·게시일을 확인. 병원 인물·환자경험 레퍼런스로 채택. 게이트 미달을 유지.,2026-08-06T07:22:00+09:00,C5zcV4xS1-Z.jpg,미달,"1만 미만 구간(배수 2.01/8, 조회수 3,538/30,000, 팔로워 2,680)"
GOODHOSPITAL-Dbj_Bj8AREj,2026-08-05T17:27:15.569Z,E2-게이트후보,goodhospitals,은성의료재단 좋은병원들,2531,국내 메디컬 인접 계정,국내,2026-07-31,6,https://www.instagram.com/goodhospitals/reel/Dbj_Bj8AREj/,Dbj_Bj8AREj,릴스,,14000,42,1,,,0.003000,,,0.0238,0,광고아님,캡션에 광고 표기 없음,여성건강·출산,자연분만 출산 후기,출산 과정의 도전과 선택을 실제 산모 경험 중심으로 전달,자연분만·출산후기·산모·여성건강,,실제 후기형,"40주 4일, 자연분만을 원했던 초산맘의 도전",출산 목표 제시 → 과정의 어려움 → 출산 결과와 경험,출산 전 기대와 실제 경험을 장면·자막으로 단계화,,,,,,,내용·정식,선영,B,,자연분만을 선택한 산모의 출산 과정을 실제 후기 형식으로 전달한다.,출산 정보를 추상적 설명보다 산모의 선택과 경험으로 이해하게 한다.,여성건강 상담 정보를 실제 질문·경험·전문가 확인의 세 단계로 구성한다.,,,검토,공개 HTML에서 좋아요·댓글·게시일을 확인. 육아 브이로그가 아닌 출산 경험 정보로 분류해 선영 배정. 게이트 미달을 유지.,2026-08-06T07:22:00+09:00,Dbj_Bj8AREj.jpg,미달,"1만 미만 구간(배수 6.69/8, 조회수 14,000/30,000, 팔로워 2,531)"
KHISINSTA-DTPaymmCXrw,2026-08-05T17:27:15.569Z,E2-게이트후보,khis_insta,한국보건의료정보원,2515,국내 메디컬 인접 계정,국내,2026-01-07,211,https://www.instagram.com/khis_insta/reel/DTPaymmCXrw/,DTPaymmCXrw,릴스,,774,24,0,,,0.031008,,,0.0000,0,광고아님,캡션에 광고 표기 없음,의료정보·생활안전,나의건강기록 앱 현장 홍보,상급종합병원 현장에서 건강기록 앱을 직접 소개하는 공공서비스 방식,나의건강기록·건강정보·공공서비스·병원현장,,현장 체험형,전국 상급종합병원 21개소에서 직접 소개한 나의건강기록 앱,현장 방문 → 앱 소개 → 이용 장면,병원 현장 방문과 앱 설명 장면을 짧게 연결,,,,,,,형식·정식,공용,B,,상급종합병원 방문 현장에서 나의건강기록 앱을 소개하는 공공서비스 콘텐츠다.,공공서비스를 기관 설명에 그치지 않고 이용자가 만나는 현장으로 보여준다.,약 복용 기록·상담 준비 서비스를 약국 방문 전후의 실제 장면으로 설명한다.,,,검토,공개 HTML에서 좋아요·댓글·게시일을 확인. 공공 건강정보 서비스 형식 레퍼런스로 채택. 게이트 미달을 유지.,2026-08-06T07:22:00+09:00,DTPaymmCXrw.jpg,미달,"1만 미만 구간(배수 1.78/8, 조회수 774/30,000, 팔로워 2,515)"
NMCOFFICIAL-Dbc4dpIRU65,2026-08-05T17:27:15.569Z,E2-게이트후보,nmc_official,국립중앙의료원,2426,국내 메디컬 인접 계정,국내,2026-07-31,6,https://www.instagram.com/nmc_official/reel/Dbc4dpIRU65/,Dbc4dpIRU65,릴스,,3146,42,0,,,0.013350,,,0.0000,0,광고아님,캡션에 광고 표기 없음,의료현장·병원,환자 감사 사연과 간호사,내원객의 따뜻한 사연을 간호사 출연으로 전달,국립중앙의료원·간호사·환자사연·병원브랜드,,감사 사연형,내원객의 따뜻한 이야기를 대신 전해드립니다,사연 전달 → 간호사 출연 → 감사 메시지,사연 자막과 간호사 인터뷰를 감정선 중심으로 연결,,,,,,,형식·정식,선영,B,,내원객의 감사 사연을 간호사 출연과 연결해 병원 경험을 전달한다.,병원 가치를 기관 문구보다 환자 사연과 직원 표정으로 전달한다.,고객의 감사·질문·후기를 구성원의 실제 답변과 연결해 신뢰를 만든다.,,,검토,공개 HTML에서 좋아요·댓글·게시일을 확인. 병원 커뮤니케이션 레퍼런스로 채택. 게이트 미달을 유지.,2026-08-06T07:22:00+09:00,Dbc4dpIRU65.jpg,미달,"1만 미만 구간(배수 3.84/8, 조회수 3,146/30,000, 팔로워 2,426)"
KPANEWS1968-DbmyTrcI6Xd,2026-08-05T17:27:15.569Z,E2-게이트후보,kpanews1968,약사공론,2400,국내 메디컬 인접 계정,국내,2026-08-03,3,https://www.instagram.com/kpanews1968/reel/DbmyTrcI6Xd/,DbmyTrcI6Xd,릴스,,1201,3,0,,,0.002498,,,0.0000,0,광고아님,캡션에 광고 표기 없음,여성건강·의약품,피임약 작용 원리,피임약이 배란과 점액에 미치는 작용을 30초 설명으로 압축,피임약·배란·여성건강·약사설명,,30초 설명형,피임약은 어떤 원리일까요?,질문 제시 → 작용 원리 설명 → 핵심 용어 정리,배란·점액 작용을 짧은 문장과 도식 자막으로 설명,,,,,,,내용·정식,공용,B,,피임약이 배란과 점액에 작용하는 원리를 약사 설명으로 짧게 전달한다.,의약품 작용 원리를 비유와 핵심 용어로 압축해 이해를 돕는다.,일반약·여성건강 의약품의 작용 원리를 30초 질문·답변으로 정리한다.,,,검토,공개 HTML에서 좋아요·댓글·게시일을 확인. 여성건강 의약품 정보로 공용 배정. 게이트 미달을 유지.,2026-08-06T07:22:00+09:00,DbmyTrcI6Xd.jpg,미달,"1만 미만 구간(배수 1.58/8, 조회수 1,201/30,000, 팔로워 2,400)"
HIMCHANHOSPI-DXglmS_jDZc,2026-08-05T17:28:52.030Z,E2-게이트후보,himchanhospital,힘찬병원,2166,국내 메디컬 인접 계정,국내,2026-04-24,104,https://www.instagram.com/himchanhospital/reel/DXglmS_jDZc/,DXglmS_jDZc,릴스,,518,12,0,,,0.023166,,,0.0000,0,광고아님,캡션에 광고 표기 없음,생활습관·운동건강,클라이밍 어깨·손가락 손상,클라이밍 동작에서 집중되는 부위와 과사용 증상을 운동 주의로 전달,클라이밍·어깨부상·손가락부상·운동건강,,운동 주의형,클라이밍에서 어깨와 손가락 부상을 주의하세요,운동 동작 제시 → 손상 부위 설명 → 과사용 주의,운동 동작과 손상 부위를 해부학 자막으로 연결,,,,,,,내용·정식,공용,B,,클라이밍에서 어깨와 손가락에 생길 수 있는 과사용 손상을 설명한다.,운동을 막연히 권하거나 금지하지 않고 특정 동작과 손상 부위를 연결한다.,운동·다이어트 영양제 콘텐츠에서 행동 장면과 주의할 증상을 한 화면에 배치한다.,,,검토,공개 HTML에서 좋아요·댓글·게시일을 확인. 운동건강 정보형으로 공용 배정. 게이트 미달을 유지.,2026-08-06T07:22:00+09:00,DXglmS_jDZc.jpg,미달,"1만 미만 구간(배수 1.65/8, 조회수 518/30,000, 팔로워 2,166)"
KOMEFOFFICIA-CwfUBGbIOsA,2026-08-05T17:28:52.030Z,E2-게이트후보,komef_official,한국의료재단 종합검진센터(여의도IFC) 공식 인스타그램,2050,국내 메디컬 인접 계정,국내,2023-08-28,1074,https://www.instagram.com/komef_official/reel/CwfUBGbIOsA/,CwfUBGbIOsA,릴스,,367,12,1,,,0.032698,,,0.0833,0,광고아님,캡션에 광고 표기 없음,건강검진·생활습관,종합검진센터 방문 소개,건강검진센터 방문을 탐색형 영상으로 보여줘 검진 접근성을 높임,건강검진·종합검진센터·검진안내·병원브랜드,,방문 탐색형,건강을 찾아 한국의료재단 종합검진센터를 찾다,센터 방문 → 공간·검진 소개 → 이용 유도,검진 공간과 안내 문구를 이동 동선처럼 연결,,,,,,,형식·정식,선영,B,,종합검진센터를 방문해 공간과 검진 서비스를 탐색형으로 소개한다.,검진센터 정보를 시설 목록이 아니라 방문 경험으로 전달한다.,약국 상담 공간과 추천 동선을 실제 방문자의 시선으로 보여준다.,,,검토,공개 HTML에서 좋아요·댓글·게시일을 확인. 검진센터 방문형 레퍼런스로 채택. 게이트 미달을 유지.,2026-08-06T07:22:00+09:00,CwfUBGbIOsA.jpg,미달,"1만 미만 구간(배수 2.57/8, 조회수 367/30,000, 팔로워 2,050)"
EOYEOMOOFFIC-DQp0Dryj7JO,2026-08-05T17:34:26.095Z,E2-게이트후보,_eoyeomo_official,어여모,1558,국내 메디컬 인접 계정,국내,2025-11-04,275,https://www.instagram.com/_eoyeomo_official/reel/DQp0Dryj7JO/,DQp0Dryj7JO,릴스,,4572,0,0,,,0.000000,,,,0,광고아님,캡션에 광고 표기 없음,여성건강·약사교육,임신·수유기 약물상담 교육,임산부 상담 전문약사 교육을 전문의·교수 강사진과 연결,임신·수유·약물상담·전문약사·여성건강,,교육 과정 소개형,10년째 이어온 임산부상담 전문약사 교육,교육 과정 소개 → 강사진·협력기관 → 상담 대상 제시,교육 과정·강사진·상담 대상을 정보 카드로 나눔,,,,,,,내용·정식,선영,B,,임신·수유기 약물상담 전문약사 교육의 구조와 대상을 소개한다.,여성건강 의약품 상담의 전문성을 교육 과정과 협력기관으로 구체화한다.,여성건강 상담에서 자주 나오는 질문을 전문약사 교육형 미니 강의로 풀어낸다.,,,검토,공개 HTML에서 좋아요·댓글·게시일을 확인했으며 좋아요 0은 공개 표시값 그대로 기록. 제품 판매가 아닌 약사 교육으로 분류. 게이트 미달을 유지.,2026-08-06T07:32:00+09:00,DQp0Dryj7JO.jpg,미달,"1만 미만 구간(배수 5.16/8, 조회수 4,572/30,000, 팔로워 1,558)"
NIDSKOREA-DY0r9SigYJU,2026-08-05T17:34:26.095Z,E2-게이트후보,nids_korea,한국의료기기안전정보원,1526,국내 메디컬 인접 계정,국내,2026-05-26,72,https://www.instagram.com/nids_korea/reel/DY0r9SigYJU/,DY0r9SigYJU,릴스,,345,6,0,,,0.017391,,,0.0000,0,광고아님,캡션에 광고 표기 없음,의료정보·생활안전,의료기기의 날 소개,의료기기 산업과 건강·안전의 관계를 기념일 정보로 전달,의료기기·의료안전·공공정보·기념일,,기념일 질문형,"5월 29일은 의료기기의 날, 어떤 날인지 알아볼까요?",기념일 질문 → 지정 목적 → 건강·안전 역할,기념일·지정 목적·안전 역할을 캐릭터와 카드로 설명,,,,,,,내용·정식,공용,B,,의료기기의 날과 의료기기 산업이 건강과 안전에 미치는 역할을 소개한다.,낯선 산업·공공 주제를 기념일이라는 쉬운 진입점으로 설명한다.,약물안전·복약 관련 공공 제도를 기념일·질문·핵심 역할의 세 장면으로 소개한다.,,,검토,공개 HTML에서 좋아요·댓글·게시일을 확인. 의료기기 안전 공공정보로 채택. 게이트 미달을 유지.,2026-08-06T07:32:00+09:00,DY0r9SigYJU.jpg,미달,"1만 미만 구간(배수 1.34/8, 조회수 345/30,000, 팔로워 1,526)"
PILLGRAMOFFI-DCNekggMRWs,2026-08-05T17:38:09.359Z,E2-게이트후보,pillgram_official,맞춤영양제 필그램 PILLGRAM,1364,국내 메디컬 인접 계정,국내,2024-11-10,634,https://www.instagram.com/pillgram_official/reel/DCNekggMRWs/,DCNekggMRWs,릴스,,1496,9,3,,,0.006016,,,0.3333,0,광고아님,캡션에 광고 표기 없음,영양제·광고판별,맞춤영양제 복용 주의,맞춤영양제도 성분과 복용법을 확인해야 한다는 질문형 정보,맞춤영양제·복용법·성분확인·건강기능식품,,효과 의문형,영양제도 아무거나 먹으면 효과가 없을 수 있다면?,효과 의문 제시 → 맞춤 제품의 한계 → 성분 확인 유도,맞춤영양제 포장과 성분 확인 자막을 교차 배치,,,,,,,내용·정식,공용,B,,맞춤영양제도 무조건 효과가 있는 것은 아니라는 점을 성분·복용법 확인으로 연결한다.,제품을 바로 추천하지 않고 성분·복용법을 확인해야 한다는 판단 기준을 준다.,영양제 광고 문구를 성분·근거·복용 주의 세 칸으로 나눠 확인한다.,,,검토,공개 HTML에서 좋아요·댓글·게시일을 확인. 제품 계정이지만 게시물은 맞춤영양제 과장 기대를 점검하는 정보형으로 채택. 영양제 상한 감시 대상. 게이트 미달을 유지.,2026-08-06T07:32:00+09:00,DCNekggMRWs.jpg,미달,"1만 미만 구간(배수 3.96/8, 조회수 1,496/30,000, 팔로워 1,364)"
YONSEIWOORIH-Da_vYM-N-VF,2026-08-05T17:39:41.884Z,E2-게이트후보,yonseiwoori_hospital,연세우리병원(척추·관절·내과·검진),1174,국내 메디컬 인접 계정,국내,2026-07-19,18,https://www.instagram.com/yonseiwoori_hospital/reel/Da_vYM-N-VF/,Da_vYM-N-VF,릴스,,264,1,0,,,0.003788,,,0.0000,0,광고아님,캡션에 광고 표기 없음,의료현장·정형외과,양방향 척추 내시경 치료 사례,치료 사례와 시술명을 짧게 제시해 척추 치료 정보를 전달,척추내시경·정형외과·치료사례·병원정보,,치료 사례형,"양방향 척추 내시경, 열 번째 치료 사례",치료 사례 제시 → 시술명 소개 → 병원 정보,시술명·치료 사례·병원 위치를 순서대로 배치,,,,,,,내용·정식,선영,B,,양방향 척추 내시경 치료 사례를 짧은 병원 정보형으로 소개한다.,전문 시술명을 환자 사례와 연결해 병원 정보의 진입 장벽을 낮춘다.,약국 상담 사례를 증상·확인 질문·안전한 다음 행동 순서로 정리한다.,,,검토,공개 HTML에서 좋아요·댓글·게시일을 확인. 병원 치료 사례 정보로 채택. 게이트 미달을 유지.,2026-08-06T07:32:00+09:00,Da_vYM-N-VF.jpg,미달,"1만 미만 구간(배수 1.18/8, 조회수 264/30,000, 팔로워 1,174)"
YAKMANAGEROF-DOaYqrsCRC8,2026-08-05T17:41:43.069Z,E2-게이트후보,yakmanager_official,약매니저,1043,국내 메디컬 인접 계정,국내,2025-09-09,331,https://www.instagram.com/yakmanager_official/reel/DOaYqrsCRC8/,DOaYqrsCRC8,릴스,,374,5,0,,,0.013369,,,0.0000,0,광고아님,캡션에 광고 표기 없음,약국 이야기·직업,불용재고 반품사업 안내,약국 운영자가 놓치기 쉬운 반품사업 기한과 도구를 실무 정보로 전달,불용재고·반품사업·약국운영·약매니저,,기한 변경 공지형,불용재고 반품사업이 9월 30일까지 연장됐습니다,기한 변경 제시 → 지원 도구 소개 → 이용 유도,기한 변경과 확장 프로그램 기능을 순서대로 제시,,,,,,,형식·정식,김주성,B,,약국 불용재고 반품사업의 연장 기한과 입력을 돕는 도구를 안내한다.,약국 운영자가 바로 행동해야 하는 기한과 도구를 한 게시물에 묶는다.,약국 상담·재고·복약 실무의 기한과 준비물을 한 화면 체크리스트로 전달한다.,,,검토,공개 HTML에서 좋아요·댓글·게시일을 확인. 약국 운영 실무형으로 김주성 배정. 게이트 미달을 유지.,2026-08-06T07:42:00+09:00,DOaYqrsCRC8.jpg,미달,"1만 미만 구간(배수 1.38/8, 조회수 374/30,000, 팔로워 1,043)"
THEBAREUNCLI-DbE8Dk4JbkV,2026-08-05T17:44:58.384Z,E2-게이트후보,thebareun_clinic,더바른내과,810,국내 메디컬 인접 계정,국내,2026-07-21,16,https://www.instagram.com/thebareun_clinic/reel/DbE8Dk4JbkV/,DbE8Dk4JbkV,릴스,,238,,,,,,,,,0,광고아님,캡션에 광고 표기 없음,의료현장·병원,내과 진료·건강검진 시간 안내,진료 시간과 건강검진 일정을 생활 일정표처럼 짧게 안내,내과·진료시간·건강검진·병원이용,,이용 안내형,더바른내과 진료시간과 건강검진 일정을 한눈에,평일 시간 → 토요일 시간 → 일요일 검진 안내,요일별 시간을 카드 자막으로 나눠 제시,,,,,,,형식·정식,선영,B,,내과 진료 시간과 정기 건강검진 일정을 한눈에 안내한다.,병원 이용 정보를 긴 설명 대신 요일·시간 단위로 바로 읽게 만든다.,약국 운영시간·상담 가능 시간·예약 준비물을 요일별 카드로 안내한다.,,,검토,공개 HTML 설명에서 2026-07-21 게시일과 진료·검진 시간 내용을 확인했으나 좋아요·댓글 수는 공개 형식으로 파싱되지 않아 빈칸 처리. 게이트 미달을 유지.,2026-08-06T07:42:00+09:00,DbE8Dk4JbkV.jpg,미달,"1만 미만 구간(배수 1.21/8, 조회수 238/30,000, 팔로워 810)"
PHARMFRIENDS-DamoqPaxv9S,2026-08-05T17:44:58.384Z,E2-게이트후보,pharmfriends,팜프렌즈,778,국내 메디컬 인접 계정,국내,2026-07-10,27,https://www.instagram.com/pharmfriends/reel/DamoqPaxv9S/,DamoqPaxv9S,릴스,,412,2,0,,,0.004854,,,0.0000,0,광고아님,캡션에 광고 표기 없음,여성건강·생활습관,임산부 모기 물림 이유,임신 후기의 생리적 변화와 모기 물림 증가를 과학 설명으로 연결,임산부·모기·임신후기·여성건강,,통념 검증형,"모기가 임산부를 더 잘 문다는 말, 정말 사실일까요?",통념 질문 → 연구 결과 → 생리적 이유 설명,질문 자막 뒤에 연구 결과와 생리적 이유를 순서대로 제시,,,,,,,내용·정식,선영,B,,임산부가 모기에 더 잘 물릴 수 있는 이유를 생리적 변화로 설명한다.,임신 중 생활 궁금증을 단순 팁이 아니라 과학적 이유로 풀어낸다.,여성건강 생활 질문을 통념·근거·실천 주의 세 장면으로 구성한다.,,,검토,공개 HTML에서 좋아요·댓글·게시일을 확인. 육아가 아닌 임신 중 생활건강으로 선영 배정. 게이트 미달을 유지.,2026-08-06T07:42:00+09:00,DamoqPaxv9S.jpg,미달,"1만 미만 구간(배수 2.21/8, 조회수 412/30,000, 팔로워 778)"
KANGNAMHUMC-DAVPIkti_ms,2026-08-05T17:46:33.418Z,E2-게이트후보,kangnam_humc,한림대학교강남성심병원,755,국내 메디컬 인접 계정,국내,2024-09-25,680,https://www.instagram.com/kangnam_humc/reel/DAVPIkti_ms/,DAVPIkti_ms,릴스,,2783,15,0,,,0.005390,,,0.0000,0,광고아님,캡션에 광고 표기 없음,의료정보·생활안전,환자안전 주간 메시지,병원 각 부서의 환자안전 각오를 직원 메시지로 전달,환자안전·병원문화·의료현장·캠페인,,캠페인 메시지형,"환자안전 주간, 각 부서의 응원과 각오",행사 소개 → 부서별 메시지 → 환자안전 다짐,부서별 한 문장 메시지를 빠르게 이어 붙임,,,,,,,형식·정식,선영,B,,환자안전 주간에 각 부서가 전한 실천 메시지를 병원 캠페인으로 보여준다.,병원 안전 원칙을 직원의 직접 발화와 행사 맥락으로 전달한다.,약국 안전 수칙을 구성원별 한 문장 약속으로 이어 붙이는 캠페인을 만든다.,,,검토,공개 HTML에서 좋아요·댓글·게시일을 확인. 환자안전 캠페인 형식 레퍼런스로 선영 배정. 게이트 미달을 유지.,2026-08-06T07:42:00+09:00,DAVPIkti_ms.jpg,미달,"1만 미만 구간(배수 1.41/8, 조회수 2,783/30,000, 팔로워 755)"
GWANGJUBOHUN-DStRtAmic5B,2026-08-05T17:46:33.418Z,E2-게이트후보,gwangju_bohun,보훈공단 광주보훈병원,687,국내 메디컬 인접 계정,국내,2025-12-25,224,https://www.instagram.com/gwangju_bohun/reel/DStRtAmic5B/,DStRtAmic5B,릴스,,752,13,0,,,0.017287,,,0.0000,0,광고아님,캡션에 광고 표기 없음,의료현장·영상의학,중재시술실 소개,절개를 줄인 영상유도 중재시술을 개소식과 의료진 소개로 전달,중재시술·영상의학·의료기기·병원정보,,신규 시설 소개형,절개 없이 실시간 영상으로 치료하는 중재시술실,개소식 소개 → 시술 원리 → 의료진·장비 강조,개소식 장면과 시술 원리 설명을 교차 편집,,,,,,,내용·정식,선영,B,,영상장비를 이용한 중재시술실과 시술 원리를 병원 소개형으로 설명한다.,낯선 시술을 절개·영상장비·실시간 치료라는 세 가지 말로 단순화한다.,약국의 새 서비스나 장비를 작동 장면과 이용자 혜택으로 나눠 설명한다.,,,검토,공개 HTML에서 좋아요·댓글·게시일을 확인. 의료현장 정보형으로 채택. 게이트 미달을 유지.,2026-08-06T07:42:00+09:00,DStRtAmic5B.jpg,미달,"1만 미만 구간(배수 1.45/8, 조회수 752/30,000, 팔로워 687)"
PRHANYANG-DbVL6AViQ7j,2026-08-05T17:48:25.095Z,E2-게이트후보,prhanyang,한양대학교병원,668,국내 메디컬 인접 계정,국내,2026-07-28,9,https://www.instagram.com/prhanyang/reel/DbVL6AViQ7j/,DbVL6AViQ7j,릴스,,2987,22,0,,,0.007365,,,0.0000,0,광고아님,캡션에 광고 표기 없음,약물안전·암치료,암 치료 부작용 관리,암 치료에 대한 과거의 오해를 보조요법과 부작용 관리로 전환,암치료·부작용관리·보조요법·환자정보,,오해 전환형,"암 치료는 고통스럽기만 하다는 걱정, 이제는 달라졌습니다",환자 걱정 제시 → 과거 오해 반박 → 관리 방법 소개,환자 걱정 문장과 보조요법 설명을 대비 편집,,,,,,,내용·정식,공용,B,,암 치료의 부작용에 대한 걱정을 보조요법과 관리 가능성으로 설명한다.,치료에 대한 막연한 공포를 관리 가능한 정보와 전문 설명으로 바꾼다.,약물 부작용에 대한 흔한 오해를 실제 대처 정보와 함께 짧게 정리한다.,,,검토,공개 HTML에서 좋아요·댓글·게시일을 확인. 암 치료·약물안전 정보로 공용 배정. 게이트 미달을 유지.,2026-08-06T07:42:00+09:00,DbVL6AViQ7j.jpg,미달,"1만 미만 구간(배수 3.45/8, 조회수 2,987/30,000, 팔로워 668)"
KNJBIOACADEM-DOk29hHj8_f,2026-08-05T17:48:25.095Z,E2-게이트후보,knjbio.academy,김남주바이오 아카데미,639,국내 메디컬 인접 계정,국내,2025-09-14,326,https://www.instagram.com/knjbio.academy/reel/DOk29hHj8_f/,DOk29hHj8_f,릴스,,584,16,3,,,0.027397,,,0.1875,0,광고아님,캡션에 광고 표기 없음,약국 이야기·직업,약사 진로 세미나,약대생 방문과 약사의 미래 직무 질문을 교육·진로 콘텐츠로 연결,약사직업·약대생·약국·진로세미나,,학생 방문형,약대생이 약국과 아카데미를 찾아온 날,학생 방문 → 약국·사무실 소개 → 미래 직업 질문,방문 공간과 진로 질문을 인터뷰형으로 연결,,,,,,,형식·정식,김주성,B,,약대생 방문을 약사 직무와 진로 질문으로 연결하는 교육 콘텐츠다.,약사 직업 이야기를 강의 공지보다 실제 공간 방문과 질문으로 보여준다.,약국 업무를 예비 약사의 질문과 현장 장면으로 나눠 소개한다.,,,검토,공개 HTML에서 좋아요·댓글·게시일을 확인. 약사 직업·약국 이야기로 김주성 배정. 게이트 미달을 유지.,2026-08-06T07:42:00+09:00,DOk29hHj8_f.jpg,미달,"1만 미만 구간(배수 1.64/8, 조회수 584/30,000, 팔로워 639)"
PHARMPLAYOFF-C2zmsmVJSSQ,2026-08-05T17:51:58.222Z,E2-게이트후보,pharmplay_official,약사들의놀이터 PharmPLAY [💊팜플레이],597,국내 메디컬 인접 계정,국내,2024-02-01,917,https://www.instagram.com/pharmplay_official/reel/C2zmsmVJSSQ/,C2zmsmVJSSQ,릴스,,3295,30,0,,,0.009105,,,0.0000,0,광고아님,캡션에 광고 표기 없음,약국 이야기·직업,신입 약사 진로 세미나,약국·병원·제약 진로 선택을 신입 약사 질문으로 풀어냄,신입약사·약국·병원·제약·세미나,,진로 질문형,"약사 합격 후 약국·병원·제약, 어디서 무엇을 할까요?",합격 축하 → 진로 선택 질문 → 세미나 안내,세 가지 진로 선택지를 짧은 카드로 나눠 제시,,,,,,,형식·정식,김주성,B,,신입 약사가 약국·병원·제약 중 진로를 선택하도록 세미나를 소개한다.,신입 약사가 실제로 고민하는 선택지를 바로 질문으로 꺼낸다.,약국 근무 상황별 선택지를 질문 카드와 현장 사례로 설명한다.,,,검토,공개 HTML에서 좋아요·댓글·게시일을 확인. 약사 직업 콘텐츠로 김주성 배정. 게이트 미달을 유지.,2026-08-06T07:42:00+09:00,C2zmsmVJSSQ.jpg,미달,"1만 미만 구간(배수 5.68/8, 조회수 3,295/30,000, 팔로워 597)"
SAMHOSPITAL-DaRCqNvFBm3,2026-08-05T17:55:49.559Z,E2-게이트후보,sam_hospital,효산의료재단 샘병원,452,국내 메디컬 인접 계정,국내,2026-07-01,36,https://www.instagram.com/sam_hospital/reel/DaRCqNvFBm3/,DaRCqNvFBm3,릴스,,2621,20,2,,,0.007631,,,0.1000,0,광고아님,캡션에 광고 표기 없음,의료현장·병원,외국인 환자 진료 안내,국제진료팀과 외국인 방문객 안내를 병원 이용 정보로 전달,국제진료·외국인환자·병원이용·의료서비스,,이용 안내형,외국인 환자가 샘병원을 이용할 때 꼭 알아둘 안내,국제진료 소개 → 방문객 안내 → 이용 정보 제시,국제진료팀 장면과 방문 절차 자막을 순서대로 제시,,,,,,,형식·정식,선영,B,,외국인 환자가 병원을 이용할 때 필요한 국제진료 안내를 소개한다.,낯선 병원 이용 절차를 담당 부서와 방문객 안내로 나눠 이해시키기 쉽다.,약국 첫 방문 고객을 위해 상담 절차와 준비물을 담당자 안내로 짧게 보여준다.,,,검토,공개 HTML에서 좋아요·댓글·게시일을 확인. 국제진료 안내형으로 선영 배정. 게이트 미달을 유지.,2026-08-06T07:20:00+09:00,DaRCqNvFBm3.jpg,미달,"1만 미만 구간(배수 3.38/8, 조회수 2,621/30,000, 팔로워 452)"
CNCHOSPITAL-DYMM6DQPkqQ,2026-08-05T17:55:49.559Z,E2-게이트후보,cnchospital,씨엔씨재활의학과병원,444,국내 메디컬 인접 계정,국내,2026-05-11,87,https://www.instagram.com/cnchospital/reel/DYMM6DQPkqQ/,DYMM6DQPkqQ,릴스,,4858,23,1,,,0.004734,,,0.0435,0,광고아님,캡션에 광고 표기 없음,생활건강·식품,환자 건강 식생활,환자 건강관리 이야기를 전통 식품을 만드는 생활 장면으로 연결,건강식생활·식품·환자건강·생활습관,,생활 장면형,병원에서 직접 담근 장 이야기,생활 질문 → 식품 만드는 장면 → 건강관리 메시지,식재료와 작업 장면을 짧은 설명 자막과 교차 편집,,,,,,,형식·정식,선영,B,,환자 건강관리 시리즈에서 직접 장을 담그는 식생활 장면을 보여준다.,추상적인 건강관리 메시지를 손으로 만드는 장면과 연결해 친근하게 전달한다.,약국 건강상담 주제를 식품·생활 장면과 연결해 하루 습관으로 보여준다.,,,검토,공개 HTML에서 좋아요·댓글·게시일을 확인. 병원 생활건강 시리즈로 선영 배정. 게이트 미달을 유지.,2026-08-06T07:20:00+09:00,DYMM6DQPkqQ.jpg,미달,"1만 미만 구간(배수 2.81/8, 조회수 4,858/30,000, 팔로워 444)"
FRIENDLYPHAR-DZd7sCQvPNO,2026-08-05T18:02:22.983Z,E2-게이트후보,friendly_pharmabros_official,친한약사,432,국내 메디컬 인접 계정,국내,2026-06-11,56,https://www.instagram.com/friendly_pharmabros_official/reel/DZd7sCQvPNO/,DZd7sCQvPNO,릴스,,585,2,0,,,0.003419,,,0.0000,0,광고아님,캡션에 광고 표기 없음,약물안전·음주,술 마실 때 얼굴이 붉어지는 이유,음주 후 얼굴색 차이를 혈관 반응 설명으로 풀어냄,음주·안면홍조·혈관확장·약물안전,,차이 비교형,술 마시면 얼굴이 빨개지는 사람과 창백해지는 사람의 차이,얼굴색 질문 → 두 반응 비교 → 혈관 반응 설명,두 얼굴색 사례를 비교한 뒤 혈관 반응 자막으로 설명,,,,,,,내용·정식,공용,B,,술을 마신 뒤 얼굴이 붉어지거나 창백해지는 이유를 설명한다.,흔한 음주 경험을 얼굴색 비교와 생리 설명으로 바로 이해시킨다.,약 복용 전후 나타나는 흔한 신체 반응을 두 사례 비교와 약사 설명으로 구성한다.,,,검토,공개 HTML에서 좋아요·댓글·게시일을 확인. 특정 제품 없이 음주 반응을 설명해 공용 배정. 게이트 미달을 유지.,2026-08-06T07:20:00+09:00,DZd7sCQvPNO.jpg,미달,"1만 미만 구간(배수 3.05/8, 조회수 585/30,000, 팔로워 432)"
DONGAONNURI-DL4dNeXTn_u,2026-08-05T18:04:05.683Z,E2-게이트후보,donga_onnuri,동아온누리약국,291,국내 메디컬 인접 계정,국내,2025-07-09,393,https://www.instagram.com/donga_onnuri/reel/DL4dNeXTn_u/,DL4dNeXTn_u,릴스,,277,1,0,,,0.003610,,,0.0000,0,광고아님,캡션에 광고 표기 없음,영양제·성분,비타민D 복용 이유,비타민D 복용 필요성을 약국 상담형으로 짧게 제시,비타민D·영양제·복용상담·성분,,복용 이유형,비타민D를 꼭 챙겨야 하는 이유,복용 질문 → 필요성 설명 → 상담 유도,복용 질문과 성분 설명을 짧은 카드 자막으로 연결,,,,,,,내용·정식,공용,B,,비타민D를 챙겨야 하는 이유를 약국 상담형으로 설명한다.,성분명과 복용 이유를 바로 연결해 상담 주제를 선명하게 만든다.,영양제 성분 하나를 고르고 필요한 사람·복용 이유·주의점을 세 장면으로 설명한다.,,,검토,공개 HTML에서 좋아요·댓글·게시일을 확인. 제품명·판매 문구보다 성분 복용 이유 중심으로 판정해 세 사람 배정. 영양제 비중을 확인하면서 채택. 게이트 미달을 유지.,2026-08-06T07:20:00+09:00,DL4dNeXTn_u.jpg,미달,"1만 미만 구간(배수 1.26/8, 조회수 277/30,000, 팔로워 291)"
YSBONLOVE-DYQ0R9yhdaW,2026-08-05T18:05:40.158Z,E2-게이트후보,ysbonlove,연세본사랑병원,273,국내 메디컬 인접 계정,국내,2026-05-12,86,https://www.instagram.com/ysbonlove/reel/DYQ0R9yhdaW/,DYQ0R9yhdaW,릴스,,254,7,0,,,0.027559,,,0.0000,0,광고아님,캡션에 광고 표기 없음,증상·정형외과,발뒤꿈치 통증,발뒤꿈치 통증의 원인과 치료 방법을 증상 설명으로 연결,발뒤꿈치통증·족저근막염·아킬레스건염·정형외과,,증상 원인형,발뒤꿈치가 아프다면 족저근막염만 의심해야 할까요?,통증 제시 → 가능한 원인 설명 → 치료 방법 안내,통증 부위 표시와 원인·치료 자막을 순서대로 제시,,,,,,,내용·정식,선영,B,,발뒤꿈치 통증이 족저근막염이나 아킬레스건염과 관련될 수 있음을 설명한다.,한 가지 병명으로 단정하지 않고 통증 원인과 치료 선택지를 함께 보여준다.,자주 묻는 통증을 위치 표시·가능한 원인·진료가 필요한 경우 세 장면으로 설명한다.,,,검토,공개 HTML에서 좋아요·댓글·게시일을 확인. 정형외과 증상 정보로 선영 배정. 게이트 미달을 유지.,2026-08-06T07:20:00+09:00,DYQ0R9yhdaW.jpg,미달,"1만 미만 구간(배수 1.30/8, 조회수 254/30,000, 팔로워 273)"
OFFICIALNAPR-DbnJXPIRMzF,2026-08-05T18:05:40.158Z,E2-게이트후보,official_naproud,naproud 나프라우드,258,국내 메디컬 인접 계정,국내,2026-08-04,2,https://www.instagram.com/official_naproud/reel/DbnJXPIRMzF/,DbnJXPIRMzF,릴스,,190,,,,,,,,,0,광고아님,캡션에 광고 표기 없음,증상·소아건강,아이 열 관리,아이에게 열이 날 때 피해야 할 행동을 증상 대처 정보로 전달,소아발열·열관리·응급대처·소아건강,,잘못된 대처 교정형,아이 열날 때 이불부터 덮고 있지는 않나요?,잘못된 대처 제시 → 피해야 할 행동 → 열 관리 원칙,잘못된 행동과 올바른 열 관리 원칙을 대비해 제시,,,,,,,내용·정식,공용,B,,아이에게 열이 날 때 이불을 과하게 덮지 않는 등 기본 대처를 안내한다.,보호자가 흔히 하는 행동을 먼저 짚고 바로 대처 원칙을 알려준다.,아이 증상 대처에서 흔한 오해 하나를 먼저 보여주고 올바른 행동을 세 단계로 안내한다.,,,검토,공개 HTML 설명에서 게시일을 확인했으나 좋아요·댓글 수는 공개 형식으로 파싱되지 않아 빈칸 처리. 육아 일상물이 아닌 소아 발열 의료정보로 공용 배정. 게이트 미달을 유지.,2026-08-06T07:20:00+09:00,DbnJXPIRMzF.jpg,미달,"1만 미만 구간(배수 1.40/8, 조회수 190/30,000, 팔로워 258)"
PAPASPROMISE-DbpImZ1xGG-,2026-08-05T18:05:40.158Z,E2-게이트후보,papas.promise,아빠의 약속,240,국내 메디컬 인접 계정,국내,2026-08-04,2,https://www.instagram.com/papas.promise/reel/DbpImZ1xGG-/,DbpImZ1xGG-,릴스,,1033,,,,,,,,,0,광고아님,캡션에 광고 표기 없음,증상·소아건강,야간 소아 발열,밤에 아이에게 열이 날 때 보호자의 걱정을 증상 정보로 풀어냄,소아발열·야간열·보호자걱정·소아건강,,상황 공감형,밤에 아이 열이 오르면 부모는 무엇부터 해야 할까요?,밤의 걱정 제시 → 발열 상황 설명 → 대처 정보 안내,야간 상황 공감 장면 뒤에 발열 대처 정보를 자막으로 제시,,,,,,,내용·정식,공용,B,,밤에 아이에게 열이 날 때 보호자가 알아둘 발열 정보를 안내한다.,보호자가 실제로 불안해하는 시간대를 먼저 제시해 증상 정보에 진입시킨다.,야간·주말에 자주 생기는 증상 질문을 상황 공감과 행동 순서로 짧게 안내한다.,,,검토,공개 HTML 설명에서 게시일을 확인했으나 좋아요·댓글 수는 공개 형식으로 파싱되지 않아 빈칸 처리. 육아 브이로그가 아닌 소아 발열 의료정보로 공용 배정. 게이트 미달을 유지.,2026-08-06T07:20:00+09:00,DbpImZ1xGG-.jpg,미달,"1만 미만 구간(배수 2.92/8, 조회수 1,033/30,000, 팔로워 240)"
MOKDONGSAMSU-DVxzyRRDpZg,2026-08-05T18:05:40.158Z,E2-게이트후보,mokdong_samsung_top_im,목동삼성탑내과의원,219,국내 메디컬 인접 계정,국내,2026-03-12,147,https://www.instagram.com/mokdong_samsung_top_im/reel/DVxzyRRDpZg/,DVxzyRRDpZg,릴스,,188,0,2,,,0.000000,,,,0,광고아님,캡션에 광고 표기 없음,건강검진·생활습관,무증상 대장암 검진,증상이 없어도 검진이 필요한 이유를 대장암 검진 정보로 전달,대장암·건강검진·무증상·예방,,무증상 경고형,아무 증상이 없어도 대장암 검진이 필요한 이유,무증상 질문 → 검진 필요성 → 예방 행동 제시,무증상 문장을 먼저 제시한 뒤 검진 이유와 행동을 카드로 연결,,,,,,,내용·정식,선영,B,,증상이 없어도 대장암 검진이 필요한 이유를 설명한다.,건강한 사람도 검진해야 하는 이유를 무증상이라는 반전으로 시작한다.,증상이 없어도 확인해야 하는 건강검진 항목을 무증상 질문과 검진 이유로 설명한다.,,,검토,공개 HTML에서 좋아요 0·댓글 2·게시일을 확인. 공개된 0은 빈칸으로 바꾸지 않고 그대로 기록. 건강검진 정보로 선영 배정. 게이트 미달을 유지.,2026-08-06T07:20:00+09:00,DVxzyRRDpZg.jpg,미달,"1만 미만 구간(배수 1.43/8, 조회수 188/30,000, 팔로워 219)"
JSR032-DP1PGvSkhTf,2026-08-05T18:07:17.087Z,E2-게이트후보,jsr032_,더편한장사랑내과 종합건강검진센터,141,국내 메디컬 인접 계정,국내,2025-10-15,295,https://www.instagram.com/jsr032_/reel/DP1PGvSkhTf/,DP1PGvSkhTf,릴스,,445,5,0,,,0.011236,,,0.0000,0,광고아님,캡션에 광고 표기 없음,증상·소화기,복부 가스와 복부팽만,복부 가스가 여러 소화기 질환의 신호일 수 있음을 설명,복부가스·복부팽만·과민성장증후군·소화기,,증상 확장형,복부 가스가 단순 소화불량이 아닐 수도 있습니다,흔한 증상 제시 → 가능한 질환 나열 → 진료 필요성 환기,가스 증상 뒤에 가능한 원인을 빠른 목록 자막으로 제시,,,,,,,내용·정식,공용,B,,복부 가스와 복부팽만이 과민성장증후군 등 여러 소화기 문제와 관련될 수 있음을 안내한다.,가볍게 넘기기 쉬운 증상을 여러 가능성과 연결해 진료 관심을 만든다.,흔한 증상 하나를 단순 원인·주의할 원인·상담이 필요한 경우로 나눠 설명한다.,,,검토,공개 HTML에서 좋아요·댓글·게시일을 확인. 소화기 증상 정보로 공용 배정. 게이트 미달을 유지.,2026-08-06T07:20:00+09:00,DP1PGvSkhTf.jpg,미달,"1만 미만 구간(배수 1.85/8, 조회수 445/30,000, 팔로워 141)"
SNUHOFFICIAL-Dbp47UwlA0b,2026-08-05T16:28:28.626Z,E2-게이트후보,snuh_official,서울대학교병원 SNUH,29000,국내 메디컬 인접 계정,국내,2026-08-05,1,https://www.instagram.com/snuh_official/reel/Dbp47UwlA0b/,Dbp47UwlA0b,릴스,,17000,54,0,,,0.003176,,,0.0000,0,광고아님,캡션에 광고 표기 없음,정신건강·의료윤리,조력임종과 안락사 설명,민감한 의료윤리 주제를 정신건강의학과 교수의 설명으로 풀어냄,조력임종·안락사·의료윤리·정신건강의학과,,용어 구분형,스위스 안락사와 조력임종은 어떻게 다를까요?,용어 질문 → 개념 구분 → 전문가 설명,용어 질문 뒤 전문가의 개념 구분 설명을 자막과 함께 제시,,,,,,,내용·정식,공용,B,,조력임종과 안락사의 개념을 정신건강의학과 교수가 설명한다.,혼동하기 쉬운 의료윤리 용어를 질문과 전문가 답변으로 차분하게 구분한다.,혼동하기 쉬운 의료·약학 용어를 질문 카드와 전문가의 한 문장 정의로 설명한다.,,,검토,공개 HTML에서 좋아요 54·댓글 0·게시일을 확인. 정신건강의학과 교수의 의료윤리 설명으로 공용 배정. 게이트 미달을 유지.,2026-08-06T07:25:00+09:00,Dbp47UwlA0b.jpg,미달,"1만~5만 구간(배수 2.94/6, 조회수 17,000/100,000, 팔로워 29,000)"
CNUH01-DaT5q9FJFib,2026-08-05T17:01:03.785Z,E2-게이트후보,cnuh_01,충남대학교병원,3905,국내 메디컬 인접 계정,국내,2026-07-02,35,https://www.instagram.com/cnuh_01/reel/DaT5q9FJFib/,DaT5q9FJFib,릴스,,2831,14,0,,,0.004945,,,0.0000,0,광고아님,캡션에 광고 표기 없음,의료현장·병원,병원 주간뉴스,병원 주요 소식과 진료·연구 성과를 주간 뉴스 형식으로 묶어 전달,병원뉴스·신생아중환자실·재활의학과·의료연구,,주간뉴스형,충남대학교병원 2026년 7월 첫째 주 소식,주간뉴스 소개 → 주요 소식 나열 → 연구·진료 성과 강조,행사·평가·진료·연구 소식을 빠른 카드 자막으로 연결,,,,,,,형식·정식,선영,B,,"병원 기념식과 신생아중환자실 평가, 진료·연구 소식을 주간뉴스로 전한다.",병원 소식을 한 편의 긴 홍보영상이 아니라 짧은 항목 묶음으로 읽게 만든다.,약국의 한 주 소식을 상담 사례·재고 운영·건강 정보 세 카드로 묶어 주간뉴스로 만든다.,,,검토,공개 HTML에서 좋아요 14·댓글 0·게시일을 확인. 병원 주간뉴스 형식으로 선영 배정. 게이트 미달을 유지.,2026-08-06T07:30:00+09:00,DaT5q9FJFib.jpg,미달,"1만 미만 구간(배수 1.44/8, 조회수 2,831/30,000, 팔로워 3,905)"
PNUHHONGBO-DM9iXbPyo7L,2026-08-05T17:03:03.697Z,E2-게이트후보,pnuh_hongbo,부산대학교병원 PNUH,3620,국내 메디컬 인접 계정,국내,2025-08-04,367,https://www.instagram.com/pnuh_hongbo/reel/DM9iXbPyo7L/,DM9iXbPyo7L,릴스,,3224,,,,,,,,,0,광고아님,캡션에 광고 표기 없음,생활습관·감기,냉방병 예방,여름철 냉방병 증상과 예방법을 의사 조언으로 연결,냉방병·여름질환·여름감기·예방,,계절 오해 교정형,무조건 시원하면 괜찮다? 여름마다 아픈 이유,통념 질문 → 냉방병 가능성 제시 → 예방법 안내,여름철 증상 질문 뒤 교수의 원인·예방 설명을 자막으로 제시,,,,,,,내용·정식,공용,B,,여름철 냉방병이 생기는 이유와 예방법을 의사 조언으로 설명한다.,계절성 불편을 냉방병이라는 가능성과 예방 행동으로 바로 연결한다.,계절마다 반복되는 건강 질문을 통념·가능한 원인·오늘 할 행동 순서로 설명한다.,,,검토,공개 HTML 설명에서 2025-08-04 게시일과 냉방병 예방 내용을 확인했으나 좋아요·댓글은 공개 형식으로 파싱되지 않아 빈칸 처리. 생활건강 정보로 공용 배정. 게이트 미달을 유지.,2026-08-06T07:30:00+09:00,DM9iXbPyo7L.jpg,미달,"1만 미만 구간(배수 1.59/8, 조회수 3,224/30,000, 팔로워 3,620)"
CAUHOSPITAL-DZY514hSt-x,2026-08-05T17:31:00.581Z,E2-게이트후보,cauhospital,중앙대학교의료원,1834,국내 메디컬 인접 계정,국내,2026-06-09,58,https://www.instagram.com/cauhospital/reel/DZY514hSt-x/,DZY514hSt-x,릴스,,4081,,,,,,,,,0,광고아님,캡션에 광고 표기 없음,건강검진·암검사,PET-CT 검사 이해,CT·MRI와 PET-CT의 차이를 암 검사 목적에 맞춰 설명,PET-CT·암검사·CT·MRI·항암치료,,검사 비교형,"PET-CT, 왜 찍고 어떻게 볼까요?",검사 질문 → CT·MRI와 비교 → PET-CT 활용 설명,CT·MRI·PET-CT를 비교 카드로 나눠 검사 목적을 설명,,,,,,,내용·정식,공용,B,,PET-CT가 암세포의 활동성과 전이·치료 반응을 확인하는 검사임을 설명한다.,어려운 검사명을 기존 검사와 비교해 환자가 이해할 기준을 만든다.,검사·약물·상담 서비스의 차이를 기존에 익숙한 항목과 비교해 세 카드로 설명한다.,,,검토,공개 HTML 설명에서 2026-06-09 게시일과 PET-CT 원리를 확인했으나 좋아요·댓글은 공개 형식으로 파싱되지 않아 빈칸 처리. 검사 정보로 공용 배정. 게이트 미달을 유지.,2026-08-06T07:30:00+09:00,DZY514hSt-x.jpg,미달,"1만 미만 구간(배수 2.82/8, 조회수 4,081/30,000, 팔로워 1,834)"
SEGYERODENTA-DZwZVAczc-I,2026-08-05T17:32:40.637Z,E2-게이트후보,segyero_dental,세계로치과병원,1562,국내 메디컬 인접 계정,국내,2026-06-18,49,https://www.instagram.com/segyero_dental/reel/DZwZVAczc-I/,DZwZVAczc-I,릴스,,4790,21,2,,,0.004384,,,0.0952,0,광고아님,캡션에 광고 표기 없음,생활건강·치아,칫솔모 선택,빳빳한 칫솔과 부드러운 칫솔의 선택을 치아 관리 질문으로 제시,칫솔·치아관리·치과검진·구강건강,,선택 질문형,"빳빳한 칫솔과 부드러운 칫솔, 뭐가 좋을까요?",선택 질문 → 칫솔모 차이 → 치아 관리 기준 안내,두 칫솔모를 화면에 나란히 보여주고 선택 기준을 설명,,,,,,,내용·정식,공용,B,,빳빳한 칫솔과 부드러운 칫솔 중 어떤 선택이 좋은지 치과 관점에서 안내한다.,매일 쓰는 도구의 선택 질문으로 구강관리 정보에 자연스럽게 진입시킨다.,약국에서 자주 묻는 생활 건강용품 선택을 두 옵션 비교와 전문가 기준으로 설명한다.,,,검토,공개 HTML에서 좋아요 21·댓글 2·게시일을 확인. 구강건강 정보로 공용 배정. 게이트 미달을 유지.,2026-08-06T07:30:00+09:00,DZwZVAczc-I.jpg,미달,"1만 미만 구간(배수 1.64/8, 조회수 4,790/30,000, 팔로워 1,562)"
ZIONWOMENS-Dbpkixdy870,2026-08-05T17:46:33.418Z,E2-게이트후보,zion_womens,시온여성병원,742,국내 메디컬 인접 계정,국내,2026-08-05,1,https://www.instagram.com/zion_womens/reel/Dbpkixdy870/,Dbpkixdy870,릴스,,5233,35,2,,,0.006688,,,0.0571,0,광고아님,캡션에 광고 표기 없음,여성건강·모유수유,모유수유 중 아기 보챔,모유가 부족한지 걱정하는 초보 엄마의 질문을 여성건강 정보로 연결,모유수유·수유상담·초보엄마·여성건강,,보호자 질문형,모유수유 중인데 아기가 자꾸 보채요. 젖이 모자라서일까요?,보호자 질문 → 수유 걱정 공감 → 전문가 정보 제시,보호자 질문을 먼저 보여준 뒤 수유 정보와 전문가 답변을 연결,,,,,,,내용·정식,선영,B,,모유수유 중 아기가 보채는 상황을 모유 부족 걱정과 연결해 설명한다.,초보 보호자가 실제로 검색하는 불안을 질문 그대로 꺼내 정보로 전환한다.,여성건강 상담에서 자주 나오는 걱정을 질문 자막·상황 공감·전문가 답변으로 구성한다.,,,검토,공개 HTML에서 좋아요 35·댓글 2·게시일을 확인. 모유수유 여성건강 정보로 선영 배정. 육아 일상물이 아닌 상담형 의료정보로 분류. 게이트 미달을 유지.,2026-08-06T07:30:00+09:00,Dbpkixdy870.jpg,미달,"1만 미만 구간(배수 6.04/8, 조회수 5,233/30,000, 팔로워 742)"
AYAKOFFICIAL-C3AFhiQPGNc,2026-08-05T17:51:58.222Z,E2-게이트후보,ayak_official,아약,546,국내 메디컬 인접 계정,국내,2024-02-06,912,https://www.instagram.com/ayak_official/reel/C3AFhiQPGNc/,C3AFhiQPGNc,릴스,,356,13,0,,,0.036517,,,0.0000,0,광고아님,캡션에 광고 표기 없음,증상·신장,신장질환 신호,신장이 나빠질 때 나타날 수 있는 신호를 짧은 목록으로 제시,신장질환·증상·건강신호·자가점검,,증상 목록형,신장이 망가졌을 때 몸이 보내는 5가지 신호,질환 질문 → 신호 다섯 가지 제시 → 확인 필요성 환기,다섯 가지 신호를 짧은 카드 자막으로 순서대로 제시,,,,,,,내용·정식,공용,B,,신장 기능이 나빠질 때 몸에 나타날 수 있는 다섯 가지 신호를 설명한다.,질환명을 먼저 설명하지 않고 몸의 신호 목록으로 시청자의 자기 점검을 유도한다.,자주 묻는 증상 하나를 다섯 가지 신호와 상담이 필요한 경우로 나눠 설명한다.,,,검토,공개 HTML에서 좋아요 13·댓글 0·게시일을 확인. 신장질환 증상 정보로 공용 배정. 공개된 댓글 0은 그대로 기록하고 게이트 미달을 유지.,2026-08-06T07:35:00+09:00,C3AFhiQPGNc.jpg,미달,"1만 미만 구간(배수 1.75/8, 조회수 356/30,000, 팔로워 546)"
GOODYAKSA-Da4HZvypQy5,2026-08-06T07:40:00+09:00,E2-게이트후보,good.yaksa,바른약ㅣ약사ㅣ최길문,289000,국내 약사 인플루언서,국내,2026-07-16,21,https://www.instagram.com/good.yaksa/reel/Da4HZvypQy5/,Da4HZvypQy5,릴스,,1112000,8632,484,,,0.007763,,,0.0561,0,광고아님,캡션에 광고 표기 없음,약물안전·일반약,두통약 비교,타이레놀·이부프로펜·나프록센의 두통 효과와 주의점을 점수 비교로 전달,두통약·진통제·타이레놀·이부프로펜·나프록센,,점수 비교형,약사가 뽑은 두통약 점수,약 이름·점수 제시 → 효과 비교 → 위장 부담 등 선택 기준 안내,약 이름과 점수를 빠르게 나열한 뒤 복용 상황별 기준을 설명,,,,,,,내용·정식,공용,A,,여러 일반 진통제를 두통 효과 점수와 복용 상황별 기준으로 비교한다.,익숙한 일반약을 점수표로 비교해 시청자가 선택 기준을 빠르게 얻는다.,일반약 비교에서 제품명 대신 증상·효과·주의점을 점수 카드로 나눠 설명한다.,,,검토,"공개 HTML에서 좋아요 8,632·댓글 484·게시일을 확인. 일반약 비교 정보로 공용 배정. 최근12 조회수는 9/12만 수치 확인되어 중앙조회수·배수는 빈칸, 게이트는 판정불가로 기록.",2026-08-06T07:40:00+09:00,Da4HZvypQy5.jpg,판정불가(지표없음),"게시물 조회수 1,112,000 확인. 최근12 조회수 9/12만 수치 확인되어 계정중앙조회수·배수 미계산"
YYYAKSA-C7MzIzYvMkT,2026-08-06T07:40:00+09:00,E2-게이트후보,yy_yaksa,잉양약사 이종률 | 유·소아·어린이 영양제 상담 전문,250,국내 약사 인플루언서,국내,2024-05-20,808,https://www.instagram.com/yy_yaksa/reel/C7MzIzYvMkT/,C7MzIzYvMkT,릴스,,1127,63,20,,,0.055901,,,0.3175,0,광고아님,캡션에 광고 표기 없음,증상·심혈관,더위와 심혈관 증상,더운 날 심장에 열이 오를 때 나타날 수 있는 증상을 목록으로 제시,더위·심혈관·두근거림·홍조·흉부답답함,,계절 증상형,날씨가 더워지면 우리 몸도 열을 받아요,계절 상황 제시 → 심혈관 증상 목록 → 주의 환기,계절 상황을 제시한 뒤 증상을 번호 목록으로 빠르게 나열,,,,,,,내용·정식,공용,B,,더운 날 심혈관에 부담이 생길 때 나타날 수 있는 증상을 설명한다.,계절 변화라는 익숙한 상황에서 심혈관 증상을 목록으로 바로 연결한다.,계절별 증상 질문을 상황 설명·주의할 신호·상담이 필요한 경우로 나눠 전달한다.,,,검토,"공개 HTML에서 좋아요 63·댓글 20·게시일을 확인. 심혈관 증상 정보로 공용 배정. 최근12 조회수 4/12만 수치 확인되어 중앙조회수·배수는 빈칸, 게이트는 판정불가로 기록.",2026-08-06T07:40:00+09:00,C7MzIzYvMkT.jpg,판정불가(지표없음),"게시물 조회수 1,127 확인. 최근12 조회수 4/12만 수치 확인되어 계정중앙조회수·배수 미계산"
REALPHARM5-C7su9x0pDnK,2026-08-06T07:40:00+09:00,E2-게이트후보,realpharm5,💊공부하는 효약사💊,67,국내 약사 인플루언서,국내,2024-06-01,796,https://www.instagram.com/realpharm5/reel/C7su9x0pDnK/,C7su9x0pDnK,릴스,,303,,,,,,,,,0,광고아님,캡션에 광고 표기 없음,생활건강·호흡기,코세척과 비염 관리,미세먼지와 알레르기 유발 물질을 줄이는 코세척 방법을 안내,코세척·비염·미세먼지·생리식염수·코건강,,생활 관리형,미세먼지 제거에는 코세척이 필요합니다,미세먼지 문제 제시 → 코세척 효과 → 멸균생리식염수 사용 안내,"미세먼지 문제와 코세척 효과, 사용 용액 주의를 순서대로 설명",,,,,,,내용·정식,공용,B,,미세먼지와 알레르기 유발 물질 관리에 코세척이 도움이 될 수 있음을 안내한다.,계절성 호흡기 불편을 바로 실행할 수 있는 관리 행동으로 연결한다.,생활 속 호흡기 관리법을 문제 상황·실행 방법·사용 시 주의점 세 장면으로 구성한다.,,,검토,"공개 HTML 설명에서 2024-06-01 게시일과 코세척 내용을 확인했으나 좋아요·댓글은 공개 형식으로 파싱되지 않아 빈칸 처리. 호흡기 생활건강 정보로 공용 배정. 최근12 조회수 4/12만 수치 확인되어 중앙조회수·배수는 빈칸, 게이트는 판정불가로 기록.",2026-08-06T07:40:00+09:00,C7su9x0pDnK.jpg,판정불가(지표없음),게시물 조회수 303 확인. 최근12 조회수 4/12만 수치 확인되어 계정중앙조회수·배수 미계산
YAKALOFFICIA-DUIq5E-k6z4,2026-08-06T07:40:00+09:00,E2-게이트후보,yakalofficial,약알 l 약사·영양제·건강 정보,14,국내 약사 인플루언서,국내,2026-01-30,188,https://www.instagram.com/reel/DUIq5E-k6z4/,DUIq5E-k6z4,릴스,,198,5,0,,,0.025253,,,0.0000,0,광고아님,캡션에 광고 표기 없음,영양제·빈혈,철분 부족과 빈혈 원인,빈혈을 철분 부족 하나로 단정하지 않고 다른 원인을 확인하도록 유도,빈혈·철분·영양제·흡수·건강정보,,통념 반전형,"빈혈, 단순 철분 부족인 줄 아셨나요?",통념 질문 → 다른 원인 제시 → 확인 필요성 안내,철분 부족 통념 뒤에 다른 원인 확인 메시지를 짧게 제시,,,,,,,내용·정식,공용,B,,빈혈이 단순한 철분 부족만의 문제가 아닐 수 있음을 설명한다.,영양제 추천으로 끝내지 않고 빈혈 원인을 확인해야 한다는 방향으로 전환한다.,영양제 성분을 다룰 때 흔한 통념·확인해야 할 원인·상담 기준을 세 카드로 설명한다.,,,검토,"공개 HTML에서 좋아요 5·댓글 0·게시일을 확인. 빈혈 원인 정보로 공용 배정. 영양제 비중은 35% 미만이라 채택 가능. 최근12 조회수 5/12만 수치 확인되어 중앙조회수·배수는 빈칸, 게이트는 판정불가로 기록.",2026-08-06T07:40:00+09:00,DUIq5E-k6z4.jpg,판정불가(지표없음),게시물 조회수 198 확인. 최근12 조회수 5/12만 수치 확인되어 계정중앙조회수·배수 미계산
SHINEYAKSA-DbnaxXMANaE,2026-08-06T07:50:00+09:00,E2-게이트후보,shine_yaksa,샤인약사ㅣ염증 관리 전문 약사ㅣ김혜란,111000,국내 약사 인플루언서,국내,2026-08-04,2,https://www.instagram.com/shine_yaksa/reel/DbnaxXMANaE/,DbnaxXMANaE,릴스,,,202,14,,,,,,0.0693,0,광고아님,캡션에 광고 표기 없음,영양제·성분,오메가3 복용 대상과 주의점,오메가3가 필요한 사람과 주의할 사람을 증상·생활 신호로 구분,오메가3·건조함·중성지방·복용주의,,체크리스트형,"오메가3, 꼭 필요한 사람과 주의해야 할 사람",필요 대상 질문 → 해당 증상 목록 → 주의 대상 안내,복용 대상과 주의 대상을 체크박스 목록으로 나눠 제시,,,,,,,내용·정식,공용,B,,오메가3를 챙길 사람과 주의해야 할 사람을 체크리스트로 구분한다.,영양제 추천을 모든 사람에게 확장하지 않고 필요한 사람과 주의할 사람을 분리한다.,영양제 성분 하나를 필요한 사람·주의할 사람·상담이 필요한 경우로 나눠 체크리스트로 설명한다.,,,검토,"공개 HTML에서 좋아요 202·댓글 14·게시일을 확인. 영양제 성분 정보로 공용 배정. 조회수는 공개 HTML에서 확인하지 못해 빈칸, 게이트는 판정불가로 기록.",2026-08-06T07:50:00+09:00,DbnaxXMANaE.jpg,판정불가(지표없음),게시물 조회수와 최근12 중앙조회수 미기록. 공개 좋아요·댓글만 확인되어 배수 미계산
GGULTIPYAKSA-Dbp4UmPBkKp,2026-08-06T07:50:00+09:00,E2-게이트후보,ggultip_yaksa,꿀팁약사 | 혈당·혈압·고지혈증 | 하정봉,61000,국내 약사 인플루언서,국내,2026-08-05,1,https://www.instagram.com/ggultip_yaksa/reel/Dbp4UmPBkKp/,Dbp4UmPBkKp,릴스,,,22,0,,,,,,0.0000,0,광고아님,캡션에 광고 표기 없음,생활습관·간건강,지방간과 간수치 관리,지방간 유형과 간수치 상승 상황에 따라 생활관리 기준을 제시,지방간·간수치·중성지방·생활습관,,상황 분기형,"지방간·간수치, 상황별로 이렇게 관리해보세요",상황 구분 → 관리 방향 제시 → 생활 습관 강조,지방간 유형과 간수치 상황을 분기 카드로 나눠 설명,,,,,,,내용·정식,공용,B,,지방간 유형과 간수치 상승 여부에 따라 관리 방향을 달리 설명한다.,간건강 주제를 하나의 처방으로 단정하지 않고 상태별 관리 방향으로 나눈다.,건강관리 주제를 상태 A·상태 B·상담이 필요한 경우로 나눠 실천 기준을 제시한다.,,,검토,"공개 HTML에서 좋아요 22·댓글 0·게시일을 확인. 간건강 생활정보로 공용 배정. 조회수는 공개 HTML에서 확인하지 못해 빈칸, 게이트는 판정불가로 기록.",2026-08-06T07:50:00+09:00,Dbp4UmPBkKp.jpg,판정불가(지표없음),게시물 조회수와 최근12 중앙조회수 미기록. 공개 좋아요·댓글만 확인되어 배수 미계산
PINKYAK-DaQGDV6SBNf,2026-08-06T07:50:00+09:00,E2-게이트후보,pink_yak_,핑크약 | 약사 박지현 | 여성건강·임신준비,65000,국내 약사 인플루언서,국내,2026-07-01,36,https://www.instagram.com/pink_yak_/reel/DaQGDV6SBNf/,DaQGDV6SBNf,릴스,,,1189,422,,,,,,0.3549,0,광고아님,캡션에 광고 표기 없음,여성건강·증상,질 분비물 변화와 질염 신호,여성호르몬 변화에 따른 분비물과 질염 가능성의 차이를 설명,여성건강·질분비물·질염·호르몬,,증상 구분형,"질 분비물, 매일 똑같은 줄 아셨나요?",변화 질문 → 호르몬 영향 설명 → 이상 신호 안내,정상적인 주기 변화와 질염 의심 신호를 대비해 설명,,,,,,,내용·정식,공용,B,,질 분비물 변화가 호르몬 주기와 관련될 수 있고 이상 변화는 질염 신호일 수 있음을 설명한다.,민감한 증상을 먼저 정상 범위와 이상 신호로 구분해 불안을 줄인다.,여성건강 증상을 정상 변화·주의 신호·상담 시점 세 장면으로 구분해 설명한다.,,,검토,"공개 HTML에서 좋아요 1,189·댓글 422·게시일을 확인. 여성건강 증상 정보로 공용 배정. 조회수는 공개 HTML에서 확인하지 못해 빈칸, 게이트는 판정불가로 기록.",2026-08-06T07:50:00+09:00,DaQGDV6SBNf.jpg,판정불가(지표없음),게시물 조회수와 최근12 중앙조회수 미기록. 공개 좋아요·댓글만 확인되어 배수 미계산
HEALTHYYAKSA-DWreQkmj-Cr,2026-08-06T07:50:00+09:00,E2-게이트후보,healthy.yaksa,헬씨약사 | 약사의 “진짜” 건강 다이어트,11000,국내 약사 인플루언서,국내,2026-04-03,125,https://www.instagram.com/healthy.yaksa/reel/DWreQkmj-Cr/,DWreQkmj-Cr,릴스,,,8088,551,,,,,,0.0681,0,광고아님,캡션에 광고 표기 없음,다이어트·영양,단백질 쉐이크 성분 비교,단백질 쉐이크 6종을 영양성분표와 혈당 관점에서 비교,단백질쉐이크·성분분석·혈당·다이어트,,점수 비교형,"올영 단백질 쉐이크 6종, 성분분석 기준",비교 대상 제시 → 성분표 분석 → 점수와 선택 기준 제시,6개 제품의 영양성분표와 점수를 비교 카드로 편집,,,,,,,내용·정식,공용,B,,단백질 쉐이크 6종을 성분표와 혈당 기준으로 비교해 점수화한다.,제품명을 먼저 홍보하지 않고 공인 영양성분표를 비교 기준으로 제시한다.,다이어트 제품을 성분표·혈당·포만감 세 기준으로 비교해 점수 카드로 설명한다.,,,검토,"공개 HTML에서 좋아요 8,088·댓글 551·게시일을 확인. 성분 비교형 다이어트 영양정보로 공용 배정. 조회수는 공개 HTML에서 확인하지 못해 빈칸, 게이트는 판정불가로 기록.",2026-08-06T07:50:00+09:00,DWreQkmj-Cr.jpg,판정불가(지표없음),게시물 조회수와 최근12 중앙조회수 미기록. 공개 좋아요·댓글만 확인되어 배수 미계산
MALTIYAKSA-DXB292PiYzW,2026-08-06T07:50:00+09:00,E2-게이트후보,malti_yaksa,말티약사 | 약사 김근형,19000,국내 약사 인플루언서,국내,2026-04-12,116,https://www.instagram.com/malti_yaksa/reel/DXB292PiYzW/,DXB292PiYzW,릴스,,,9498,173,,,,,,0.0182,0,광고아님,캡션에 광고 표기 없음,의약품·안구건조,인공눈물 비교,렌즈 착용자와 건조한 눈을 위한 인공눈물 제품을 수분 유지 기준으로 비교,인공눈물·안구건조·렌즈·히알루론산,,순위 비교형,"모든 렌즈 OK, 인공눈물 순위 TOP5",건조 증상 제시 → 제품 순위 → 성분·사용 상황 비교,제품 순위와 성분·사용 상황을 카드로 나눠 제시,,,,,,,내용·정식,공용,B,,건조한 눈과 렌즈 착용 상황을 고려해 인공눈물 5종을 비교한다.,안구건조라는 증상을 렌즈 착용 여부와 성분 기준으로 나눠 선택을 돕는다.,일반약 비교를 증상·사용 상황·성분 주의점 세 기준의 순위표로 구성한다.,,,검토,"공개 HTML에서 좋아요 9,498·댓글 173·게시일을 확인. 일반 의약품·안구건조 정보로 공용 배정. 조회수는 공개 HTML에서 확인하지 못해 빈칸, 게이트는 판정불가로 기록.",2026-08-06T07:50:00+09:00,DXB292PiYzW.jpg,판정불가(지표없음),게시물 조회수와 최근12 중앙조회수 미기록. 공개 좋아요·댓글만 확인되어 배수 미계산
BADAYAKSA-DbirstJPaQ_,2026-08-06T07:50:00+09:00,E2-게이트후보,bada_yaksa,바다약사ㅣ염증·혈당·다이어트ㅣ약보다 습관 먼저,16000,국내 약사 인플루언서,국내,2026-08-02,4,https://www.instagram.com/bada_yaksa/reel/DbirstJPaQ_/,DbirstJPaQ_,릴스,,,5,0,,,,,,0.0000,0,광고아님,캡션에 광고 표기 없음,증상·간건강,간이 보내는 피로 신호,간질환이 진행되기 전 나타날 수 있는 반복 신호를 목록형으로 설명,간건강·피로·간질환·증상,,증상 목록형,지친 간이 살려달라는 신호 10가지,조용한 장기 설명 → 신호 10가지 제시 → 확인 권고,간건강 신호를 번호 목록과 경고 자막으로 빠르게 제시,,,,,,,내용·정식,공용,B,,간이 지쳤을 때 나타날 수 있는 반복 신호를 10가지 목록으로 안내한다.,증상이 늦게 나타나는 장기의 특성을 먼저 설명해 반복 신호 확인을 유도한다.,조용히 진행되는 건강 문제를 특징·반복 신호·검사를 고려할 시점 세 장면으로 설명한다.,,,검토,"공개 HTML에서 좋아요 5·댓글 0·게시일을 확인. 간건강 증상 정보로 공용 배정. 조회수는 공개 HTML에서 확인하지 못해 빈칸, 게이트는 판정불가로 기록.",2026-08-06T07:50:00+09:00,DbirstJPaQ_.jpg,판정불가(지표없음),게시물 조회수와 최근12 중앙조회수 미기록. 공개 좋아요·댓글만 확인되어 배수 미계산
YAKSASUM-DbpNm0OxSFx,2026-08-06T07:50:00+09:00,E2-게이트후보,yaksasum,약사슴 | 약사 박혜지,12000,국내 약사 인플루언서,국내,2026-08-04,2,https://www.instagram.com/yaksasum/reel/DbpNm0OxSFx/,DbpNm0OxSFx,릴스,,,,,,,,,,,0,광고아님,캡션에 광고 표기 없음,영양제·성분,비타민D 복용법,비타민D의 복용 시점과 개인별 용량 차이를 설명,비타민D·복용법·지용성·용량,,복용법 설명형,약사가 알려주는 비타민D 제대로 먹는 법,복용 질문 → 식후 복용 이유 → 개인별 용량 주의,복용 시점·용량·계절별 주의점을 체크 항목으로 제시,,,,,,,내용·정식,공용,B,,비타민D를 식후에 먹는 이유와 개인별 용량 차이를 안내한다.,비타민D를 무조건 추천하지 않고 흡수 조건과 개인별 용량 차이를 함께 말한다.,영양제 복용법을 언제·얼마나·누가 상담해야 하는지 세 항목으로 나눠 설명한다.,,,검토,공개 HTML 설명에서 2026-08-04 게시일과 비타민D 복용법을 확인했으나 좋아요·댓글·조회수는 공개 형식으로 파싱되지 않아 빈칸 처리. 성분 정보로 공용 배정. 게이트는 판정불가로 기록.,2026-08-06T07:50:00+09:00,DbpNm0OxSFx.jpg,판정불가(지표없음),게시물 조회수·좋아요·댓글과 최근12 중앙조회수 미기록. 공개 설명에서 복용법·게시일만 확인
GGNNYAKSA-DI3Vlz0i5Hr,2026-08-06T07:50:00+09:00,E2-게이트후보,ggnn_yaksa,정세운약사의 건강나눔,11000,국내 약사 인플루언서,국내,2025-04-25,468,https://www.instagram.com/ggnn_yaksa/reel/DI3Vlz0i5Hr/,DI3Vlz0i5Hr,릴스,,,127,521,,,,,,4.1024,0,광고아님,캡션에 광고 표기 없음,영양제·광고판별,판매자 관점의 영양제 선택,영양제 판매자의 한계를 밝히며 무엇을 먹을지 판단하는 기준을 제시,영양제·광고판별·판매자·선택기준,,이해관계 공개형,판매자 입장이라 소개할 수 있는 제품에 한계가 있지만,이전 질문 회수 → 판매자 한계 고지 → 선택 기준 제시,시청자 질문을 회수한 뒤 판매자 한계와 선택 기준을 이어 붙임,,,,,,,내용·정식,공용,B,,영양제 판매자가 소개할 수 있는 제품의 한계를 밝히며 선택 기준을 설명한다.,추천 전에 판매자의 이해관계를 공개해 정보 신뢰를 판단할 단서를 제공한다.,영양제 추천 콘텐츠에서 이해관계·선택 기준·피해야 할 과장 표현을 먼저 공개한다.,,,검토,"공개 HTML에서 좋아요 127·댓글 521·게시일을 확인. 영양제 광고판별 정보로 공용 배정. 조회수는 공개 HTML에서 확인하지 못해 빈칸, 게이트는 판정불가로 기록.",2026-08-06T07:50:00+09:00,DI3Vlz0i5Hr.jpg,판정불가(지표없음),게시물 조회수와 최근12 중앙조회수 미기록. 공개 좋아요·댓글만 확인되어 배수 미계산
HEUNGDI-DbpNw4XSeRv,2026-08-06T10:30:00+09:00,E2-게이트후보,heung_di,흥디약사 | 화장품성분분석 3040 피부,4392,국내 약사 인플루언서,국내,2026-08-04,2,https://www.instagram.com/heung_di/reel/DbpNw4XSeRv/,DbpNw4XSeRv,릴스,,,23,2,,,,,,0.0870,0,광고아님,캡션에 판매 링크·광고 표기 없음,피부·성분,PDRN 주사제와 일반의약품 차이,PDRN의 개발 배경과 허가 의약품 전환 과정을 설명,PDRN·크림·주사제·일반의약품,,질문형,"PDRN, 왜 다들 주사로만 맞을까?",질문 제시→성분·허가 배경 설명→제품 선택 주의점,성분·허가 연혁을 자막 카드로 설명,,,,,,,내용·형식,선영,B,,PDRN이 주사제로 개발된 배경과 일반의약품으로 허가된 과정을 설명한다.,,,,,검토,공개 Instagram HTML에서 좋아요 23·댓글 2·게시일 2026-08-04 확인. 조회수는 공개 HTML에 없어 빈칸 처리.,2026-08-06T10:30:00+09:00,DbpNw4XSeRv.jpg,판정불가(지표없음),게시물 공개 재생수 미노출; 최근12개 공개 조회수도 미기록
KKAMANGYACKS-DbkuZqBzbeD,2026-08-06T10:30:00+09:00,E2-게이트후보,kkamang_yacksa,스포츠약사·까망약사,3836,국내 약사 인플루언서,국내,2026-08-03,3,https://www.instagram.com/kkamang_yacksa/reel/DbkuZqBzbeD/,DbkuZqBzbeD,릴스,,,89,0,,,,,,0.0000,0,광고아님,교육 행사 안내 게시물,약물안전·운동,도핑 예방과 운동 영양 교육,대회 전 선수에게 도핑 위험과 영양 섭취를 함께 교육,도핑·선수영양·약물안전·스포츠약학,,교육 안내형,대회 전 선수에게 꼭 필요한 도핑 예방 교육,교육 주제 제시→도핑 예방→영양 교육 안내,교육 행사 정보와 핵심 주제를 카드형으로 구성,,,,,,,내용·형식,공용,B,,스포츠 약학회 교육에서 도핑 예방과 선수 영양을 함께 다룬다.,,,,,검토,공개 Instagram HTML에서 좋아요 89·댓글 0·게시일 2026-08-03 확인. 설명 계정은 kbbf_official로 표시되어 공동 게시물 출처를 메모. 조회수는 빈칸 처리.,2026-08-06T10:30:00+09:00,DbkuZqBzbeD.jpg,판정불가(지표없음),게시물 공개 재생수 미노출; 최근12개 공개 조회수도 미기록
GGOGIYAKSA-DbXjRx9p8nr,2026-08-06T10:30:00+09:00,E2-게이트후보,ggogi_yaksa,꼬기약사 ☆ 고기현,12000,국내 약사 인플루언서,국내,2026-07-29,8,https://www.instagram.com/ggogi_yaksa/reel/DbXjRx9p8nr/,DbXjRx9p8nr,릴스,,,45,5,,,,,,0.1111,0,광고아님,캡션에 제품 구매 유도 표기 없음,뷰티·피부,약국 뷰티 제품 상담,EGF와 PDRN 차이를 약국 상담 질문으로 풀어낸다,EGF·PDRN·약국뷰티·상담,,질문형,"약국 뷰티 제품, 어떻게 상담하고 계신가요?",고객 질문→성분 차이→상담 답변과 선택 기준,성분명 비교 자막과 상담 질문을 순서대로 배치,,,,,,,내용·형식,선영,B,,약국 뷰티 제품 상담에서 EGF와 PDRN 차이를 설명하는 사례다.,,,,,검토,공개 Instagram HTML에서 좋아요 45·댓글 5·게시일 2026-07-29 확인. 제품 리뷰형 뷰티이므로 선영만 배정. 조회수는 빈칸 처리.,2026-08-06T10:30:00+09:00,DbXjRx9p8nr.jpg,판정불가(지표없음),게시물 공개 재생수 미노출; 최근12개 공개 조회수도 미기록
LEEPHARMACY-DbqI7xYRJ7G,2026-08-06T10:30:00+09:00,E2-게이트후보,lee_pharmacy_,약빵약사 | Health & Wellness | 서울대 약사,138000,국내 약사 인플루언서,국내,2026-08-05,1,https://www.instagram.com/lee_pharmacy_/reel/DbqI7xYRJ7G/,DbqI7xYRJ7G,릴스,,,58,6,,,,,,0.1034,0,광고아님,캡션에 판매 링크·광고 표기 없음,영양제·성분,마그네슘 복용 Q&A,마그네슘을 수면제처럼 오해하는 질문을 바로잡는다,마그네슘·수면·복용법·영양제,,오해 반박형,마그네슘이 자기 전 수면제인 것처럼 오해받고 있어요,오해 제시→복용 목적 설명→자주 묻는 질문 정리,질문별 답변을 짧은 카드로 연결,,,,,,,내용·형식,공용,B,,마그네슘의 역할을 수면제와 구분해 설명하고 자주 묻는 질문을 정리한다.,,,,,검토,공개 Instagram HTML에서 좋아요 58·댓글 6·게시일 2026-08-05 확인. 조회수는 빈칸 처리.,2026-08-06T10:30:00+09:00,DbqI7xYRJ7G.jpg,판정불가(지표없음),게시물 공개 재생수 미노출; 최근12개 공개 조회수도 미기록
DREAMYAKSA-DbnwZ3rkwuH,2026-08-06T10:30:00+09:00,E2-게이트후보,dreamyaksa_,이종우 | 드림약사,150000,국내 약사 인플루언서,국내,2026-08-04,2,https://www.instagram.com/dreamyaksa_/reel/DbnwZ3rkwuH/,DbnwZ3rkwuH,릴스,,,326,11,,,,,,0.0337,0,광고아님,캡션에 판매 링크·광고 표기 없음,생활습관·피부,자외선 차단과 비타민 D,선크림 필요성과 비타민 D 합성의 균형을 설명,자외선·선크림·비타민D·피부노화,,위험 경고형,햇빛 싫어하면 위험한 이유,피부 고민 제시→자외선 차단 필요성→비타민 D 오해 정리,피부 노화·비타민 D 핵심 문장을 자막으로 강조,,,,,,,내용·형식,선영,B,,자외선 차단과 비타민 D 합성 사이의 오해를 피부 건강 관점에서 설명한다.,,,,,검토,공개 Instagram HTML에서 좋아요 326·댓글 11·게시일 2026-08-04 확인. 조회수는 빈칸 처리.,2026-08-06T10:30:00+09:00,DbnwZ3rkwuH.jpg,판정불가(지표없음),게시물 공개 재생수 미노출; 최근12개 공개 조회수도 미기록
MYOYAKSA-DbpwQEpj7hk,2026-08-06T10:30:00+09:00,E2-게이트후보,myo_yaksa,다정한 건강 묘약은 묘약사·김미나,86000,국내 약사 인플루언서,국내,2026-08-05,1,https://www.instagram.com/myo_yaksa/reel/DbpwQEpj7hk/,DbpwQEpj7hk,릴스,,,41,4,,,,,,0.0976,0,광고아님,약국템 목록 안내이며 광고 표기 없음,의약품·약국템,여름철 약국 상비템,여름철 증상별 약국 상비템을 한 장면에서 비교,약국템·여름철·일반의약품·증상,,목록형,"여름철 약국 오시는 분들, 이 아이템부터 찾으세요",계절 상황 제시→상비템 목록→사용 상황 안내,상비템을 제품명 자막과 목록으로 빠르게 제시,,,,,,,내용·형식,김주성·선영,B,,여름철 약국 방문자에게 필요한 일반의약품과 약국템을 목록으로 소개한다.,,,,,검토,공개 Instagram HTML에서 좋아요 41·댓글 4·게시일 2026-08-05 확인. 조회수는 빈칸 처리.,2026-08-06T10:30:00+09:00,DbpwQEpj7hk.jpg,판정불가(지표없음),게시물 공개 재생수 미노출; 최근12개 공개 조회수도 미기록
YAKFILTER-DbqNX9LvB0w,2026-08-06T10:30:00+09:00,E2-게이트후보,yak.filter,필터약사 신동호ㅣ딸에게 꼭 알려주고싶은 여성건강 tmi,42000,국내 약사 인플루언서,국내,2026-08-05,1,https://www.instagram.com/yak.filter/reel/DbqNX9LvB0w/,DbqNX9LvB0w,릴스,,,22,3,,,,,,0.1364,0,광고아님,광고 판별을 주제로 삼고 특정 제품 판매를 유도하지 않음,영양제·광고판별,자녀에게 먹이지 않는 영양제,광고에 흔들리기 쉬운 영양제 선택을 약사 상담 기준으로 설명,영양제·광고판별·자녀·선택기준,,금지 목록형,약사인 저도 제 딸한테 안 먹이는 영양제들이 있어요,상담에서 발견한 문제→광고와 실제 선택의 차이→판별 기준,광고 문구와 선택 기준을 짧은 문장으로 교차 제시,,,,,,,내용·형식,공용,A,,약사도 자녀에게 먹이지 않는 영양제를 예시로 광고와 선택 기준을 설명한다.,,,,,검토,공개 Instagram HTML에서 좋아요 22·댓글 3·게시일 2026-08-05 확인. 조회수는 빈칸 처리.,2026-08-06T10:30:00+09:00,DbqNX9LvB0w.jpg,판정불가(지표없음),게시물 공개 재생수 미노출; 최근12개 공개 조회수도 미기록
YAKSAMOM-DbkF84smkk3,2026-08-06T11:20:00+09:00,E2-게이트후보,yaksamom,약사맘 👩🏻‍⚕️ 박신영 | 건강·피부에 진심인 약사,129000,국내 약사 인플루언서,국내,2026-08-02,4,https://www.instagram.com/yaksamom/reel/DbkF84smkk3/,DbkF84smkk3,릴스,,,,,,,,,,,0,광고아님,캡션에 특정 시술·제품 판매 유도 없음,뷰티·피부,피부장벽과 피부 시술,여러 피부 고민을 피부장벽 관리라는 하나의 시작점으로 정리,피부장벽·수분·피부노화·시술,,공통 원인 제시형,피부과 시술만 찾으셨다면 잠깐만요,피부 고민 나열→공통 원인 제시→피부장벽 관리 안내,피부 고민을 짧은 자막으로 나열한 뒤 피부장벽을 강조,,,,,,,내용·형식,선영,B,,홍조·기미·모공·주름을 피부장벽 관리라는 공통 출발점으로 설명한다.,,,,,검토,공개 Instagram HTML의 설명에서 피부장벽·수분 관리 내용 확인. 게시물 지표는 공개 HTML에 없어 빈칸 처리.,2026-08-06T11:20:00+09:00,DbkF84smkk3.jpg,판정불가(지표없음),게시물 공개 지표 미노출; 최근12개 공개 조회수도 미기록
LIZYAKSA-Dbp59rwPbrD,2026-08-06T11:20:00+09:00,E2-게이트후보,liz_yaksa,리즈약사 | 박보람,96000,국내 약사 인플루언서,국내,2026-08-05,1,https://www.instagram.com/liz_yaksa/reel/Dbp59rwPbrD/,Dbp59rwPbrD,릴스,,,31,11,,,,,,0.3548,0,광고아님,캡션에 특정 제품 판매 유도 없음,다이어트·영양,운동과 영양제 보충,운동 효과를 근력·에너지·혈류·회복의 네 가지 목표로 나눠 설명,운동·영양제·근력·에너지·회복,,자기비하 반전형,운동은 어설퍼도 영양제는 제대로 챙기는 헬린이 약사,운동 부족 상황 제시→보충 목적 분류→실천 포인트 안내,운동 목표별 키워드를 짧은 목록으로 분리,,,,,,,내용·형식,공용,B,,운동과 영양제 보충을 근력·에너지 대사·혈류·회복 목표로 나눠 설명한다.,,,,,검토,공개 Instagram HTML에서 좋아요 31·댓글 11·게시일 2026-08-05 확인. 조회수는 빈칸 처리.,2026-08-06T11:20:00+09:00,Dbp59rwPbrD.jpg,판정불가(지표없음),게시물 공개 재생수 미노출; 최근12개 공개 조회수도 미기록
BROYAKSA-DbnhergSH4c,2026-08-06T11:20:00+09:00,E2-게이트후보,bro_yaksa,𝗕𝗿𝗼 𝗛𝗲𝗮𝗹𝘁𝗵 𝗖𝗮𝗿𝗲 | 형제약사 | 최형재,113000,국내 약사 인플루언서,국내,2026-08-04,2,https://www.instagram.com/bro_yaksa/reel/DbnhergSH4c/,DbnhergSH4c,릴스,,,28,2,,,,,,0.0714,0,광고아님,캡션에 특정 제품 판매 유도 없음,영양제·성분,오메가3 복용과 논문 근거,장시간 모니터 사용자의 오메가3 복용 질문을 논문 근거로 답변,오메가3·복용법·논문·눈건강,,생활 상황형,하루 종일 모니터와 핸드폰을 보신다면 이것 하나만큼은 챙기세요,생활 상황 제시→논문 확인→복용 기간·기대 효과 설명,논문 확인 장면과 핵심 결론을 순서대로 제시,,,,,,,내용·형식,공용,B,,장시간 화면을 보는 사람의 오메가3 복용 질문을 약사가 논문을 읽고 답한다.,,,,,검토,공개 Instagram HTML에서 좋아요 28·댓글 2·게시일 2026-08-04 확인. 조회수는 빈칸 처리.,2026-08-06T11:20:00+09:00,DbnhergSH4c.jpg,판정불가(지표없음),게시물 공개 재생수 미노출; 최근12개 공개 조회수도 미기록
JUNYYAKSA-DbpaHi5Elb7,2026-08-06T11:20:00+09:00,E2-게이트후보,juny_yaksa,35년상담 쭈니약사ㅣ한방+영양의학,122000,국내 약사 인플루언서,국내,2026-08-04,2,https://www.instagram.com/juny_yaksa/reel/DbpaHi5Elb7/,DbpaHi5Elb7,릴스,,,59,35,,,,,,0.5932,0,광고아님,특정 제품 구매 유도 없이 성분 기준을 설명,영양제·성분,오메가3 순도와 용량,오메가3를 먹어도 효과가 없다는 질문을 순도·용량 기준으로 해석,오메가3·순도·용량·복용법,,질문형,오메가3 효과 없었다면? 용량보다 먼저 순도를 보세요,효과 없음 질문→순도·용량 점검→제품 선택 기준,질문 자막→순도·용량 체크리스트→선택 기준,,,,,,,내용·형식,공용,B,,오메가3 효과가 없다는 질문을 제품 순도와 섭취 용량 기준으로 설명한다.,,,,,검토,공개 Instagram HTML에서 좋아요 59·댓글 35·게시일 2026-08-04 확인. 조회수는 빈칸 처리.,2026-08-06T11:20:00+09:00,DbpaHi5Elb7.jpg,판정불가(지표없음),게시물 공개 재생수 미노출; 최근12개 공개 조회수도 미기록
EFFICAHEALTH-DbbEr03ob0z,2026-08-05T23:11:49.161Z,E2-게이트후보,efficahealth,Effica Health,7374,해외 메디컬 인접 계정,국내,2026-07-30,7,https://www.instagram.com/efficahealth/reel/DbbEr03ob0z/,DbbEr03ob0z,릴스,,528,24,0,749.5,0.7,0.045455,,,0.0000,0,판정불가,대표 게시물 HTML에서 광고 판정 근거 미확인,의료현장·약학교육,최근 릴스 형식 관측,최근 12개 게시물 중 대표 릴스의 교육·정보 전달 형식을 기록,약학·의료교육·릴스형식,,교육형,최근 12개 릴스 중 대표 게시물의 첫 문장·시각 구성을 기록,대표 게시물 확인→정보 전달 형식 기록→게이트 수치 대조,프로필 그리드에서 대표 릴스의 카드·화면·자막 형식 확인,,,,,,,형식,공용,B,,최근 12개 릴스 관측에서 대표 게시물의 정보 전달 형식을 남긴 해외 레퍼런스.,,,,,검토,최근12개 공개 프로필 그리드 관측값으로 중앙값 749.5을 계산. 대표 게시물 좋아요 24·댓글 0·게시일 2026-07-30 확인.,2026-08-05T23:11:49.161Z,DbbEr03ob0z.jpg,미달,"대표 조회수 528 / 100,000, 배수 0.7 / 10"
ACCP-DbqYBKtj49d,2026-08-05T23:11:49.161Z,E2-게이트후보,accp,ACCP,5394,해외 메디컬 인접 계정,국내,2026-08-05,1,https://www.instagram.com/accp/reel/DbqYBKtj49d/,DbqYBKtj49d,릴스,,449,3,0,687,0.65,0.006682,,,0.0000,0,판정불가,대표 게시물 HTML에서 광고 판정 근거 미확인,의료현장·약학교육,최근 릴스 형식 관측,최근 12개 게시물 중 대표 릴스의 교육·정보 전달 형식을 기록,약학·의료교육·릴스형식,,교육형,최근 12개 릴스 중 대표 게시물의 첫 문장·시각 구성을 기록,대표 게시물 확인→정보 전달 형식 기록→게이트 수치 대조,프로필 그리드에서 대표 릴스의 카드·화면·자막 형식 확인,,,,,,,형식,공용,B,,최근 12개 릴스 관측에서 대표 게시물의 정보 전달 형식을 남긴 해외 레퍼런스.,,,,,검토,최근12개 공개 프로필 그리드 관측값으로 중앙값 687을 계산. 대표 게시물 좋아요 3·댓글 0·게시일 2026-08-05 확인.,2026-08-05T23:11:49.161Z,DbqYBKtj49d.jpg,미달,"대표 조회수 449 / 100,000, 배수 0.65 / 10"
DUQUESNEPHAR-DZKqOqWiu0X,2026-08-05T23:11:49.161Z,E2-게이트후보,duquesnepharm,Duquesne School of Pharmacy,3151,해외 메디컬 인접 계정,국내,2026-06-04,63,https://www.instagram.com/duquesnepharm/reel/DZKqOqWiu0X/,DZKqOqWiu0X,릴스,,2367,17,0,2186.5,1.08,0.007182,,,0.0000,0,판정불가,대표 게시물 HTML에서 광고 판정 근거 미확인,약학·건강교육,최근 릴스 형식 관측,최근 12개 게시물 중 대표 릴스의 교육·정보 전달 형식을 기록,약학·의료교육·릴스형식,,교육형,최근 12개 릴스 중 대표 게시물의 첫 문장·시각 구성을 기록,대표 게시물 확인→정보 전달 형식 기록→게이트 수치 대조,프로필 그리드에서 대표 릴스의 카드·화면·자막 형식 확인,,,,,,,형식,공용,B,,최근 12개 릴스 관측에서 대표 게시물의 정보 전달 형식을 남긴 해외 레퍼런스.,,,,,검토,최근12개 공개 프로필 그리드 관측값으로 중앙값 2186.5을 계산. 대표 게시물 좋아요 17·댓글 0·게시일 2026-06-04 확인.,2026-08-05T23:11:49.161Z,DZKqOqWiu0X.jpg,미달,"대표 조회수 2367 / 100,000, 배수 1.08 / 10"
STGWELLNESS-DABADS5J8HX,2026-08-05T23:11:49.161Z,E2-게이트후보,stg_wellness,Sandra Tadros Guirguis | Holistic Wellness Pharmacist,2886,해외 약사 인플루언서,국내,2024-09-17,688,https://www.instagram.com/stg_wellness/reel/DABADS5J8HX/,DABADS5J8HX,릴스,,3250,186,40,1978.5,1.64,0.057231,,,0.2151,0,판정불가,대표 게시물 HTML에서 광고 판정 근거 미확인,약학·건강교육,최근 릴스 형식 관측,최근 12개 게시물 중 대표 릴스의 교육·정보 전달 형식을 기록,약학·의료교육·릴스형식,,교육형,최근 12개 릴스 중 대표 게시물의 첫 문장·시각 구성을 기록,대표 게시물 확인→정보 전달 형식 기록→게이트 수치 대조,프로필 그리드에서 대표 릴스의 카드·화면·자막 형식 확인,,,,,,,형식,공용,B,,최근 12개 릴스 관측에서 대표 게시물의 정보 전달 형식을 남긴 해외 레퍼런스.,,,,,검토,최근12개 공개 프로필 그리드 관측값으로 중앙값 1978.5을 계산. 대표 게시물 좋아요 186·댓글 40·게시일 2024-09-17 확인.,2026-08-05T23:11:49.161Z,DABADS5J8HX.jpg,미달,"대표 조회수 3250 / 100,000, 배수 1.64 / 10"
HEALTHCAREDI-DbnwGKHjYBz,2026-08-05T23:11:49.161Z,E2-게이트후보,healthcaredistrict,Health Care District of Palm Beach County,2000,해외 메디컬 인접 계정,국내,2026-08-04,2,https://www.instagram.com/healthcaredistrict/reel/DbnwGKHjYBz/,DbnwGKHjYBz,릴스,,444,2,0,764,0.58,0.004505,,,0.0000,0,판정불가,대표 게시물 HTML에서 광고 판정 근거 미확인,의료현장·약학교육,최근 릴스 형식 관측,최근 12개 게시물 중 대표 릴스의 교육·정보 전달 형식을 기록,약학·의료교육·릴스형식,,교육형,최근 12개 릴스 중 대표 게시물의 첫 문장·시각 구성을 기록,대표 게시물 확인→정보 전달 형식 기록→게이트 수치 대조,프로필 그리드에서 대표 릴스의 카드·화면·자막 형식 확인,,,,,,,형식,공용,B,,최근 12개 릴스 관측에서 대표 게시물의 정보 전달 형식을 남긴 해외 레퍼런스.,,,,,검토,최근12개 공개 프로필 그리드 관측값으로 중앙값 764을 계산. 대표 게시물 좋아요 2·댓글 0·게시일 2026-08-04 확인.,2026-08-05T23:11:49.161Z,DbnwGKHjYBz.jpg,미달,"대표 조회수 444 / 100,000, 배수 0.58 / 10"
LARKINUNIVER-DbqAdHVRGpu,2026-08-05T23:11:49.161Z,E2-게이트후보,larkinuniversity,Larkin University,1886,해외 메디컬 인접 계정,국내,2026-08-05,1,https://www.instagram.com/larkinuniversity/reel/DbqAdHVRGpu/,DbqAdHVRGpu,릴스,,698,3,0,1064.5,0.66,0.004298,,,0.0000,0,판정불가,대표 게시물 HTML에서 광고 판정 근거 미확인,의료현장·약학교육,최근 릴스 형식 관측,최근 12개 게시물 중 대표 릴스의 교육·정보 전달 형식을 기록,약학·의료교육·릴스형식,,교육형,최근 12개 릴스 중 대표 게시물의 첫 문장·시각 구성을 기록,대표 게시물 확인→정보 전달 형식 기록→게이트 수치 대조,프로필 그리드에서 대표 릴스의 카드·화면·자막 형식 확인,,,,,,,형식,공용,B,,최근 12개 릴스 관측에서 대표 게시물의 정보 전달 형식을 남긴 해외 레퍼런스.,,,,,검토,최근12개 공개 프로필 그리드 관측값으로 중앙값 1064.5을 계산. 대표 게시물 좋아요 3·댓글 0·게시일 2026-08-05 확인.,2026-08-05T23:11:49.161Z,DbqAdHVRGpu.jpg,미달,"대표 조회수 698 / 100,000, 배수 0.66 / 10"
PHARMACYATQU-Dbpb-ConSyn,2026-08-05T23:11:49.161Z,E2-게이트후보,pharmacyatqub,The School of Pharmacy at Queens University Belfast,1662,해외 메디컬 인접 계정,국내,2026-08-04,2,https://www.instagram.com/pharmacyatqub/reel/Dbpb-ConSyn/,Dbpb-ConSyn,릴스,,719,10,1,1325,0.54,0.013908,,,0.1000,0,판정불가,대표 게시물 HTML에서 광고 판정 근거 미확인,의료현장·약학교육,최근 릴스 형식 관측,최근 12개 게시물 중 대표 릴스의 교육·정보 전달 형식을 기록,약학·의료교육·릴스형식,,교육형,최근 12개 릴스 중 대표 게시물의 첫 문장·시각 구성을 기록,대표 게시물 확인→정보 전달 형식 기록→게이트 수치 대조,프로필 그리드에서 대표 릴스의 카드·화면·자막 형식 확인,,,,,,,형식,공용,B,,최근 12개 릴스 관측에서 대표 게시물의 정보 전달 형식을 남긴 해외 레퍼런스.,,,,,검토,최근12개 공개 프로필 그리드 관측값으로 중앙값 1325을 계산. 대표 게시물 좋아요 10·댓글 1·게시일 2026-08-04 확인.,2026-08-05T23:11:49.161Z,Dbpb-ConSyn.jpg,미달,"대표 조회수 719 / 100,000, 배수 0.54 / 10"
RFUPHARMACY-CjGI2aYAG8l,2026-08-05T23:11:49.161Z,E2-게이트후보,rfupharmacy,Rosalind Franklin Pharmacy,1593,해외 메디컬 인접 계정,국내,2022-09-29,1407,https://www.instagram.com/rfupharmacy/reel/CjGI2aYAG8l/,CjGI2aYAG8l,릴스,,2377,56,3,2298,1.03,0.023559,,,0.0536,0,판정불가,대표 게시물 HTML에서 광고 판정 근거 미확인,의료현장·약학교육,최근 릴스 형식 관측,최근 12개 게시물 중 대표 릴스의 교육·정보 전달 형식을 기록,약학·의료교육·릴스형식,,교육형,최근 12개 릴스 중 대표 게시물의 첫 문장·시각 구성을 기록,대표 게시물 확인→정보 전달 형식 기록→게이트 수치 대조,프로필 그리드에서 대표 릴스의 카드·화면·자막 형식 확인,,,,,,,형식,공용,B,,최근 12개 릴스 관측에서 대표 게시물의 정보 전달 형식을 남긴 해외 레퍼런스.,,,,,검토,최근12개 공개 프로필 그리드 관측값으로 중앙값 2298을 계산. 대표 게시물 좋아요 56·댓글 3·게시일 2022-09-29 확인.,2026-08-05T23:11:49.161Z,CjGI2aYAG8l.jpg,미달,"대표 조회수 2377 / 100,000, 배수 1.03 / 10"
UCSFPHARMACY-DbWm52mBEHG,2026-08-05T23:11:49.161Z,E2-게이트후보,ucsfpharmacy,UCSF School of Pharmacy,1163,해외 메디컬 인접 계정,국내,2026-07-28,9,https://www.instagram.com/ucsfpharmacy/reel/DbWm52mBEHG/,DbWm52mBEHG,릴스,,3471,64,1,3489,0.99,0.018438,,,0.0156,0,판정불가,대표 게시물 HTML에서 광고 판정 근거 미확인,의료현장·약학교육,최근 릴스 형식 관측,최근 12개 게시물 중 대표 릴스의 교육·정보 전달 형식을 기록,약학·의료교육·릴스형식,,교육형,최근 12개 릴스 중 대표 게시물의 첫 문장·시각 구성을 기록,대표 게시물 확인→정보 전달 형식 기록→게이트 수치 대조,프로필 그리드에서 대표 릴스의 카드·화면·자막 형식 확인,,,,,,,형식,공용,B,,최근 12개 릴스 관측에서 대표 게시물의 정보 전달 형식을 남긴 해외 레퍼런스.,,,,,검토,최근12개 공개 프로필 그리드 관측값으로 중앙값 3489을 계산. 대표 게시물 좋아요 64·댓글 1·게시일 2026-07-28 확인.,2026-08-05T23:11:49.161Z,DbWm52mBEHG.jpg,미달,"대표 조회수 3471 / 100,000, 배수 0.99 / 10"
GAWANDECOLLE-DGk41PEy5Ci,2026-08-05T23:11:49.161Z,E2-게이트후보,gawande_college_of_pharmacy,𝙂𝘾𝙊𝙋 𝙎𝘼𝙆𝙃𝘼𝙍𝙆𝙃𝙀𝙍𝘿𝘼,689,해외 메디컬 인접 계정,국내,,,https://www.instagram.com/gawande_college_of_pharmacy/reel/DGk41PEy5Ci/,DGk41PEy5Ci,릴스,,3102,,,2797.5,1.11,,,,,0,판정불가,대표 게시물 HTML에서 광고 판정 근거 미확인,의료현장·약학교육,최근 릴스 형식 관측,최근 12개 게시물 중 대표 릴스의 교육·정보 전달 형식을 기록,약학·의료교육·릴스형식,,교육형,최근 12개 릴스 중 대표 게시물의 첫 문장·시각 구성을 기록,대표 게시물 확인→정보 전달 형식 기록→게이트 수치 대조,프로필 그리드에서 대표 릴스의 카드·화면·자막 형식 확인,,,,,,,형식,공용,B,,최근 12개 릴스 관측에서 대표 게시물의 정보 전달 형식을 남긴 해외 레퍼런스.,,,,,검토,최근12개 공개 프로필 그리드 관측값으로 중앙값 2797.5을 계산. 대표 게시물 좋아요 미기록·댓글 미기록·게시일 미기록 확인.,2026-08-05T23:11:49.161Z,DGk41PEy5Ci.jpg,미달,"대표 조회수 3102 / 100,000, 배수 1.11 / 10"
MBKUPHARMADM-DZLMlvJCExi,2026-08-05T23:11:49.161Z,E2-게이트후보,mbku_pharmadmissions,Marshall B. Ketchum University College of Pharmacy,678,해외 메디컬 인접 계정,국내,2026-06-04,63,https://www.instagram.com/mbku_pharmadmissions/reel/DZLMlvJCExi/,DZLMlvJCExi,릴스,,3931,113,0,3631,1.08,0.028746,,,0.0000,0,판정불가,대표 게시물 HTML에서 광고 판정 근거 미확인,약학·건강교육,최근 릴스 형식 관측,최근 12개 게시물 중 대표 릴스의 교육·정보 전달 형식을 기록,약학·의료교육·릴스형식,,교육형,최근 12개 릴스 중 대표 게시물의 첫 문장·시각 구성을 기록,대표 게시물 확인→정보 전달 형식 기록→게이트 수치 대조,프로필 그리드에서 대표 릴스의 카드·화면·자막 형식 확인,,,,,,,형식,공용,B,,최근 12개 릴스 관측에서 대표 게시물의 정보 전달 형식을 남긴 해외 레퍼런스.,,,,,검토,최근12개 공개 프로필 그리드 관측값으로 중앙값 3631을 계산. 대표 게시물 좋아요 113·댓글 0·게시일 2026-06-04 확인.,2026-08-05T23:11:49.161Z,DZLMlvJCExi.jpg,미달,"대표 조회수 3931 / 100,000, 배수 1.08 / 10"
UNCSNPHA-DbcYNmHwj3_,2026-08-05T23:11:49.161Z,E2-게이트후보,unc_snpha,UNC SNPhA,609,해외 메디컬 인접 계정,국내,2026-07-30,7,https://www.instagram.com/unc_snpha/reel/DbcYNmHwj3_/,DbcYNmHwj3_,릴스,,648,22,0,614,1.06,0.033951,,,0.0000,0,판정불가,대표 게시물 HTML에서 광고 판정 근거 미확인,약학·건강교육,최근 릴스 형식 관측,최근 12개 게시물 중 대표 릴스의 교육·정보 전달 형식을 기록,약학·의료교육·릴스형식,,교육형,최근 12개 릴스 중 대표 게시물의 첫 문장·시각 구성을 기록,대표 게시물 확인→정보 전달 형식 기록→게이트 수치 대조,프로필 그리드에서 대표 릴스의 카드·화면·자막 형식 확인,,,,,,,형식,공용,B,,최근 12개 릴스 관측에서 대표 게시물의 정보 전달 형식을 남긴 해외 레퍼런스.,,,,,검토,최근12개 공개 프로필 그리드 관측값으로 중앙값 614을 계산. 대표 게시물 좋아요 22·댓글 0·게시일 2026-07-30 확인.,2026-08-05T23:11:49.161Z,DbcYNmHwj3_.jpg,미달,"대표 조회수 648 / 100,000, 배수 1.06 / 10"
MIRANDALOUIS-DbXr-WHDmXd,2026-08-05T23:11:49.161Z,E2-게이트후보,mirandalouisechan,Miranda Chan,454,해외 약사 인플루언서,국내,2026-07-29,8,https://www.instagram.com/mirandalouisechan/reel/DbXr-WHDmXd/,DbXr-WHDmXd,릴스,,330,21,2,707.5,0.47,0.063636,,,0.0952,0,판정불가,대표 게시물 HTML에서 광고 판정 근거 미확인,약학·건강교육,최근 릴스 형식 관측,최근 12개 게시물 중 대표 릴스의 교육·정보 전달 형식을 기록,약학·의료교육·릴스형식,,교육형,최근 12개 릴스 중 대표 게시물의 첫 문장·시각 구성을 기록,대표 게시물 확인→정보 전달 형식 기록→게이트 수치 대조,프로필 그리드에서 대표 릴스의 카드·화면·자막 형식 확인,,,,,,,형식,공용,B,,최근 12개 릴스 관측에서 대표 게시물의 정보 전달 형식을 남긴 해외 레퍼런스.,,,,,검토,최근12개 공개 프로필 그리드 관측값으로 중앙값 707.5을 계산. 대표 게시물 좋아요 21·댓글 2·게시일 2026-07-29 확인.,2026-08-05T23:11:49.161Z,DbXr-WHDmXd.jpg,미달,"대표 조회수 330 / 100,000, 배수 0.47 / 10"
CEIMPACTRX-DbZlf56DBvY,2026-08-05T23:11:49.161Z,E2-게이트후보,ceimpactrx,CEImpact | Pharmacy Education,407,해외 메디컬 인접 계정,국내,2026-07-29,8,https://www.instagram.com/ceimpactrx/reel/DbZlf56DBvY/,DbZlf56DBvY,릴스,,135,1,0,160.5,0.84,0.007407,,,0.0000,0,판정불가,대표 게시물 HTML에서 광고 판정 근거 미확인,의료현장·약학교육,최근 릴스 형식 관측,최근 12개 게시물 중 대표 릴스의 교육·정보 전달 형식을 기록,약학·의료교육·릴스형식,,교육형,최근 12개 릴스 중 대표 게시물의 첫 문장·시각 구성을 기록,대표 게시물 확인→정보 전달 형식 기록→게이트 수치 대조,프로필 그리드에서 대표 릴스의 카드·화면·자막 형식 확인,,,,,,,형식,공용,B,,최근 12개 릴스 관측에서 대표 게시물의 정보 전달 형식을 남긴 해외 레퍼런스.,,,,,검토,최근12개 공개 프로필 그리드 관측값으로 중앙값 160.5을 계산. 대표 게시물 좋아요 1·댓글 0·게시일 2026-07-29 확인.,2026-08-05T23:11:49.161Z,DbZlf56DBvY.jpg,미달,"대표 조회수 135 / 100,000, 배수 0.84 / 10"
UWCSCHOOLOFP-DXbS0SqoYLh,2026-08-05T23:11:49.161Z,E2-게이트후보,uwcschoolofpharmacy,UWC School of Pharmacy,366,해외 메디컬 인접 계정,국내,2026-04-21,107,https://www.instagram.com/uwcschoolofpharmacy/reel/DXbS0SqoYLh/,DXbS0SqoYLh,릴스,,7724,172,3,1375,5.62,0.022268,,,0.0174,0,판정불가,대표 게시물 HTML에서 광고 판정 근거 미확인,의료현장·약학교육,최근 릴스 형식 관측,최근 12개 게시물 중 대표 릴스의 교육·정보 전달 형식을 기록,약학·의료교육·릴스형식,,교육형,최근 12개 릴스 중 대표 게시물의 첫 문장·시각 구성을 기록,대표 게시물 확인→정보 전달 형식 기록→게이트 수치 대조,프로필 그리드에서 대표 릴스의 카드·화면·자막 형식 확인,,,,,,,형식,공용,B,,최근 12개 릴스 관측에서 대표 게시물의 정보 전달 형식을 남긴 해외 레퍼런스.,,,,,검토,최근12개 공개 프로필 그리드 관측값으로 중앙값 1375을 계산. 대표 게시물 좋아요 172·댓글 3·게시일 2026-04-21 확인.,2026-08-05T23:11:49.161Z,DXbS0SqoYLh.jpg,미달,"대표 조회수 7724 / 100,000, 배수 5.62 / 10"
TUCAPHARMACY-DajS6gnqohN,2026-08-05T23:11:49.161Z,E2-게이트후보,tucapharmacy,Touro University California College of Pharmacy,344,해외 메디컬 인접 계정,국내,,,https://www.instagram.com/tucapharmacy/reel/DajS6gnqohN/,DajS6gnqohN,릴스,,2050,,,2692,0.76,,,,,0,판정불가,대표 게시물 HTML에서 광고 판정 근거 미확인,의료현장·약학교육,최근 릴스 형식 관측,최근 12개 게시물 중 대표 릴스의 교육·정보 전달 형식을 기록,약학·의료교육·릴스형식,,교육형,최근 12개 릴스 중 대표 게시물의 첫 문장·시각 구성을 기록,대표 게시물 확인→정보 전달 형식 기록→게이트 수치 대조,프로필 그리드에서 대표 릴스의 카드·화면·자막 형식 확인,,,,,,,형식,공용,B,,최근 12개 릴스 관측에서 대표 게시물의 정보 전달 형식을 남긴 해외 레퍼런스.,,,,,검토,최근12개 공개 프로필 그리드 관측값으로 중앙값 2692을 계산. 대표 게시물 좋아요 미기록·댓글 미기록·게시일 미기록 확인.,2026-08-05T23:11:49.161Z,DajS6gnqohN.jpg,미달,"대표 조회수 2050 / 100,000, 배수 0.76 / 10"
MONADNOCKCOM-DZica8tFMkG,2026-08-05T23:11:49.161Z,E2-게이트후보,monadnockcommunityhospital,Monadnock Community Hospital,317,해외 메디컬 인접 계정,국내,2026-06-13,54,https://www.instagram.com/monadnockcommunityhospital/reel/DZica8tFMkG/,DZica8tFMkG,릴스,,38,0,0,57,0.67,0.000000,,,,0,판정불가,대표 게시물 HTML에서 광고 판정 근거 미확인,의료현장·약학교육,최근 릴스 형식 관측,최근 12개 게시물 중 대표 릴스의 교육·정보 전달 형식을 기록,약학·의료교육·릴스형식,,교육형,최근 12개 릴스 중 대표 게시물의 첫 문장·시각 구성을 기록,대표 게시물 확인→정보 전달 형식 기록→게이트 수치 대조,프로필 그리드에서 대표 릴스의 카드·화면·자막 형식 확인,,,,,,,형식,공용,B,,최근 12개 릴스 관측에서 대표 게시물의 정보 전달 형식을 남긴 해외 레퍼런스.,,,,,검토,최근12개 공개 프로필 그리드 관측값으로 중앙값 57을 계산. 대표 게시물 좋아요 0·댓글 0·게시일 2026-06-13 확인.,2026-08-05T23:11:49.161Z,DZica8tFMkG.jpg,미달,"대표 조회수 38 / 100,000, 배수 0.67 / 10"
BROADWATERPH-DbA6CANp6Q2,2026-08-05T23:11:49.161Z,E2-게이트후보,broadwater.pharmacy,Broadwater Pharmacy,281,해외 메디컬 인접 계정,국내,2026-07-20,17,https://www.instagram.com/broadwater.pharmacy/reel/DbA6CANp6Q2/,DbA6CANp6Q2,릴스,,2503,69,8,1142.5,2.19,0.027567,,,0.1159,0,판정불가,대표 게시물 HTML에서 광고 판정 근거 미확인,의료현장·약학교육,최근 릴스 형식 관측,최근 12개 게시물 중 대표 릴스의 교육·정보 전달 형식을 기록,약학·의료교육·릴스형식,,교육형,최근 12개 릴스 중 대표 게시물의 첫 문장·시각 구성을 기록,대표 게시물 확인→정보 전달 형식 기록→게이트 수치 대조,프로필 그리드에서 대표 릴스의 카드·화면·자막 형식 확인,,,,,,,형식,공용,B,,최근 12개 릴스 관측에서 대표 게시물의 정보 전달 형식을 남긴 해외 레퍼런스.,,,,,검토,최근12개 공개 프로필 그리드 관측값으로 중앙값 1142.5을 계산. 대표 게시물 좋아요 69·댓글 8·게시일 2026-07-20 확인.,2026-08-05T23:11:49.161Z,DbA6CANp6Q2.jpg,미달,"대표 조회수 2503 / 100,000, 배수 2.19 / 10"
MGMPHARMACY-DWI3BdyiLDe,2026-08-05T23:11:49.161Z,E2-게이트후보,mgm_pharmacy,MGM School of Pharmacy,166,해외 메디컬 인접 계정,국내,2026-03-21,138,https://www.instagram.com/mgm_pharmacy/reel/DWI3BdyiLDe/,DWI3BdyiLDe,릴스,,2246,66,0,2432.5,0.92,0.029386,,,0.0000,0,판정불가,대표 게시물 HTML에서 광고 판정 근거 미확인,의료현장·약학교육,최근 릴스 형식 관측,최근 12개 게시물 중 대표 릴스의 교육·정보 전달 형식을 기록,약학·의료교육·릴스형식,,교육형,최근 12개 릴스 중 대표 게시물의 첫 문장·시각 구성을 기록,대표 게시물 확인→정보 전달 형식 기록→게이트 수치 대조,프로필 그리드에서 대표 릴스의 카드·화면·자막 형식 확인,,,,,,,형식,공용,B,,최근 12개 릴스 관측에서 대표 게시물의 정보 전달 형식을 남긴 해외 레퍼런스.,,,,,검토,최근12개 공개 프로필 그리드 관측값으로 중앙값 2432.5을 계산. 대표 게시물 좋아요 66·댓글 0·게시일 2026-03-21 확인.,2026-08-05T23:11:49.161Z,DWI3BdyiLDe.jpg,미달,"대표 조회수 2246 / 100,000, 배수 0.92 / 10"
LBSCP0239-DT7EJtgAG51,2026-08-05T23:11:49.161Z,E2-게이트후보,lbscp0239,laxmi bai sahu ji college of pharmacy,129,해외 메디컬 인접 계정,국내,2026-01-24,194,https://www.instagram.com/lbscp0239/reel/DT7EJtgAG51/,DT7EJtgAG51,릴스,,2062,46,3,2071,1,0.022308,,,0.0652,0,판정불가,대표 게시물 HTML에서 광고 판정 근거 미확인,약학·건강교육,최근 릴스 형식 관측,최근 12개 게시물 중 대표 릴스의 교육·정보 전달 형식을 기록,약학·의료교육·릴스형식,,교육형,최근 12개 릴스 중 대표 게시물의 첫 문장·시각 구성을 기록,대표 게시물 확인→정보 전달 형식 기록→게이트 수치 대조,프로필 그리드에서 대표 릴스의 카드·화면·자막 형식 확인,,,,,,,형식,공용,B,,최근 12개 릴스 관측에서 대표 게시물의 정보 전달 형식을 남긴 해외 레퍼런스.,,,,,검토,최근12개 공개 프로필 그리드 관측값으로 중앙값 2071을 계산. 대표 게시물 좋아요 46·댓글 3·게시일 2026-01-24 확인.,2026-08-05T23:11:49.161Z,DT7EJtgAG51.jpg,미달,"대표 조회수 2062 / 100,000, 배수 1 / 10"
PHARMACISTJE-DbmBKMJoeAm,2026-08-05T23:11:49.161Z,E2-게이트후보,pharmacist.jen,Pharmacist Jen,78,해외 약사 인플루언서,국내,2026-08-03,3,https://www.instagram.com/pharmacist.jen/reel/DbmBKMJoeAm/,DbmBKMJoeAm,릴스,,284,8,2,324.5,0.88,0.028169,,,0.2500,0,판정불가,대표 게시물 HTML에서 광고 판정 근거 미확인,약학·건강교육,최근 릴스 형식 관측,최근 12개 게시물 중 대표 릴스의 교육·정보 전달 형식을 기록,약학·의료교육·릴스형식,,교육형,최근 12개 릴스 중 대표 게시물의 첫 문장·시각 구성을 기록,대표 게시물 확인→정보 전달 형식 기록→게이트 수치 대조,프로필 그리드에서 대표 릴스의 카드·화면·자막 형식 확인,,,,,,,형식,공용,B,,최근 12개 릴스 관측에서 대표 게시물의 정보 전달 형식을 남긴 해외 레퍼런스.,,,,,검토,최근12개 공개 프로필 그리드 관측값으로 중앙값 324.5을 계산. 대표 게시물 좋아요 8·댓글 2·게시일 2026-08-03 확인.,2026-08-05T23:11:49.161Z,DbmBKMJoeAm.jpg,미달,"대표 조회수 284 / 100,000, 배수 0.88 / 10"
DRWONGU-Day14YnhYIa,2026-08-06T15:02:23+09:00,E3-CONTENT-MINING-DIRECT-HTML,dr.wongu,닥터원구의 K-beauty l 그대고운피부과 대표원장 이원구,36000,국내 메디컬 인접 계정,국내,2026-07-15,22,https://www.instagram.com/dr.wongu/reel/Day14YnhYIa/,Day14YnhYIa,릴스,,360000,307,37,56000,6.4286,0.0008528,,,0.1205,0,광고아님,현재 게시물에 #광고·#협찬 표기나 제품 판매·예약 CTA가 없고 팔로우·공유 CTA만 확인됨.,피부·뷰티,선크림 이중 도포 방법·SPF 보호,차이 찾기 질문을 선크림 도포량·이중 도포 비교와 측정 수치로 전환,자외선차단·선크림·SPF·이중도포·피부노화,,비교 반전형,차이가 보이시나요? 전혀 안보인다고요? 맞습니다.,차이 찾기 질문→1회 듬뿍 도포와 2회 분할 도포 비교→누락 부위·SPF 수치→2~3분 간격 실행→공유·팔로우 CTA,좌우 비교 화면·누락 부위 강조·실험 수치 자막·한국어·영어 자막 병기,두 얼굴 선크림 도포 비교 시연,,오리지널 오디오,미측정,,상,내용·형식,선영,A,,선크림 도포량과 이중 도포 간격을 실험 비교와 수치로 설명하는 피부·뷰티 릴스.,차이 찾기 참여형 훅이 시청자를 붙잡고 같은 화면의 도포량 비교와 수치 설명이 저장·공유 이유를 만든다.,선크림을 많이 바르면 무조건 좋은가?;같은 선크림도 두 번 나눠 바르면 달라질까?;SPF 수치보다 먼저 확인할 도포량 3가지,,,검토,공개 Instagram DOM에서 좋아요 307·댓글 37·게시일 2026-07-15와 캡션을 확인했다. 조회수 360000은 후보 큐 값이며 공개 게시물 DOM에는 조회수가 표시되지 않았다. 광고 표기·제품 판매·예약 CTA가 없어 광고아님으로 기록하고 게이트 통과 A등급으로 채택.,2026-08-06T15:02:23+09:00,,통과,"1만~5만 구간(배수 6.43/6, 조회수 360,000/100,000, 팔로워 36,000)"
DRPARKSKIN-DaSj1oetPvj,2026-08-06T15:29:47.806+09:00,E3-CONTENT-MINING-DIRECT-HTML,dr_park_skin,솔직한 의사 파크 | K-뷰티 | 영양제,18000,국내 메디컬 인접 계정,국내,2026-07-02,35,https://www.instagram.com/dr_park_skin/reel/DaSj1oetPvj/,DaSj1oetPvj,릴스,,132000,415,8,15000,8.8,0.003144,,,0.0193,0,광고아님,캡션과 페이지에 광고·협찬 표기 없음; 제품명·판매·예약 CTA 없음,생활습관·수면,교대근무 수면·생활 루틴,밤낮이 바뀐 교대근무자의 수면 고민을 따라 하기 행동으로 연결,교대근무·수면·밤낮 변화,,상황 질문형,교대 근무 하느라 밤낮 바뀌어서 힘든 분들 이거 따라해보세요~,교대근무 상황 제시→따라 하기형 수면 행동 제안,,릴스; 촬영 방식 미확인,,,미측정,,검토,내용,공용,A,,교대 근무로 밤낮이 바뀐 사람에게 따라 하기형 수면·생활 루틴을 제시,교대근무라는 명확한 상황을 첫 문장에 넣고 즉시 따라 하기 행동으로 연결해 공감과 저장 수요를 만든 구조 (가설),밤낮 바뀐 교대근무자·잠드는 시간부터 바꿔야 할까요?;야간근무 다음 날 수면 루틴·이렇게 점검하세요;교대근무로 수면이 깨졌다면 오늘 확인할 항목,,,검토,공개 캡션·댓글에서 교대근무 수면 고민은 확인했으나 영상 본문의 세부 루틴은 DOM에 노출되지 않아 세부 단계는 기록하지 않음.,2026-08-06T15:29:47.806+09:00,,통과,1만~5만 구간(배수 8.80/6·조회수 13.2만/10만·팔로워 1.8만)
LOVEPLAN-DbjxyHOM_LF,2026-08-06T15:39:50.869+09:00,E3-CONTENT-MINING-DIRECT-HTML,loveplan__,러브플랜,5215,국내 메디컬 인접 계정,국내,2026-08-03,3,https://www.instagram.com/loveplan__/reel/DbjxyHOM_LF/,DbjxyHOM_LF,릴스,,123000,,0,170.5,721.41,,,,,0,광고아님,보건복지부 지원·인구보건복지협회 운영의 공공상담 캠페인; 제품 판매·광고 CTA 없음,성건강·공공건강,피임·임신 고민 익명 무료상담,말하기 어려운 성건강 고민을 익명 전문가 상담으로 연결,피임·임신·성건강·익명상담·산부인과전문의·보건복지부,,상황 질문형,비밀은 지켜줄게! 혼자 고민하지 말고 들어와 🤫✨,피임·임신 고민 제시→익명·무료 상담 신뢰 근거→전화·카톡·온라인 상담 CTA,캡션 정보형; 영상 편집 방식 미확인,릴스; 촬영 방식 미확인,,오리지널 오디오,미측정,,검토,내용·형식,공용,A,,말하기 어려운 피임·임신 고민을 익명·무료 상담 채널과 산부인과 전문의 상담으로 연결하는 공공건강 릴스,성건강 고민을 익명성과 무료 상담이라는 안전 신호로 감싸고 전화·카톡·온라인 채널을 구체적으로 제시해 행동 장벽을 낮춘 구조 (가설),말하기 어려운 피임 고민·익명 상담으로 먼저 물어보세요;임신 고민을 혼자 검색하지 말고 상담 채널을 확인하세요;성건강 정보는 익명 상담과 검증된 기관 안내로 시작하세요,,,검토,공개 DOM에서 좋아요 수는 수치 미노출로 빈칸 처리했고 댓글 없음과 리포스트 1을 확인함. 캡션에 보건복지부 지원·인구보건복지협회 운영·전화·카톡·온라인 상담 채널이 명시됨.,2026-08-06T15:39:50.869+09:00,,통과,1만 미만 구간(배수 721.41/8·조회수 12.3만/3만·팔로워 5215)
NHISKOREA-Da2P5puT6qC,2026-08-06T15:52:41.591+09:00,E3-CONTENT-MINING-DIRECT-HTML,nhis_korea,국민건강보험,49000,국내 메디컬 인접 계정,국내,2026-07-16,21,https://www.instagram.com/nhis_korea/reel/Da2P5puT6qC/,Da2P5puT6qC,릴스,,104000,834,41,9011.5,11.54,0.008019,,,0.0492,0,광고아님,공공기관 국가건강검진 안내; 특정 상품 광고·판매 CTA 없음,생활습관·공공건강,국가건강검진·암검진 기준,연말 검진 혼잡을 피하도록 국가 암검진 대상·주기를 상황극으로 안내,국가건강검진·암검진·자궁경부암·유방암·위암·대장암·간암·짝수년생·홀수년생,,상황극·선택 질문형,숨막히는 상황 속 가장 잘못했다고 생각드는 사람은 ⁉️,상황극 질문→국가건강검진 필요성→6개 암종 검진 기준→공단 누리집 확인 CTA,캡션 기준표; 영상 편집 방식 미확인,릴스; 촬영 방식 미확인,,오리지널 오디오,미측정,,검토,내용·형식,공용,A,,국가건강검진과 6개 암종별 대상·주기를 상황극 질문으로 소개,검진을 미루는 상황을 질문으로 시작하고 연령·성별·위험군별 기준을 바로 제시해 행동을 촉구하는 구조 (가설),국가검진 대상인지 10초 만에 확인하세요;올해 암검진 무엇부터 받아야 할까요?;연말 예약이 몰리기 전 내 검진 기준을 점검하세요,,,검토,공개 DOM에서 좋아요 834·댓글 41·리포스트 17·게시일 2026-07-16 확인. 캡션에 6개 암종별 기준과 공단 누리집 확인이 명시됨.,2026-08-06T15:52:41.591+09:00,,통과,1만~5만 구간(배수 11.54/6·조회수 10.4만/10만·팔로워 4.9만)
