핸들,이름,계정유형,국가,팔로워,게시물수,최근30일게시수,최근12개중앙조회수,최고조회수,배수상위3개,평소좋아요율,주력카테고리,최근20개중광고수,공구·판매링크운영,배정적합(김·오·선),등급(S·A·B·제외),허수판정,허수사유,마지막정면채굴일시,마지막확인shortcode,재방문예정일,발굴경로(엔진·시드계정),이계정채택수,사람검토,사람메모
o2yaksa,산소약사 김정현,국내 약사 인플루언서,,2.4만,268,,3258,11000,1.42x(Dbk8KBVJyCA); 0.76x(Dbf5N-aJT8k),0.027501,건강/뷰티,,,오약·선영,,실계정,,2026-08-05T06:39:31.079Z,DRoaqIXCaxm,2026-08-12T15:39:31+09:00,E1 #약사추천,0,,최근30일게시수 미확인: 최근 12개 원문이 완전하지 않음
beautiful_yaksa,뷰약사 ㅣ Healthy life Style l,국내 약사 인플루언서,,2.3만,231,,9751,236000,11.69x(DbQCFgOz9z0); 1.03x(DbLIDhAzyM4),0.037496,뷰티·다이어트·일반영양제,,있음,오약·선영,,실계정,,2026-08-05T06:40:11.875Z,DOfKAu0EygQ,2026-08-12T15:40:11+09:00,E1 #약사추천,0,,최근30일게시수 미확인: 최근 12개 원문이 완전하지 않음
oyakstory,오약 | 영양제 • 이너뷰티 | 오주헌 약사,국내 약사 인플루언서,,2935,29,,48000,472000,6.1x(DbVMg0nvMtU),0.032179,영양제·이너뷰티·증상,,,김주성·오약,,실계정,,2026-08-05T06:33:02.670Z,DbVMg0nvMtU,2026-08-12T15:33:02+09:00,E1 #약사추천,0,,최근30일게시수 미확인: 최근 12개 원문이 완전하지 않음
eunha__yak,은하약사 | 손혜림,국내 약사 인플루언서,한국,11.3만,491,,15000,44000,2.93x(DbkpReKMuCV); 0.38x(DbVUOJ2M37H),0.06753,여성건강·가족건강·어린이건강·임신,,있음,김주성·오약·선영,B,실계정,,2026-08-05T04:20:28+09:00,,2026-08-12T04:20:28+09:00,E1 공개 웹 후보·Instagram 직접 확인,0,,공개 프로필에서 인증·약사엄마·의사아빠·아이 건강·여성 건강·건강 상담과 전담약사 하이라이트를 확인; 게시물 본문은 별도 검토 대기 | 최근30일게시수 미확인: 최근 12개 원문이 완전하지 않음
on.yaksa,건강을 ON💡약사 이강미,국내 약사 인플루언서,,2751,152,,2192,33000,0.39x(DbUlNd3JArt); 0.28x(DbCXdVZvtB6),,항노화·영양제·피부루틴,,있음,오약·선영,,실계정,,2026-08-05T06:34:49.605Z,DYMxNgBP848,2026-08-12T15:34:49+09:00,E1 #약사추천,0,,최근30일게시수 미확인: 최근 12개 원문이 완전하지 않음 | 평소좋아요율 미확인: 콘텐츠 원장에 계정평소좋아요율 원값 없음
joy_pharm1212,조이약사 | 수지 조이약국 | 맞춤 건강상담,국내 약사 인플루언서,,157,32,,1788,90000,50.35x(DZEOaxNPCMa); 1.08x(DaEa-5EPIED); 0.19x(DY5x7zvvdn2),,약물상호작용·영양제·육아건강,,있음,오약·선영,,실계정,,2026-08-05T06:35:41.829Z,DZEOaxNPCMa,2026-08-12T15:35:41+09:00,E1 #약사추천,0,,최근30일게시수 미확인: 최근 12개 원문이 완전하지 않음 | 평소좋아요율 미확인: 콘텐츠 원장에 계정평소좋아요율 원값 없음
gangnam_kimyaksa,강남김약사,국내 약사 인플루언서,,944,27,,7609,13000,1.58x(DbLF0Ttv03N); 0.85x(Da5Dl3SP9Ra),0.042545,건강·뷰티·다이어트·대사,,,김주성·선영,,실계정,,2026-08-05T06:36:34.736Z,DYi1ECIvAeJ,2026-08-12T15:36:34+09:00,E1 #약사추천,0,,최근30일게시수 미확인: 최근 12개 원문이 완전하지 않음
ej_yaksa,슈가팁스 | 당 관리 루틴 공유하는 약사 김은정,국내 약사 인플루언서,,1455,52,,1900,3335,0.97x(DbVcEs9z-2I); 0.74x(DbkuslGTffo),0.030755,혈당·대사·피부·다이어트,,,김주성·선영,,실계정,,2026-08-05T06:37:19.018Z,DVGgD6wk1Y8,2026-08-12T15:37:19+09:00,E1 #약사추천,0,,최근30일게시수 미확인: 최근 12개 원문이 완전하지 않음
yak.golnam,약골라주는남자 | 약사 박준형,국내 약사 인플루언서,,7911,123,,4091,117000,28.6x(DYYc-TSvPwG); 2.44x(DaCX_gfP0PA); 1.05x(DYvu6oCvV6O),0.026397,의약품·약국템·영양제,,있음,오약·공용,,실계정,,2026-08-05T06:38:00.337Z,DXT6okcDyaI,2026-08-12T15:38:00+09:00,E1 #약사추천,0,,최근30일게시수 미확인: 최근 12개 원문이 완전하지 않음
hisutamine,오희수｜약사 히수타민,국내 약사 인플루언서,,1.4만,121,,15500,81000,5.23x(Da_sX41Ppuc); 0.84x(DbNyslZPO3J),0.236203,건강·뷰티·다이어트·영양제,,,김주성·선영,,실계정,,2026-08-05T06:38:47.332Z,DXQWklDDxvD,2026-08-12T15:38:47+09:00,E1 #약사추천,0,,최근30일게시수 미확인: 최근 12개 원문이 완전하지 않음
oneul_pharmacy,오늘부터 같이 시작해요!ㅣ오늘약사 김세희,국내 약사 인플루언서,,3.2만,289,,7699,47000,1.2x(DbOB-dYJcjF); 0.54x(DbLjWOzJem8),0.032464,육아·약국템·영양제,,있음,선영·김주성·공용,,실계정,,2026-08-04T20:15:50+09:00,DTUORcskgAp,2026-08-11T20:15:50+09:00,E1 #약사추천,0,,최근30일게시수 미확인: 최근 12개 원문이 완전하지 않음
jessi_yaksa,제씨약사 | 뷰티•웰니스•건강 | 제선영,국내 약사 인플루언서,,6725,42,,91500,591000,5.27x(DbIRYqqxuHe); 2.01x(DbngSZoAnr_); 0.74x(Dbk3oOzBX1X),0.028902,피부·뷰티·영양제·여성건강·약국템,,,선영·김주성·오약·공용,,실계정,,2026-08-04T21:26:00+09:00,DbngSZoAnr_,2026-08-11T21:26:00+09:00,E1 공개 홈 스토리 후보,0,,최근30일게시수 미확인: 최근 12개 원문이 완전하지 않음
medimantv,약사 메디슨맨 | 장무현,국내 약사 인플루언서,,9만,318,,30000,224000,,,영양제·약물안전·여행상비약·피부,,있음,김주성·오약·선영,,실계정,,2026-08-04T21:43:19+09:00,DbRqt7dgKsn,2026-08-11T21:43:19+09:00,E1 공개 웹 후보·Instagram 직접 확인,0,,최근30일게시수 미확인: 최근 12개 원문이 완전하지 않음 | 평소좋아요율 미확인: 콘텐츠 원장에 계정평소좋아요율 원값 없음
yakstory119,약들약/고상온,국내 약사 인플루언서,,35.9만,2279,,136000,551000,0.79x(DbZvtDUTK5H); 0.69x(Dbhd2X_T553),0.059228,영양제·대사·약물안전,,있음,김주성·오약·선영·공용,,실계정,,2026-08-04T22:00:11+09:00,DbnhRjhE-WW,2026-08-11T22:00:11+09:00,E1 공개 웹 후보·Instagram 직접 확인,0,,최근30일게시수 미확인: 최근 12개 원문이 완전하지 않음
little_yaksa,리틀약사,국내 약사 인플루언서,,6만,577,,30000,133000,4.43x(DbaNtSpS8Jj); 0.83x(DbSfZrqykJw); 0.67x(DbnHipfyF7W),,영양제·약물안전·다이어트·피부,,있음,김주성·오약·선영·공용,,실계정,,2026-08-04T22:11:50+09:00,DbnHipfyF7W,2026-08-11T22:11:50+09:00,E1 Instagram 공개 검색·프로필 직접 확인,0,,최근30일게시수 미확인: 최근 12개 원문이 완전하지 않음 | 평소좋아요율 미확인: 콘텐츠 원장에 계정평소좋아요율 원값 없음
yaksa__bubu,육아정보 건강정보 | 약사부부,국내 약사 인플루언서,,9.8만,270,,23000,131000,5.7x(DbkyEcwvaxM); 0.7x(DbkMb9DvqfU); 0.38x(DbiSJXbPT5q),0.055059,건강·뷰티·영양제·육아,,있음,김주성·오약·선영·공용,,실계정,,2026-08-04T22:29:29+09:00,DbkMb9DvqfU,2026-08-11T22:29:29+09:00,E1 공개 웹 후보·Instagram 직접 확인,0,,최근30일게시수 미확인: 최근 12개 원문이 완전하지 않음
bbubbu_yaksa,뿌뿌약사 | 김다영,국내 약사 인플루언서,,16.8만,735,,42000,216000,5.14x(DbiWxYXSEZs); 0.4x(DbiZEY8vScA),0.006393,건강관리·영양제·육아·다이어트,,있음,김주성·오약·선영·공용,,실계정,,2026-08-04T22:47:30+09:00,DbjzceJvqpf,2026-08-11T22:47:30+09:00,E1 공개 웹 후보·Instagram 직접 확인,0,,최근30일게시수 미확인: 최근 12개 원문이 완전하지 않음
dasik.yaksa,다식 약사 | 박약다식·박소윤,국내 약사 인플루언서,,10.8만,821,,26000,540000,1.04x(DbiDDBNPiZr); 0.96x(Dbjb3zqzswk),0.022655,영양제·약물안전·다이어트·여성건강·피부,,있음,김주성·오약·선영·공용,,실계정,,2026-08-04T22:57:30+09:00,DbnLUMED-eL,2026-08-11T22:57:30+09:00,E1 공개 웹 후보·Instagram 직접 확인,0,,최근30일게시수 미확인: 최근 12개 원문이 완전하지 않음
myo_yaksa,다정한 건강 묘약은 묘약사·김미나,국내 약사 인플루언서,,8.6만,526,,8944,161000,1.12x(DbksfilvaHD); 0.33x(DbnSe7bPVMK),0.023994,여성건강·피부·임신준비·생활용품,,있음,김주성·오약·선영·공용,B,실계정,,2026-08-04T23:06:35+09:00,DbnSe7bPVMK,2026-08-11T23:06:35+09:00,E1 공개 웹 후보·Instagram 직접 확인,0,,최근30일게시수 미확인: 최근 12개 원문이 완전하지 않음
slowpharmacy,요가강사 슬로우약사 | 아이영양·엄마웰니스,국내 약사 인플루언서,,7445,298,,5885,132000,22.43x(DbRrVrvTpYn); 0.93x(DbgVUFJh7-g); 0.73x(Da-kxOehqHr),0.039422,아이영양·엄마웰니스·영양제,,있음,김주성·오약·선영·공용,B,실계정,,2026-08-04T23:16:46+09:00,DbgVUFJh7-g,2026-08-11T23:16:46+09:00,E1 공개 웹 후보·Instagram 직접 확인,0,,최근30일게시수 미확인: 최근 12개 원문이 완전하지 않음
iam_yaksa,약상담 해드리는 약사임당 | 약사 이수찬,국내 약사 인플루언서,,22.7만,725,,190500,1325000,0.23x(DbniqwRz4jS),0.152689,약상담·영양제·여름철 건강·비타민C,,있음,김주성·오약·선영·공용,B,실계정,,2026-08-04T23:26:37+09:00,DbniqwRz4jS,2026-08-11T23:26:37+09:00,E1 공개 웹 후보·Instagram 직접 확인,0,,최근30일게시수 미확인: 최근 12개 원문이 완전하지 않음
byak_yaksa,삐약 약사 | 여성건강 1타 약사 | 임나현,국내 약사 인플루언서,,12.3만,768,,35000,106000,0.43x(DbixYb4ROz7); 0.34x(DbnvjIkO2iS),0.007335,여성건강·피부·생리·약사교육,,있음,김주성·오약·선영·공용,B,실계정,,2026-08-04T23:30:39+09:00,DbmVHPVmNfA,2026-08-11T23:30:39+09:00,E1 공개 웹 후보·Instagram 직접 확인,0,,최근30일게시수 미확인: 최근 12개 원문이 완전하지 않음
awesomeyaksa,어떤약사 | 약사 박지인,국내 약사 인플루언서,,2.3만,221,,79000,1315000,2.39x(DbW6PKSiPye); 2.04x(Dbh7e3SibuM); 0.05x(Dbb5cE1y-kx),,건강·뷰티·혈당·다이어트·아이영양,,있음,김주성·오약·선영·공용,B,실계정,,2026-08-04T23:37:54+09:00,Dbh7e3SibuM,2026-08-11T23:37:54+09:00,E1 공개 웹 후보·Instagram 직접 확인,0,,최근30일게시수 미확인: 최근 12개 원문이 완전하지 않음 | 평소좋아요율 미확인: 콘텐츠 원장에 계정평소좋아요율 원값 없음
donggong_yak,동공이 약사,국내 약사 인플루언서,,14.5만,505,,51500,153000,0.89x(DbRflVwTvzf); 0.56x(Dbg8ZqUTag2); 0.41x(DbmF-D_To9c),0.077318,약국·피부·수면·건강상식·브랜드 협업,,있음,김주성·오약·선영·공용,B,실계정,,2026-08-04T23:46:02+09:00,DbmF-D_To9c,2026-08-11T23:46:02+09:00,E1 공개 웹 후보·Instagram 직접 확인,0,,최근30일게시수 미확인: 최근 12개 원문이 완전하지 않음
yaksa_nam,남약사 남기헌 l 임신·난임·출산,국내 약사 인플루언서,,5.4만,464,9,47000,325000,,,임신·난임·출산·임신 영양제,,있음,김주성·오약·선영·공용,B,실계정,,2026-08-05T23:39:20.281Z,DZlxJIpidTS,2026-09-05T08:39:20.281+09:00,E1 공개 웹 후보·Instagram 직접 확인,0,,"2026-08-05 최근12 관측: 조회수 12/12, 공개 좋아요 0/12 | 2026-08-05 최근12 관측 완료; 조회수·중앙값·최고조회수 미기록: 공개 조회수 미노출 | 평소좋아요율 미확인: 콘텐츠 원장에 계정평소좋아요율 원값 없음; 릴스 없음 큐 정리(2026-08-06): QUEUE.csv 정확한 보류사유 확인 후 완료 처리. 재방문예정일을 마지막 정면채굴일시+30일로 설정"
jasin_yaksa,자신있는 약상담ㅣ자신약사ㅣ허자신,국내 약사 인플루언서,,8.8만,721,,15500,278000,,,건강·뷰티·육아정보·영양제,,,공용,B,실계정,,2026-08-08T14:53:28+09:00,DYhOESPzjEf,2026-09-07T14:53:28+09:00,E1 공개 웹 후보·Instagram 직접 확인,0,,"2026-08-05 최근12 관측 완료; 조회수·중앙값·최고조회수 미기록: 공개 조회수 미노출 | 최근30일게시수 미확인: 최근 12개가 모두 30일 안에 있어 전체 개수를 확정할 수 없음 | 평소좋아요율 미확인: 콘텐츠 원장에 계정평소좋아요율 원값 없음; 릴스 없음 큐 정리(2026-08-06): QUEUE.csv 정확한 보류사유 확인 후 완료 처리. 재방문예정일을 마지막 정면채굴일시+30일로 설정 | 2026-08-08 로그인 read-only recent12 12/12 확인: 중앙값 15,500회, 최고 278,000회; 첫 3개 타일 고정 릴. 최근30 게시수·평소 좋아요율·최근20 광고수는 직접 근거 없음"
good.yaksa,바른약ㅣ약사ㅣ최길문,국내 약사 인플루언서,,28.9만,290,,306500,1131000,,1.00%,건강·뷰티·영양제·성분분석,,,오약·선영·공용,B,실계정,,2026-08-08T13:10:43+09:00,DbIFM0oieXv,2026-09-07T13:10:43+09:00,E1 공개 웹 후보·Instagram 직접 확인,0,,"2026-08-05 최근12 관측: 조회수 0/12, 공개 좋아요 12/12, 평소좋아요율 1.00% | 2026-08-05 최근12 관측 완료; 조회수·중앙값·최고조회수 미기록: 공개 조회수 미노출 | 최근30일게시수 미확인: 최근 12개가 모두 30일 안에 있어 전체 개수를 확정할 수 없음 | 평소좋아요율 미확인: 콘텐츠 원장에 계정평소좋아요율 원값 없음 | 2026-08-08 로그인 세션 재확인: 최신 릴스 21개 중 최근12개 조회수 26.5만·15.2만·40.2만·42.2만·9.9만·74만·20만·113.1만·25.3만·78.9만·19.9만·34.8만 확인; 중앙값 306500·최고조회수 1131000 반영; 최근30일게시수·평소좋아요율·최근20개중광고수는 미확인"
gureumpharm,구름약사 박하늘 | 가까이 있는 약사친구,국내 약사 인플루언서,,9.8만,860,,32000,185000,,,약국·건강·영양제·심리학,,,오약·선영·공용,B,실계정,,2026-08-08T14:22:26+09:00,DbpYp1cTEk2,2026-09-07T14:22:26+09:00,E1 공개 웹 후보·Instagram 직접 확인,0,,"2026-08-05 최근12 관측 완료; 조회수·중앙값·최고조회수 미기록: 공개 조회수 미노출 | 최근30일게시수 미확인: 최근 12개가 모두 30일 안에 있어 전체 개수를 확정할 수 없음 | 평소좋아요율 미확인: 콘텐츠 원장에 계정평소좋아요율 원값 없음; 릴스 없음 큐 정리(2026-08-06): QUEUE.csv 정확한 보류사유 확인 후 완료 처리. 재방문예정일을 마지막 정면채굴일시+30일로 설정 | 2026-08-08 logged-in read-only recent12: 12/12 reel views; median 32000; max 185000; no pinned tile indicator exposed; recent30 post count, usual-like rate, and recent20 ad count unresolved."
ggogi_yaksa,꼬기약사 ☆ 고기현,국내 약사 인플루언서,,1.2만,2314,,,,,0.55%,건강 큐레이션·영양제·건강정보·스마힐,,,김주성·오약·선영·공용,B,실계정,,2026-08-09T03:24:34+09:00,DbV9pG8JNci,2026-09-08T03:24:34+09:00,E1 공개 웹 후보·Instagram 직접 확인,0,,"2026-08-05 최근12 관측: 조회수 0/12, 공개 좋아요 12/12, 평소좋아요율 0.55% | 최근30일게시수 미확인: 최근 12개 원문이 완전하지 않음 | 평소좋아요율 미확인: 콘텐츠 원장에 계정평소좋아요율 원값 없음; 릴스 없음 큐 정리(2026-08-06): QUEUE.csv 정확한 보류사유 확인 후 완료 처리. 재방문예정일을 마지막 정면채굴일시+30일로 설정 | 2026-08-09 로그인 read-only 재확인: 프로필 게시물 2314, 팔로워 1.2만, 팔로우 7498, Instagram 카테고리 디지털 크리에이터. bio에 즐거운 건강 큐레이션·스마힐 대표·블로그/유튜브 운영과 naver.me 링크가 노출됨. 프로필의 기존 릴스 shortcode DbV9pG8JNci는 확인했지만 조회수는 노출되지 않았고 /reels/ 탭에도 새 릴스·조회수가 없어 최근12 중앙값·최고조회수는 미기록으로 유지."
shine_yaksa,샤인약사ㅣ염증 관리 전문 약사ㅣ김혜란,국내 약사 인플루언서,,11.1만,496,,40000,386000,,,염증·뱃살·여드름·영양제·건강상담,,,김주성·오약·선영·공용,B,실계정,,2026-08-08T14:46:12+09:00,DZNR_QhPhpk,2026-09-07T14:46:12+09:00,E1 공개 웹 후보·Instagram 직접 확인,0,,"2026-08-05 최근12 관측 완료; 조회수·중앙값·최고조회수 미기록: 공개 조회수 미노출 | 최근30일게시수 미확인: 최근 12개가 모두 30일 안에 있어 전체 개수를 확정할 수 없음 | 평소좋아요율 미확인: 콘텐츠 원장에 계정평소좋아요율 원값 없음; 릴스 없음 큐 정리(2026-08-06): QUEUE.csv 정확한 보류사유 확인 후 완료 처리. 재방문예정일을 마지막 정면채굴일시+30일로 설정 | 2026-08-08 로그인 read-only recent12 12/12 확인: 중앙값 40,000회, 최고 386,000회; 첫 2개 타일 고정 릴. 최근30 게시수·평소 좋아요율·최근20 광고수는 직접 근거 없음"
lee_pharmacy_,약빵약사 | Health & Wellness | 서울대 약사,국내 약사 인플루언서,,13.8만,1921,,51000,341000,,0.57%,건강·뷰티·영양제·쉬운 레시피,,,김주성·오약·선영·공용,B,실계정,,2026-08-08T13:52:04+09:00,DbvYNm4xya8,2026-09-07T13:52:04+09:00,E1 공개 웹 후보·Instagram 직접 확인,0,,"2026-08-05 최근12 관측: 조회수 0/12, 공개 좋아요 12/12, 평소좋아요율 0.57% | 최근30일게시수 미확인: 최근 12개가 모두 30일 안에 있어 전체 개수를 확정할 수 없음 | 평소좋아요율 미확인: 콘텐츠 원장에 계정평소좋아요율 원값 없음 | 2026-08-08 logged-in read-only recent12 recheck: 12 reel views exposed; latest12 median 51000 and max 341000; evidence DbvYNm4xya8 through DbN1yT9xxEP; other account metrics remain unresolved."
pharmacist_bin,약사 안효빈,국내 약사 인플루언서,,1609,76,6,3207.5,58000,,,약국 건강팁·의료건강·약사 마케팅,,,김주성·오약·선영·공용,B,실계정,,2026-08-05T23:50:45.958Z,DS9n_-kCU-s,2026-09-05T08:50:45.958+09:00,E1 공개 웹 후보·Instagram 직접 확인,0,,"2026-08-05 최근12 관측: 조회수 12/12, 공개 좋아요 0/12 | 2026-08-05 최근12 관측 완료; 조회수·중앙값·최고조회수 미기록: 공개 조회수 미노출 | 평소좋아요율 미확인: 콘텐츠 원장에 계정평소좋아요율 원값 없음; 릴스 없음 큐 정리(2026-08-06): QUEUE.csv 정확한 보류사유 확인 후 완료 처리. 재방문예정일을 마지막 정면채굴일시+30일로 설정"
yak_secret,약사비책 | 약사 고신형,국내 약사 인플루언서,,12.9만,1194,9,24500,3019000,,,혈당·염증·뱃살·영양제·다이어트,,,김주성·오약·선영·공용,B,실계정,,2026-08-08T13:59:37+09:00,DbQb9w3RdK3,2026-09-07T13:59:37+09:00,E1 공개 웹 후보·Instagram 직접 확인,0,,2026-08-05 최근12 관측 완료; 조회수·중앙값·최고조회수 미기록: 공개 조회수 미노출 | 평소좋아요율 미확인: 콘텐츠 원장에 계정평소좋아요율 원값 없음 | 2026-08-08 logged-in read-only recent12 recheck: 12 reel views exposed; latest12 median 24500 and max 3019000; first 3 tiles visibly pinned in the DOM; evidence DbQb9w3RdK3 through Dbh42rCxp2B; other account metrics remain unresolved.
kkamang_yacksa,스포츠약사·까망약사,국내 약사 인플루언서,,3836,1010,,2241.5,9709,,,스포츠약학·스포츠영양·운동 퍼포먼스,,,김주성·오약·공용,B,실계정,,2026-08-05T15:48:31.3688371Z,DZUts3Jpxpz,2026-09-05T00:48:31.368+09:00,E1 공개 웹 후보·Instagram 직접 확인,0,,"2026-08-05 최근12 관측: 조회수 12/12, 공개 좋아요 0/12 | 최근30일게시수 미확인: 최근 12개 원문이 완전하지 않음 | 평소좋아요율 미확인: 콘텐츠 원장에 계정평소좋아요율 원값 없음; 릴스 없음 큐 정리(2026-08-06): QUEUE.csv 정확한 보류사유 확인 후 완료 처리. 재방문예정일을 마지막 정면채굴일시+30일로 설정"
dreamyaksa_,이종우 | 드림약사,국내 약사 인플루언서,,15만,487,,131500,860000,,0.78%,영양제·피부·자기관리·식이섬유,,,김주성·오약·선영·공용,B,실계정,,2026-08-08T13:48:35+09:00,DQEYMz1E2wb,2026-09-07T13:48:35+09:00,E1 공개 웹 후보·Instagram 직접 확인,0,,"2026-08-05 최근12 관측: 조회수 0/12, 공개 좋아요 10/12, 평소좋아요율 0.78% | 최근30일게시수 미확인: 최근 12개 원문이 완전하지 않음 | 평소좋아요율 미확인: 콘텐츠 원장에 계정평소좋아요율 원값 없음; 릴스 없음 큐 정리(2026-08-06): QUEUE.csv 정확한 보류사유 확인 후 완료 처리. 재방문예정일을 마지막 정면채굴일시+30일로 설정 | 2026-08-08 logged-in read-only recent12 recheck: 12 reel views exposed; latest12 median 131500 and max 860000; first 3 tiles visibly pinned in the DOM; evidence DQEYMz1E2wb through DZ-EswfzpdL; other account metrics remain unresolved."
wikiyaksa,위키약사 · 이평화,국내 약사 인플루언서,,25.3만,226,8,27500,602000,,0.18%,영양제·가족건강·아빠건강·리포좀,,,김주성·오약·선영·공용,B,실계정,,2026-08-08T13:18:37+09:00,Dbs77GFP9Im,2026-09-07T13:18:37+09:00,E1 공개 웹 후보·Instagram 직접 확인,0,,"2026-08-05 최근12 관측: 조회수 0/12, 공개 좋아요 12/12, 평소좋아요율 0.18% | 평소좋아요율 미확인: 콘텐츠 원장에 계정평소좋아요율 원값 없음 | 2026-08-08 logged-in read-only recent12 recheck: 21 reel views exposed; latest12 median 27500 and max 602000; evidence Dbs77GFP9Im through Daz5F-nPzb6. DbqI_XAPcib was 11000 views in the initial DOM snapshot; after scroll the same link showed likes and comments first. Other account metrics remain unresolved."
realofh2o,약사 이진수💊,국내 약사 인플루언서,,6955,28,2,11500,192000,,,약물안전·감기·소화·피부,,,김주성·오약·선영·공용,B,실계정,,2026-08-05T23:50:45.958Z,DUFpZFYkyXA,2026-08-12T00:04:50+09:00,E1 공개 웹 후보·Instagram 직접 확인,0,,"2026-08-05 최근12 관측: 조회수 12/12, 공개 좋아요 0/12 | 2026-08-05 최근12 관측 완료; 조회수·중앙값·최고조회수 미기록: 공개 조회수 미노출 | 평소좋아요율 미확인: 콘텐츠 원장에 계정평소좋아요율 원값 없음"
hongsee_yaksa,홍시약사 l 홍신영,국내 약사 인플루언서,,1.8만,64,0,15500,118000,,,영양정보·글루타치온·콜라겐·비타민B·마그네슘,,,김주성·오약·선영·공용,B,실계정,,2026-08-05T15:35:56.5048051Z,CzBlI3RLF4t,2026-09-05T00:35:56.504+09:00,E1 공개 웹 후보·Instagram 직접 확인,0,,"2026-08-05 최근12 관측: 조회수 12/12, 공개 좋아요 0/12 | 평소좋아요율 미확인: 콘텐츠 원장에 계정평소좋아요율 원값 없음; 릴스 없음 큐 정리(2026-08-06): QUEUE.csv 정확한 보류사유 확인 후 완료 처리. 재방문예정일을 마지막 정면채굴일시+30일로 설정"
charmacist_official,약국체인•약사플랫폼 참약사,국내 메디컬 인접 계정,,4731,438,0,154,56000,,,약국·약사플랫폼·약국인테리어·건강기능식품,,,공용,B,실계정,,2026-08-08T12:55:14+09:00,DYoDyruE4k7,2026-09-05T09:27:06.777+09:00,E1 공개 웹 후보·Instagram 직접 확인,0,,"2026-08-05 최근12 관측: 공개 릴스 9/12만 확인, 중앙값·최고조회수 미기록 사유: 공개 프로필 릴스 9건만 노출 | 2026-08-06 최근12 관측 완료; 조회수·중앙값·최고조회수 미기록: 공개 조회수 미노출 | 평소좋아요율 미확인: 콘텐츠 원장에 계정평소좋아요율 원값 없음; 릴스 없음 큐 정리(2026-08-06): QUEUE.csv 정확한 보류사유 확인 후 완료 처리. 재방문예정일을 마지막 정면채굴일시+30일로 설정 | 2026-08-08 로그인 세션 재확인: 최신 릴스 17개 중 최근 12개 조회수 56000·2469·1212·1226·145·163·693·96·59·63·118·101 확인; 중앙값 154·최고조회수 56000 반영; 최근30일게시수·평소좋아요율·최근20개 광고수는 미확인"
friendly_pharmabros_official,친한약사,국내 메디컬 인접 계정,,432,116,,192,585,,,약사상담 플랫폼·약국·건강정보,,,공용,B,실계정,,2026-08-05T18:02:22.983Z,DZd7sCQvPNO,2026-08-12T00:09:58+09:00,E1 공개 웹 후보·Instagram 직접 확인,0,,"2026-08-05 최근12 관측: 공개 릴스 12/12 확인, 공개 좋아요 미노출로 평소좋아요율 미기록 | 최근30일게시수 미확인: 최근 12개 원문이 완전하지 않음 | 평소좋아요율 미확인: 콘텐츠 원장에 계정평소좋아요율 원값 없음"
spring_pharmy,봄약사ㅣ 항노화관리 동안 약사,국내 약사 인플루언서,,7.6만,669,,45500,598000,,,항노화·운동·식습관·영양제,,있음,김주성·오약·선영·공용,B,실계정,,2026-08-09T03:16:47+09:00,DOnf2Goj5oj,2026-09-08T03:16:47+09:00,E1 공개 웹 후보·Instagram 직접 확인,0,,"2026-08-05 최근12 관측 완료; 조회수·중앙값·최고조회수 미기록: 공개 조회수 미노출 | 최근30일게시수 미확인: 최근 12개 원문이 완전하지 않음 | 평소좋아요율 미확인: 콘텐츠 원장에 계정평소좋아요율 원값 없음; 릴스 없음 큐 정리(2026-08-06): QUEUE.csv 정확한 보류사유 확인 후 완료 처리. 재방문예정일을 마지막 정면채굴일시+30일로 설정 | 2026-08-09 로그인 read-only 재확인: 프로필 게시물 669, 팔로워 7.6만, 팔로우 559, Instagram 카테고리 의료 및 건강. 릴스 최근12개 조회수 59.8만·5.1만·5.2만·4621·5.8만·2.5만·1.5만·15.9만·5.6만·8137·7621·4만; 숫자 환산 중앙값 45500, 최고조회수 598000. bio에 근거있고 실천 가능한 동안 관리, 운동과 식습관·영양제 상담, 샤르르 눈꽃 비타민C 공구중 및 inpk.link/spring_pharmy 노출. 최근30일 게시수·좋아요율·콘텐츠별 광고여부는 미확인."
lilly_yaksa,릴리 김소정 | 쉽고 정직한 건강정보,국내 메디컬 인접 계정,,27.5만,1683,,165000,1962000,,,건강정보·영양제·맞춤상담,,,공용,B,실계정,,2026-08-06T00:05:22.194Z,DbXqYX4DyzJ,2026-09-05T09:05:22.194+09:00,E1 공개 웹 후보·Instagram 직접 확인,0,,"2026-08-05 최근12 관측: 조회수 12/12, 공개 좋아요 0/12 | 2026-08-06 최근12 관측 완료; 조회수·중앙값·최고조회수 미기록: 공개 조회수 미노출 | 최근30일게시수 미확인: 최근 12개 원문이 완전하지 않음 | 평소좋아요율 미확인: 콘텐츠 원장에 계정평소좋아요율 원값 없음; 릴스 없음 큐 정리(2026-08-06): QUEUE.csv 정확한 보류사유 확인 후 완료 처리. 재방문예정일을 마지막 정면채굴일시+30일로 설정"
yaksawiki,김현영,해외 약사 인플루언서,,5515,17,0,11000,13000,,,호주·한국 약사·유튜브·건강정보,,,공용,B,실계정,,2026-08-06T01:08:36.102Z,DZvroDdSTL0,2026-08-12T00:09:58+09:00,E1 공개 웹 후보·Instagram 직접 확인,0,,"2026-08-05 최근12 관측: 공개 릴스 12/12 확인, 공개 좋아요 미노출로 평소좋아요율 미기록 | 2026-08-06 최근12 관측 완료; 조회수·중앙값·최고조회수 미기록: 공개 조회수 미노출 | 평소좋아요율 미확인: 콘텐츠 원장에 계정평소좋아요율 원값 없음"
onnuripharmacy,온누리약국 공식 인스타그램,국내 메디컬 인접 계정,,9108,763,3,899,60000,,,약국체인·약국영양제·건강정보,,,공용,B,실계정,,2026-08-06T00:17:50.821Z,DaCcyOFATVu,2026-09-05T09:17:50.821+09:00,E1 공개 웹 후보·Instagram 직접 확인,0,,"2026-08-05 최근12 관측: 조회수 12/12, 공개 좋아요 0/12 | 2026-08-06 최근12 관측 완료; 조회수·중앙값·최고조회수 미기록: 공개 조회수 미노출 | 평소좋아요율 미확인: 콘텐츠 원장에 계정평소좋아요율 원값 없음; 릴스 없음 큐 정리(2026-08-06): QUEUE.csv 정확한 보류사유 확인 후 완료 처리. 재방문예정일을 마지막 정면채굴일시+30일로 설정"
cellmed.official,셀메드,국내 메디컬 인접 계정,한국,9824,137,,131000,657000,,,약국·건강기능식품·약사상담·건강정보,미확인,없음,공용,B,중복,기존 row 46의 cellmed.official과 동일 계정으로 확인된 재방문 기록,2026-08-06T00:14:17.865Z,DaJtdlYCJ87,2026-09-05T09:14:17.865+09:00,E2 팔로잉 목록·Instagram 직접 확인 · E1·E2,0,,"셀메드 공식 프로필과 약국 찾기 링크·상담 특화 약국·러닝 건강정보·약잘알팁 하이라이트를 직접 확인해 국내 메디컬 인접 계정으로 분류했으며 콘텐츠 행은 별도 검토 없이 추가하지 않음 | 2026-08-05 최근12 관측: 조회수 12/12, 공개 좋아요 0/12 | 2026-08-06 최근12 관측 완료; 조회수·중앙값·최고조회수 미기록: 공개 조회수 미노출 | 계정 핸들 중복 병합: 동일 핸들 행 2건을 1건으로 정리; 확인된 발굴 경로=E1·E2 | 최근30일게시수 미확인: 최근 12개 원문이 완전하지 않음 | 평소좋아요율 미확인: 콘텐츠 원장에 계정평소좋아요율 원값 없음; 릴스 없음 큐 정리(2026-08-06): QUEUE.csv 정확한 보류사유 확인 후 완료 처리. 재방문예정일을 마지막 정면채굴일시+30일로 설정"
choeunpharm,조은영,국내 약사 인플루언서,,200,83,,932.5,3786,,,약국영양제·영양정보·약국상담·건강정보,,있음,김주성·오약·선영·공용,B,실계정,,2026-08-05T23:54:15.819Z,DL7AkiHRZP4,2026-09-05T08:54:15.819+09:00,E1 공개 웹 후보·Instagram 직접 확인,0,,"2026-08-05 최근12 관측: 조회수 12/12, 공개 좋아요 0/12 | 2026-08-05 최근12 관측 완료; 조회수·중앙값·최고조회수 미기록: 공개 조회수 미노출 | 최근30일게시수 미확인: 최근 12개 원문이 완전하지 않음 | 평소좋아요율 미확인: 콘텐츠 원장에 계정평소좋아요율 원값 없음; 릴스 없음 큐 정리(2026-08-06): QUEUE.csv 정확한 보류사유 확인 후 완료 처리. 재방문예정일을 마지막 정면채굴일시+30일로 설정"
medi2388_,약사가든,국내 약사 인플루언서,한국,260,242,10,158.5,1367,,,약국·영양·운동·마인드,미확인,미확인,공용,B,중복,기존 row 48의 medi2388_과 동일 계정으로 확인된 재방문 기록,2026-08-05T23:54:15.819Z,DbpHAA0iUEs,2026-09-05T08:54:15.819+09:00,E2 onnuripharmacy 팔로잉 목록·Instagram 직접 확인 · E1·E6,0,,"서울시 양천구 새열린약국과 영양·운동·마인드 균형을 소개하는 공개 프로필을 직접 확인했으며 기존 원장 중복으로 신규 계정 수에는 포함하지 않고 콘텐츠 원문도 추가하지 않음 | 2026-08-05 최근12 관측: 조회수 12/12, 공개 좋아요 0/12 | 2026-08-05 최근12 관측 완료; 조회수·중앙값·최고조회수 미기록: 공개 조회수 미노출 | 계정 핸들 중복 병합: 동일 핸들 행 2건을 1건으로 정리; 확인된 발굴 경로=E1·E6 | 평소좋아요율 미확인: 콘텐츠 원장에 계정평소좋아요율 원값 없음; 릴스 없음 큐 정리(2026-08-06): QUEUE.csv 정확한 보류사유 확인 후 완료 처리. 재방문예정일을 마지막 정면채굴일시+30일로 설정"
swmedical_official,수원메디칼약국,국내 메디컬 인접 계정,,135,143,0,,,,,지역 약국·약국영양제·건강정보,,,공용,B,실계정,,2026-08-08T13:03:29+09:00,DZGUzuKTd3q,2026-09-07T13:03:29+09:00,E1 공개 웹 후보·Instagram 직접 확인,0,,"2026-08-05 최근12 관측: 공개 릴스 11/12만 확인, 중앙값·최고조회수 미기록 사유: 공개 프로필 릴스 11건만 노출 | 2026-08-06 최근12 관측 완료; 조회수·중앙값·최고조회수 미기록: 공개 조회수 미노출 | 평소좋아요율 미확인: 콘텐츠 원장에 계정평소좋아요율 원값 없음 | 2026-08-08 로그인 세션 재확인: 공개 릴스 11개 조회수 148·171·315·176·1660·83·42·34·73·267·184 확인; 스크롤 후에도 12번째 릴스 미노출; 중앙값·최고조회수는 미계산 유지"
connectcare_official,커넥트케어-약·올바르게 복용하자,국내 메디컬 인접 계정,,2933,323,10,255,344,,,복약관리·맞춤영양제·약사상담,,,공용,B,실계정,,2026-08-06T00:31:14.225Z,DOZ-z1JgTHM,2026-09-05T09:31:14.225+09:00,E1 공개 웹 후보·Instagram 직접 확인,0,,"2026-08-05 최근12 관측: 조회수 12/12, 공개 좋아요 0/12 | 2026-08-06 최근12 관측 완료; 조회수·중앙값·최고조회수 미기록: 공개 조회수 미노출 | 평소좋아요율 미확인: 콘텐츠 원장에 계정평소좋아요율 원값 없음; 릴스 없음 큐 정리(2026-08-06): QUEUE.csv 정확한 보류사유 확인 후 완료 처리. 재방문예정일을 마지막 정면채굴일시+30일로 설정"
vippharm,약사의마을,국내 메디컬 인접 계정,,1132,157,,,,,,건강 큐레이션·약국·영양정보,,,공용,B,실계정,,2026-08-06T00:37:45.884Z,ClDR3UZpHNo,2026-09-05T09:37:45.884+09:00,E1 공개 웹 후보·Instagram 직접 확인,0,,"2026-08-05 최근12 관측: 공개 릴스 0/12만 확인, 중앙값·최고조회수 미기록 사유: 공개 프로필 릴스 0건만 노출 | 2026-08-06 최근12 관측 완료; 조회수·중앙값·최고조회수 미기록: 공개 조회수 미노출 | 최근30일게시수 미확인: 최근 12개 원문이 완전하지 않음 | 평소좋아요율 미확인: 콘텐츠 원장에 계정평소좋아요율 원값 없음; 릴스 없음 큐 정리(2026-08-06): QUEUE.csv 정확한 보류사유 확인 후 완료 처리. 재방문예정일을 마지막 정면채굴일시+30일로 설정"
sani_and_haeng,사니엘블랑 𝑠𝑎𝑛𝑖 𝐿 / 르메이엘 𝑙𝑒 𝑚𝑒𝑖𝑙𝑙,국내 메디컬 인접 계정,,21.2만,7857,11,78000,19340000,,,문제성피부·체중관리·뷰티브랜드·건강기능식품,,,공용,B,실계정,,2026-08-06T00:05:22.194Z,C-7MdapIPGH,2026-09-05T09:05:22.194+09:00,E1 공개 웹 후보·Instagram 직접 확인,0,,"2026-08-05 최근12 관측: 조회수 12/12, 공개 좋아요 0/12 | 2026-08-06 최근12 관측 완료; 조회수·중앙값·최고조회수 미기록: 공개 조회수 미노출 | 평소좋아요율 미확인: 콘텐츠 원장에 계정평소좋아요율 원값 없음; 릴스 없음 큐 정리(2026-08-06): QUEUE.csv 정확한 보류사유 확인 후 완료 처리. 재방문예정일을 마지막 정면채굴일시+30일로 설정"
official_medicoach,맞춤영양제 메디코치 | MEDICOACH,국내 메디컬 인접 계정,,4608,201,,693,10000,,,맞춤영양제·건강데이터·약사상담,,,공용,B,실계정,,2026-08-06T00:27:06.777Z,DXSnNHOk9HX,2026-09-05T09:27:06.777+09:00,E1 공개 웹 후보·Instagram 직접 확인,0,,"2026-08-05 최근12 관측: 조회수 12/12, 공개 좋아요 0/12 | 2026-08-06 최근12 관측 완료; 조회수·중앙값·최고조회수 미기록: 공개 조회수 미노출 | 최근30일게시수 미확인: 최근 12개 원문이 완전하지 않음 | 평소좋아요율 미확인: 콘텐츠 원장에 계정평소좋아요율 원값 없음; 릴스 없음 큐 정리(2026-08-06): QUEUE.csv 정확한 보류사유 확인 후 완료 처리. 재방문예정일을 마지막 정면채굴일시+30일로 설정"
simple.yaksa,심플약사 | 이상민,국내 약사 인플루언서,,13.6만,203,11,92000,1930000,,,영양제·마그네슘·생활건강·유튜브,,있음,김주성·오약·선영·공용,B,실계정,,2026-08-08T13:55:30+09:00,DNVRqUFPCFb,2026-09-07T13:55:30+09:00,E1 공개 웹 후보·Instagram 직접 확인,0,,2026-08-05 최근12 관측 완료; 조회수·중앙값·최고조회수 미기록: 공개 조회수 미노출 | 평소좋아요율 미확인: 콘텐츠 원장에 계정평소좋아요율 원값 없음; 릴스 없음 큐 정리(2026-08-06): QUEUE.csv 정확한 보류사유 확인 후 완료 처리. 재방문예정일을 마지막 정면채굴일시+30일로 설정 | 2026-08-08 logged-in read-only recent12 recheck: 12 reel views exposed; latest12 median 92000 and max 1930000; first tile visibly pinned in the DOM; evidence DNVRqUFPCFb through DapqzfGvl8F; other account metrics remain unresolved.
_eoyeomo_official,어여모,국내 메디컬 인접 계정,,1558,201,,886,4572,,,어린이·여성건강·약사모임·임산부상담,,,공용,B,실계정,,2026-08-05T17:34:26.095Z,CzdK9ahLPEC,2026-09-05T02:34:26.095+09:00,E1 공개 웹 후보·Instagram 직접 확인,0,,"2026-08-05 최근12 관측: 공개 릴스 12/12 확인, 공개 좋아요 미노출로 평소좋아요율 미기록 | 최근30일게시수 미확인: 최근 12개 원문이 완전하지 않음 | 평소좋아요율 미확인: 콘텐츠 원장에 계정평소좋아요율 원값 없음; 릴스 없음 큐 정리(2026-08-06): QUEUE.csv 정확한 보류사유 확인 후 완료 처리. 재방문예정일을 마지막 정면채굴일시+30일로 설정"
myyaksa,장세경 마이약사 | 건강·피부·일상,국내 약사 인플루언서,,2.8만,115,,30500,246000,8.79x(DbnUYqJJWN0); 3.5x(DadZZr3pTY6); 3.36x(Daa11H2pFtK),0.0064,건강·피부·영양제·약국,,,김주성·오약·선영·공용,B,실계정,,2026-08-07T03:34:10+09:00,DbnUYqJJWN0,2026-08-13T20:08:32+09:00,E1 공개 웹 후보·Instagram 직접 확인,0,,"2026-08-05 최근12 관측: 조회수 0/12, 공개 좋아요 12/12, 평소좋아요율 0.64% | 최근30일게시수 미확인: 최근 12개 원문이 완전하지 않음 | 평소좋아요율 미확인: 콘텐츠 원장에 계정평소좋아요율 원값 없음 | 2026-08-06 재방문: 공개 릴스 12건과 조회수 12/12를 확인. 좋아요·댓글은 기존 동일 shortcode raw 지표를 결합했으며 게시일·캡션·영상 세부는 미확인. | 2026-08-07T03:34:10+09:00 myyaksa/DbnUYqJJWN0 직접 릴스 페이지 확인: 게시일·캡션·영상 길이 확인, 훅·구조·편집장치는 미측정"
dobi_yaksa,당신의 건강습관 메이커 | 도비약사 | 정인지,국내 약사 인플루언서,,15.5만,1468,11,29500,737000,,0.46%,영양제·먹거리·육아·건강습관,,있음,김주성·오약·선영·공용,B,실계정,,2026-08-08T13:45:40+09:00,DV91JY1gTnM,2026-09-07T13:45:40+09:00,E1 공개 웹 후보·Instagram 직접 확인,0,,"2026-08-05 최근12 관측: 조회수 0/12, 공개 좋아요 12/12, 평소좋아요율 0.46% | 평소좋아요율 미확인: 콘텐츠 원장에 계정평소좋아요율 원값 없음 | 2026-08-08 logged-in read-only recent12 recheck: 12 reel views exposed; latest12 median 29500 and max 737000; first 3 tiles visibly pinned in the DOM; evidence DV91JY1gTnM through Dbb2QSrBGAG; other account metrics remain unresolved."
jy_yaksa,주연약사 | 피부&건강&관리,국내 약사 인플루언서,,7.7만,188,9,,,,,피부·상비약·영양제·여드름,,,김주성·오약·선영·공용,B,실계정,,2026-08-05T23:37:20.362Z,DbUGgjSE11f,2026-09-05T08:37:20.362+09:00,E1 공개 웹 후보·Instagram 직접 확인,0,,2026-08-05 최근12 관측 완료; 조회수·중앙값·최고조회수 미기록: 공개 조회수 미노출 | 평소좋아요율 미확인: 콘텐츠 원장에 계정평소좋아요율 원값 없음; 릴스 없음 큐 정리(2026-08-06): QUEUE.csv 정확한 보류사유 확인 후 완료 처리. 재방문예정일을 마지막 정면채굴일시+30일로 설정
ssok_yaksa,여성건강에 필요한정보만 쏙! | 쏙약사,국내 약사 인플루언서,,2.3만,168,,9754,53000,,,여성건강·임신준비·영양제·식재료,,있음,김주성·오약·선영·공용,B,실계정,,2026-08-05T23:44:09.321Z,DblCUTGFAyW,2026-09-05T08:44:09.321+09:00,E1 공개 웹 후보·Instagram 직접 확인,0,,"2026-08-05 최근12 관측: 조회수 12/12, 공개 좋아요 0/12 | 2026-08-05 최근12 관측 완료; 조회수·중앙값·최고조회수 미기록: 공개 조회수 미노출 | 최근30일게시수 미확인: 최근 12개가 모두 30일 안에 있어 전체 개수를 확정할 수 없음 | 평소좋아요율 미확인: 콘텐츠 원장에 계정평소좋아요율 원값 없음; 릴스 없음 큐 정리(2026-08-06): QUEUE.csv 정확한 보류사유 확인 후 완료 처리. 재방문예정일을 마지막 정면채굴일시+30일로 설정"
woojoobe.yak,우주비 | 약사엄마ㆍ건강 육아,국내 약사 인플루언서,,2.1만,255,,,,,,육아·키즈건강·영양제·엄마건강,,있음,김주성·오약·선영·공용,B,실계정,,2026-08-05T23:44:09.321Z,DbjwZjrkvi_,2026-09-05T08:44:09.321+09:00,E1 공개 웹 후보·Instagram 직접 확인,0,,2026-08-05 최근12 관측 완료; 조회수·중앙값·최고조회수 미기록: 공개 조회수 미노출 | 최근30일게시수 미확인: 최근 12개가 모두 30일 안에 있어 전체 개수를 확정할 수 없음 | 평소좋아요율 미확인: 콘텐츠 원장에 계정평소좋아요율 원값 없음; 릴스 없음 큐 정리(2026-08-06): QUEUE.csv 정확한 보류사유 확인 후 완료 처리. 재방문예정일을 마지막 정면채굴일시+30일로 설정
ggnn_yaksa,정세운약사의 건강나눔,국내 약사 인플루언서,,1.1만,310,11,,,,0.58%,면역·탈모·장건강·피부건강·건강기능식품,,있음,김주성·오약·선영·공용,B,실계정,,2026-08-05T23:48:02.549Z,DI3Vlz0i5Hr,2026-09-05T08:48:02.549+09:00,E1 공개 웹 후보·Instagram 직접 확인,0,,"2026-08-05 최근12 관측: 조회수 0/12, 공개 좋아요 11/12, 평소좋아요율 0.58% | 2026-08-05 최근12 관측 완료; 조회수·중앙값·최고조회수 미기록: 공개 조회수 미노출 | 평소좋아요율 미확인: 콘텐츠 원장에 계정평소좋아요율 원값 없음; 릴스 없음 큐 정리(2026-08-06): QUEUE.csv 정확한 보류사유 확인 후 완료 처리. 재방문예정일을 마지막 정면채굴일시+30일로 설정"
yak.filter,필터약사 신동호ㅣ딸에게 꼭 알려주고싶은 여성건강 tmi,국내 약사 인플루언서,,4.2만,159,8,,,,5.93%,여성건강·임신준비·출산·육아·아이영양제,,있음,김주성·오약·선영·공용,B,실계정,,2026-08-05T15:10:12.926Z,DUIijcdki6V,2026-09-05T00:10:12.926+09:00,E1 공개 웹 후보·Instagram 직접 확인,0,,"2026-08-05 최근12 관측: 조회수 0/12, 공개 좋아요 12/12, 평소좋아요율 5.93% | 평소좋아요율 미확인: 콘텐츠 원장에 계정평소좋아요율 원값 없음; 릴스 없음 큐 정리(2026-08-06): QUEUE.csv 정확한 보류사유 확인 후 완료 처리. 재방문예정일을 마지막 정면채굴일시+30일로 설정"
dani_yaksa,다니 약사 | 강단 | 육아 건강 정보,국내 약사 인플루언서,,2.1만,87,5,,,,,육아·영양제·워킹맘·건강정보,,있음,김주성·오약·선영·공용,B,실계정,,2026-08-05T23:44:09.321Z,DaRdeqfz9Ai,2026-09-05T08:44:09.321+09:00,E1 공개 웹 후보·Instagram 직접 확인,0,,2026-08-05 최근12 관측 완료; 조회수·중앙값·최고조회수 미기록: 공개 조회수 미노출 | 평소좋아요율 미확인: 콘텐츠 원장에 계정평소좋아요율 원값 없음; 릴스 없음 큐 정리(2026-08-06): QUEUE.csv 정확한 보류사유 확인 후 완료 처리. 재방문예정일을 마지막 정면채굴일시+30일로 설정
yaksasum,약사슴 | 약사 박혜지,국내 약사 인플루언서,,1.2만,325,,,,,0.43%,웰니스·피부·다이어트·가족건강,,있음,김주성·오약·선영·공용,B,실계정,,2026-08-05T23:48:02.549Z,DR9wJVLkSWj,2026-09-05T08:48:02.549+09:00,E1 공개 웹 후보·Instagram 직접 확인,0,,"2026-08-05 최근12 관측: 조회수 0/12, 공개 좋아요 11/12, 평소좋아요율 0.43% | 2026-08-05 최근12 관측 완료; 조회수·중앙값·최고조회수 미기록: 공개 조회수 미노출 | 최근30일게시수 미확인: 최근 12개 원문이 완전하지 않음 | 평소좋아요율 미확인: 콘텐츠 원장에 계정평소좋아요율 원값 없음; 릴스 없음 큐 정리(2026-08-06): QUEUE.csv 정확한 보류사유 확인 후 완료 처리. 재방문예정일을 마지막 정면채굴일시+30일로 설정"
run.pharmacist,런약사,국내 약사 인플루언서,,9820,795,7,59500,619000,,,러닝·운동·약국·가족건강,,,김주성·오약·공용,B,실계정,,2026-08-05T23:48:02.549Z,DV57UvVktLl,2026-08-12T00:27:51+09:00,E1 공개 웹 후보·Instagram 직접 확인,0,,"2026-08-05 최근12 관측: 조회수 12/12, 공개 좋아요 0/12 | 2026-08-05 최근12 관측 완료; 조회수·중앙값·최고조회수 미기록: 공개 조회수 미노출 | 평소좋아요율 미확인: 콘텐츠 원장에 계정평소좋아요율 원값 없음"
yaksamom,약사맘 👩🏻‍⚕️ 박신영 | 건강·피부에 진심인 약사,국내 약사 인플루언서,,12.9만,5617,,9040,1386000,,,피부·영양제·여성건강·약국,,있음,김주성·오약·선영·공용,B,실계정,,2026-08-08T14:03:49+09:00,C9FDEOdyBBi,2026-09-07T14:03:49+09:00,E1 공개 웹 후보·Instagram 직접 확인,0,,"2026-08-05 최근12 관측: 조회수 0/12, 공개 좋아요 0/12 | 최근30일게시수 미확인: 최근 12개 원문이 완전하지 않음 | 평소좋아요율 미확인: 콘텐츠 원장에 계정평소좋아요율 원값 없음 | 2026-08-08 logged-in read-only recent12: 12/12 reel views; median 9040; max 1386000; first two tiles visibly pinned; recent30 post count, usual-like rate, and recent20 ad count unresolved."
peurajo,프라조,국내 메디컬 인접 계정,,28,328,,,,,,영양제·비타민·칼슘·유산균·블로그,,있음,공용,B,실계정,,2026-08-09T03:34:32+09:00,Dbne4LTE76B,2026-08-12T00:27:51+09:00,E1 공개 웹 후보·Instagram 직접 확인,0,,"2026-08-05 최근12 관측: 공개 릴스 0/12만 확인, 중앙값·최고조회수 미기록 사유: 공개 프로필 릴스 0건만 노출 | 2026-08-06 최근12 관측 완료; 조회수·중앙값·최고조회수 미기록: 공개 조회수 미노출 | 최근30일게시수 미확인: 최근 12개가 모두 30일 안에 있어 전체 개수를 확정할 수 없음 | 평소좋아요율 미확인: 콘텐츠 원장에 계정평소좋아요율 원값 없음 | 2026-08-09 로그인 read-only 재확인: 프로필 게시물 328, 팔로워 28, 팔로우 1. bio에 비타민·칼슘·유산균 영양제 정보와 티스토리·네이버 링크 안내, five1378.tistory.com 외 1개가 노출됨. /reels/ 탭에 릴스·조회수가 없어 최근12 중앙값·최고조회수는 공란 유지. 최근30일 게시수·좋아요율·콘텐츠별 광고여부는 기존 미확인 상태 유지."
kangsoyeon__,강소연 Kang So Yeon,국내 메디컬 인접 계정,,153만,290,,159500,4947000,,,건강뷰티·뷰티브랜드·글로벌 아티스트,,,공용,B,실계정,,2026-08-06T00:05:22.194Z,DblK6I1kwhh,2026-09-05T09:05:22.194+09:00,E1 공개 웹 후보·Instagram 직접 확인,0,,"2026-08-05 최근12 관측: 조회수 12/12, 공개 좋아요 0/12 | 2026-08-06 최근12 관측 완료; 조회수·중앙값·최고조회수 미기록: 공개 조회수 미노출 | 최근30일게시수 미확인: 최근 12개 원문이 완전하지 않음 | 평소좋아요율 미확인: 콘텐츠 원장에 계정평소좋아요율 원값 없음; 릴스 없음 큐 정리(2026-08-06): QUEUE.csv 정확한 보류사유 확인 후 완료 처리. 재방문예정일을 마지막 정면채굴일시+30일로 설정"
teri_yaksa,온가족 건강 지킴이ㅣ태리약사 김경은,국내 약사 인플루언서,,15.6만,1687,,60500,593000,,,가족건강·면역·다이어트·여성건강·피로회복,,있음,김주성·오약·선영·공용,B,실계정,,2026-08-08T13:42:20+09:00,DbwuGCCA-ME,2026-09-07T13:42:20+09:00,E1 공개 웹 후보·Instagram 직접 확인,0,,"2026-08-05 최근12 관측: 조회수 0/12, 공개 좋아요 0/12 | 최근30일게시수 미확인: 최근 12개 원문이 완전하지 않음 | 평소좋아요율 미확인: 콘텐츠 원장에 계정평소좋아요율 원값 없음; 릴스 없음 큐 정리(2026-08-06): QUEUE.csv 정확한 보류사유 확인 후 완료 처리. 재방문예정일을 마지막 정면채굴일시+30일로 설정 | 2026-08-08 logged-in read-only recent12 recheck: 12 reel views exposed; latest12 median 60500 and max 593000; evidence DbwuGCCA-ME through DbKo9adACDF; other account metrics remain unresolved."
cellromax_official,셀로맥스 | 약국 건기식·화장품·OTC,국내 메디컬 인접 계정,,1218,27,3,,,,,약국건기식·화장품·OTC·라이프케어,,,공용,B,실계정,,2026-08-06T00:37:45.884Z,Cqo7FaIJwp1,2026-09-05T09:37:45.884+09:00,E1 공개 웹 후보·Instagram 직접 확인,0,,"2026-08-05 최근12 관측: 공개 릴스 9/12만 확인, 중앙값·최고조회수 미기록 사유: 공개 프로필 릴스 9건만 노출 | 2026-08-06 최근12 관측 완료; 조회수·중앙값·최고조회수 미기록: 공개 조회수 미노출 | 평소좋아요율 미확인: 콘텐츠 원장에 계정평소좋아요율 원값 없음; 릴스 없음 큐 정리(2026-08-06): QUEUE.csv 정확한 보류사유 확인 후 완료 처리. 재방문예정일을 마지막 정면채굴일시+30일로 설정"
veteranhospital,베테랑병원,국내 메디컬 인접 계정,,524,348,9,547,22000,,,정형외과·신경외과·내과·건강검진,,,공용,B,실계정,,2026-08-06T00:44:32.675Z,C_aH_tsPNau,2026-08-12T00:31:08+09:00,E1 공개 웹 후보·Instagram 직접 확인,0,,"2026-08-05 최근12 관측: 공개 릴스 12/12 확인, 공개 좋아요 미노출로 평소좋아요율 미기록 | 2026-08-06 최근12 관측 완료; 조회수·중앙값·최고조회수 미기록: 공개 조회수 미노출 | 평소좋아요율 미확인: 콘텐츠 원장에 계정평소좋아요율 원값 없음"
woori_yaksa,빼자언니 💗 우리약사 | 배혜정,국내 약사 인플루언서,,6.3만,463,,7419.5,171000,,,혈당·염증·뱃살·웰니스·영양제,,있음,김주성·오약·선영·공용,B,실계정,,2026-08-05T23:37:20.362Z,DbFl0IWkk5Y,2026-09-05T08:37:20.362+09:00,E1 공개 웹 후보·Instagram 직접 확인,0,,"2026-08-05 최근12 관측: 조회수 12/12, 공개 좋아요 0/12 | 2026-08-05 최근12 관측 완료; 조회수·중앙값·최고조회수 미기록: 공개 조회수 미노출 | 최근30일게시수 미확인: 최근 12개 원문이 완전하지 않음 | 평소좋아요율 미확인: 콘텐츠 원장에 계정평소좋아요율 원값 없음; 릴스 없음 큐 정리(2026-08-06): QUEUE.csv 정확한 보류사유 확인 후 완료 처리. 재방문예정일을 마지막 정면채굴일시+30일로 설정"
ayak_official,아약,국내 메디컬 인접 계정,,546,64,,203,1130,,,약사상담·영양제·약국·건강/뷰티,,,공용,B,실계정,,2026-08-05T17:51:58.222Z,DbHpl9oxbpr,2026-08-12T00:31:08+09:00,E1 공개 웹 후보·Instagram 직접 확인,0,,"2026-08-05 최근12 관측: 공개 릴스 12/12 확인, 공개 좋아요 미노출로 평소좋아요율 미기록 | 최근30일게시수 미확인: 최근 12개 원문이 완전하지 않음 | 평소좋아요율 미확인: 콘텐츠 원장에 계정평소좋아요율 원값 없음"
ivywellness_official,아이비웰니스 | 서울대 약사개발 영양제 브랜드,국내 메디컬 인접 계정,,886,397,4,,,,,약사개발 영양제 브랜드·커큐민·오메가3·혈당,,있음,공용,B,실계정,,2026-08-09T03:28:26+09:00,DP0CzdIkxOC,2026-08-12T00:34:43+09:00,E1 공개 웹 후보·Instagram 직접 확인,0,,"2026-08-05 최근12 관측: 공개 릴스 5/12만 확인, 중앙값·최고조회수 미기록 사유: 공개 프로필 릴스 5건만 노출 | 2026-08-06 최근12 관측 완료; 조회수·중앙값·최고조회수 미기록: 공개 조회수 미노출 | 평소좋아요율 미확인: 콘텐츠 원장에 계정평소좋아요율 원값 없음 | 2026-08-09 로그인 read-only 재확인: 프로필 게시물 397, 팔로워 886, 팔로우 2, Instagram 카테고리 쇼핑 및 유통. bio에 인지질 수용성 커큐민 285 플러스·브레인 초임계 알티지 오메가3 미니·혈당엔 브이디엑스·빵순이효소와 smartstore.naver.com/ivysmall 링크가 노출되어 공구·판매링크운영을 있음으로 기록. 릴스 조회수 5개 201·204·278·65·508 확인; 최근12개가 아니므로 중앙값·최고조회수는 공란 유지. 최근30일 게시수·좋아요율·콘텐츠별 광고여부는 기존 미확인 상태 유지."
korea_anti_doping_agency,한국도핑방지위원회(공식 계정),국내 메디컬 인접 계정,,1.7만,936,6,3167.5,129000,,,스포츠·도핑방지·선수건강·약물안전,,,공용,B,실계정,,2026-08-06T00:11:22.094Z,DXeGO77Eda8,2026-09-05T09:11:22.094+09:00,E1 공개 웹 후보·Instagram 직접 확인,0,,"2026-08-05 최근12 관측: 조회수 12/12, 공개 좋아요 0/12 | 2026-08-06 최근12 관측 완료; 조회수·중앙값·최고조회수 미기록: 공개 조회수 미노출 | 평소좋아요율 미확인: 콘텐츠 원장에 계정평소좋아요율 원값 없음; 릴스 없음 큐 정리(2026-08-06): QUEUE.csv 정확한 보류사유 확인 후 완료 처리. 재방문예정일을 마지막 정면채굴일시+30일로 설정"
bbuuu_yaksa,쀼약사 l 변종석,국내 약사 인플루언서,,9.8만,729,11,,,,,임신준비·출산·육아·임신영양제,,있음,김주성·오약·선영·공용,B,실계정,,2026-08-09T03:46:22+09:00,DJTc-VByxGm,2026-09-05T08:32:38.309+09:00,E1 공개 웹 후보·Instagram 직접 확인,0,,"2026-08-05 최근12 관측 완료; 조회수·중앙값·최고조회수 미기록: 공개 조회수 미노출 | 평소좋아요율 미확인: 콘텐츠 원장에 계정평소좋아요율 원값 없음; 릴스 없음 큐 정리(2026-08-06): QUEUE.csv 정확한 보류사유 확인 후 완료 처리. 재방문예정일을 마지막 정면채굴일시+30일로 설정 | 2026-08-09 로그인 read-only 재확인: 프로필 게시물 729, 팔로워 9.8만, 팔로우 774. bio에 임신준비·출산·육아, 담백하루 아르기닌, link.inpock.co.kr/bbuuu_yaksa 및 임신 1:1 상담방·임신영양제·약국꿀팁&꿀템 하이라이트가 노출됨. 릴스 9개 조회수 18.2만·4.3만·1.9만·1.4만·1.6만·3.8만·1.5만·2.2만·1.7만 확인 후 스크롤했지만 12개 미노출; 최근12 중앙값·최고조회수는 공란 유지. 확인한 shortcode 9건은 기존 ledger에 있어 중복 추가하지 않음."
liz_yaksa,리즈약사 | 박보람,국내 약사 인플루언서,,9.6만,1175,,12500,446000,,0.27%,어린이영양제·가족건강·영양제,,있음,김주성·오약·선영·공용,B,실계정,,2026-08-08T14:51:29+09:00,DZoW0CUPatb,2026-09-07T14:51:29+09:00,E1 공개 웹 후보·Instagram 직접 확인,0,,"2026-08-05 최근12 관측: 조회수 0/12, 공개 좋아요 12/12, 평소좋아요율 0.27% | 최근30일게시수 미확인: 최근 12개가 모두 30일 안에 있어 전체 개수를 확정할 수 없음 | 평소좋아요율 미확인: 콘텐츠 원장에 계정평소좋아요율 원값 없음; 릴스 없음 큐 정리(2026-08-06): QUEUE.csv 정확한 보류사유 확인 후 완료 처리. 재방문예정일을 마지막 정면채굴일시+30일로 설정 | 2026-08-08 로그인 read-only recent12 12/12 확인: 중앙값 12,500회, 최고 446,000회; 첫 타일 고정 릴. 최근30 게시수·평소 좋아요율·최근20 광고수는 직접 근거 없음"
ddib_yaksa,띱약사 조연서 | 영양제 • 이너뷰티 약사,국내 약사 인플루언서,한국,2.7만,296,11,68000,2340000,,,영양제·이너뷰티·건강/뷰티,,있음,김주성·오약·선영,B,실계정,,2026-08-05T23:44:09.321Z,DbTCPk_lLXC,2026-09-05T08:44:09.321+09:00,E1 공개 웹 후보·Instagram 직접 확인,0,,"공개 프로필에서 인증·약사·영양제와 이너뷰티 검증 기준·공구 일정 하이라이트를 확인; 게시물 본문은 별도 검토 대기 | 2026-08-05 최근12 관측: 조회수 12/12, 공개 좋아요 0/12 | 2026-08-05 최근12 관측 완료; 조회수·중앙값·최고조회수 미기록: 공개 조회수 미노출 | 평소좋아요율 미확인: 콘텐츠 원장에 계정평소좋아요율 원값 없음; 릴스 없음 큐 정리(2026-08-06): QUEUE.csv 정확한 보류사유 확인 후 완료 처리. 재방문예정일을 마지막 정면채굴일시+30일로 설정"
bro_yaksa,𝗕𝗿𝗼 𝗛𝗲𝗮𝗹𝘁𝗵 𝗖𝗮𝗿𝗲 | 형제약사 | 최형재,국내 약사 인플루언서,,11.3만,1058,9,12500,3230000,,1.18%,만성염증·영양제·웰니스·약사상담,,있음,김주성·오약·선영·공용,B,실계정,,2026-08-08T14:44:28+09:00,DF98bPkJjwP,2026-09-07T14:44:28+09:00,E1 공개 웹 후보·Instagram 직접 확인,0,,"2026-08-05 최근12 관측: 조회수 0/12, 공개 좋아요 12/12, 평소좋아요율 1.18% | 평소좋아요율 미확인: 콘텐츠 원장에 계정평소좋아요율 원값 없음 | 2026-08-08 로그인 read-only recent12 12/12 확인: 중앙값 12,500회, 최고 3,230,000회; 첫 타일 고정 릴. 최근30 게시수·평소 좋아요율·최근20 광고수는 직접 근거 없음"
do_u.know.hs,두유노건기식,국내 메디컬 인접 계정,,670,136,,1064,6220,,,약대생·건강기능식품·학술·교육,,,공용,B,실계정,,2026-08-05T17:48:25.095Z,DbNY3Umxrur,2026-08-12T00:37:46+09:00,E1 공개 웹 후보·Instagram 직접 확인,0,,"2026-08-05 최근12 관측: 공개 릴스 12/12 확인, 공개 좋아요 미노출로 평소좋아요율 미기록 | 최근30일게시수 미확인: 최근 12개 원문이 완전하지 않음 | 평소좋아요율 미확인: 콘텐츠 원장에 계정평소좋아요율 원값 없음"
health_in_news,헬스인뉴스 health_in_news,국내 메디컬 인접 계정,,1.1만,277,11,465,874000,,,건강전문매체·정신건강·건강검진·수면,,,공용,B,실계정,,2026-08-06T00:14:17.865Z,DbnV0WGq8fM,2026-09-05T09:14:17.865+09:00,E1 공개 웹 후보·Instagram 직접 확인,0,,"2026-08-05 최근12 관측: 조회수 12/12, 공개 좋아요 0/12 | 2026-08-06 최근12 관측 완료; 조회수·중앙값·최고조회수 미기록: 공개 조회수 미노출 | 평소좋아요율 미확인: 콘텐츠 원장에 계정평소좋아요율 원값 없음; 릴스 없음 큐 정리(2026-08-06): QUEUE.csv 정확한 보류사유 확인 후 완료 처리. 재방문예정일을 마지막 정면채굴일시+30일로 설정"
zion_womens,시온여성병원,국내 메디컬 인접 계정,,742,785,,867,13000,,,산부인과·임신·출산·여성건강,,,공용,B,실계정,,2026-08-06T00:41:00.755Z,DUXUtFiElbw,2026-08-12T00:37:46+09:00,E1 공개 웹 후보·Instagram 직접 확인,0,,"2026-08-05 최근12 관측: 공개 릴스 12/12 확인, 공개 좋아요 미노출로 평소좋아요율 미기록 | 2026-08-06 최근12 관측 완료; 조회수·중앙값·최고조회수 미기록: 공개 조회수 미노출 | 최근30일게시수 미확인: 최근 12개 원문이 완전하지 않음 | 평소좋아요율 미확인: 콘텐츠 원장에 계정평소좋아요율 원값 없음"
pill_yaksa,필약사 · 염증·순환·저속노화,국내 약사 인플루언서,,3.5만,181,10,,,,,염증·순환·저속노화·영양제·여성건강,,있음,김주성·오약·선영·공용,B,실계정,,2026-08-05T23:44:09.321Z,DUVFG_aj6b0,2026-09-05T08:44:09.321+09:00,E1 공개 웹 후보·Instagram 직접 확인,0,,2026-08-05 최근12 관측 완료; 조회수·중앙값·최고조회수 미기록: 공개 조회수 미노출 | 평소좋아요율 미확인: 콘텐츠 원장에 계정평소좋아요율 원값 없음; 릴스 없음 큐 정리(2026-08-06): QUEUE.csv 정확한 보류사유 확인 후 완료 처리. 재방문예정일을 마지막 정면채굴일시+30일로 설정
jenny_yaksa,몸짱약사민재원 · 제니약사,국내 약사 인플루언서,,4.9만,3903,10,,,,,건강·뷰티·영양제,,있음,김주성·오약·선영·공용,B,실계정,,2026-08-05T23:39:20.281Z,DGB3Dx2T8xm,2026-09-05T08:39:20.281+09:00,E1 공개 웹 후보·Instagram 직접 확인,0,,2026-08-05 최근12 관측 완료; 조회수·중앙값·최고조회수 미기록: 공개 조회수 미노출 | 평소좋아요율 미확인: 콘텐츠 원장에 계정평소좋아요율 원값 없음; 릴스 없음 큐 정리(2026-08-06): QUEUE.csv 정확한 보류사유 확인 후 완료 처리. 재방문예정일을 마지막 정면채굴일시+30일로 설정
pharmway,팜웨이 · 약사전문 학술도서,국내 메디컬 인접 계정,,3133,164,0,,,,,약사 전문 도서·학술·스포츠영양,,있음,공용,B,실계정,,2026-08-06T00:30:15.933Z,DOFObyFgaLU,2026-09-05T09:30:15.933+09:00,E1 공개 웹 후보·Instagram 직접 확인,0,,"2026-08-05 최근12 관측: 공개 릴스 0/12만 확인, 중앙값·최고조회수 미기록 사유: 공개 프로필 릴스 0건만 노출 | 2026-08-06 최근12 관측 완료; 조회수·중앙값·최고조회수 미기록: 공개 조회수 미노출 | 평소좋아요율 미확인: 콘텐츠 원장에 계정평소좋아요율 원값 없음; 릴스 없음 큐 정리(2026-08-06): QUEUE.csv 정확한 보류사유 확인 후 완료 처리. 재방문예정일을 마지막 정면채굴일시+30일로 설정"
fitamin_official,핏타민,국내 메디컬 인접 계정,,5505,225,0,3686,142000,,,맞춤영양제·건강·뷰티,,있음,공용,B,실계정,,2026-08-06T00:24:46.981Z,DJVOeNezqEQ,2026-09-05T09:24:46.981+09:00,E1 공개 웹 후보·Instagram 직접 확인,0,,"2026-08-05 최근12 관측: 조회수 12/12, 공개 좋아요 0/12 | 2026-08-06 최근12 관측 완료; 조회수·중앙값·최고조회수 미기록: 공개 조회수 미노출 | 평소좋아요율 미확인: 콘텐츠 원장에 계정평소좋아요율 원값 없음; 릴스 없음 큐 정리(2026-08-06): QUEUE.csv 정확한 보류사유 확인 후 완료 처리. 재방문예정일을 마지막 정면채굴일시+30일로 설정"
ohshu_market,오슈마켓 · 믿쓰오,국내 메디컬 인접 계정,,1.4만,5335,,530.5,735,,,건강식품·마켓·영양제,,있음,공용,B,실계정,,2026-08-06T00:14:17.865Z,DbrZgRdE7NN,2026-09-05T09:14:17.865+09:00,E1 공개 웹 후보·Instagram 직접 확인,0,,"2026-08-05 최근12 관측: 조회수 12/12, 공개 좋아요 0/12 | 2026-08-06 최근12 관측 완료; 조회수·중앙값·최고조회수 미기록: 공개 조회수 미노출 | 최근30일게시수 미확인: 최근 12개가 모두 30일 안에 있어 전체 개수를 확정할 수 없음 | 평소좋아요율 미확인: 콘텐츠 원장에 계정평소좋아요율 원값 없음; 릴스 없음 큐 정리(2026-08-06): QUEUE.csv 정확한 보류사유 확인 후 완료 처리. 재방문예정일을 마지막 정면채굴일시+30일로 설정"
beige_yaksa,베이지약사 · 베스트 & 이지 · 우수빈,국내 약사 인플루언서,,11.2만,601,,24000,582000,,,영양제·가족건강·아이성장·맞춤상담,,있음,김주성·오약·선영·공용,B,실계정,,2026-08-08T14:15:39+09:00,DbucRfczfZg,2026-09-07T14:15:39+09:00,E1 공개 웹 후보·Instagram 직접 확인,0,,"2026-08-05 최근12 관측 완료; 조회수·중앙값·최고조회수 미기록: 공개 조회수 미노출 | 최근30일게시수 미확인: 최근 12개가 모두 30일 안에 있어 전체 개수를 확정할 수 없음 | 평소좋아요율 미확인: 콘텐츠 원장에 계정평소좋아요율 원값 없음 | 2026-08-08 logged-in read-only recent12: 12/12 reel views; median 24000; max 582000; no pinned tile indicator exposed; recent30 post count, usual-like rate, and recent20 ad count unresolved."
strawberry_yaksa,유선영(딸기약사),국내 약사 인플루언서,한국,8.7만,1498,,,,,,어린이건강·엄마건강·여성건강·영양제,,있음,김주성·오약·선영,B,실계정,,2026-08-05T23:37:20.362Z,DbqdvhZCZwn,2026-09-05T08:37:20.362+09:00,E1 공개 웹 후보·Instagram 직접 확인,0,,공개 프로필에서 인증·엄마 약사·아이와 가족 건강·상담 채널을 확인; 게시물 본문은 별도 검토 대기 | 2026-08-05 최근12 관측 완료; 조회수·중앙값·최고조회수 미기록: 공개 조회수 미노출 | 최근30일게시수 미확인: 최근 12개가 모두 30일 안에 있어 전체 개수를 확정할 수 없음 | 평소좋아요율 미확인: 콘텐츠 원장에 계정평소좋아요율 원값 없음; 릴스 없음 큐 정리(2026-08-06): QUEUE.csv 정확한 보류사유 확인 후 완료 처리. 재방문예정일을 마지막 정면채굴일시+30일로 설정
supermom_yaksa,슈퍼맘약사 · 임유미,국내 약사 인플루언서,,17.6만,2391,9,40500,1216000,,0.35%,엄마건강·건강검증·영양제·오메가3,,있음,김주성·오약·선영·공용,B,실계정,,2026-08-08T13:37:43+09:00,DQ9ByKlE37I,2026-09-07T13:37:43+09:00,E1 공개 웹 후보·Instagram 직접 확인,0,,"2026-08-05 최근12 관측: 조회수 0/12, 공개 좋아요 11/12, 평소좋아요율 0.35% | 평소좋아요율 미확인: 콘텐츠 원장에 계정평소좋아요율 원값 없음; 릴스 없음 큐 정리(2026-08-06): QUEUE.csv 정확한 보류사유 확인 후 완료 처리. 재방문예정일을 마지막 정면채굴일시+30일로 설정 | 2026-08-08 logged-in read-only recent12 recheck: 12 reel views exposed; latest12 median 40500 and max 1216000; first 3 tiles visibly pinned in the DOM; evidence DQ9ByKlE37I through DbKt_8ZRwaC; other account metrics remain unresolved."
ggul_yaksa,꿀약사 · 건강 꿀팁,국내 약사 인플루언서,,1014,27,0,9170.5,79000,,,건강정보·약 이야기·여성건강·육아,,,김주성·오약·선영·공용,B,실계정,,2026-08-05T23:50:45.958Z,DWVQX7tEQAp,2026-09-05T08:50:45.958+09:00,E1 공개 웹 후보·Instagram 직접 확인,0,,"2026-08-05 최근12 관측: 조회수 12/12, 공개 좋아요 0/12 | 2026-08-05 최근12 관측 완료; 조회수·중앙값·최고조회수 미기록: 공개 조회수 미노출 | 평소좋아요율 미확인: 콘텐츠 원장에 계정평소좋아요율 원값 없음; 릴스 없음 큐 정리(2026-08-06): QUEUE.csv 정확한 보류사유 확인 후 완료 처리. 재방문예정일을 마지막 정면채굴일시+30일로 설정"
yewon.bak,약사 박예원,국내 약사 인플루언서,,5.5만,81,8,,,,,아이 성장·성장식단·영양·약국일상,,있음,김주성·오약·선영·공용,B,실계정,,2026-08-05T23:39:20.281Z,DZ8uTfKD5Ju,2026-09-05T08:39:20.281+09:00,E1 공개 웹 후보·Instagram 직접 확인,0,,2026-08-05 최근12 관측 완료; 조회수·중앙값·최고조회수 미기록: 공개 조회수 미노출 | 평소좋아요율 미확인: 콘텐츠 원장에 계정평소좋아요율 원값 없음; 릴스 없음 큐 정리(2026-08-06): QUEUE.csv 정확한 보류사유 확인 후 완료 처리. 재방문예정일을 마지막 정면채굴일시+30일로 설정
salt.yaksa,소금약사 · 정소민,국내 약사 인플루언서,,3.5만,237,,106000,219000,1.58x(Dbasl3VTGLs); 0.3x(Dbdb7Lyz3K-); 0.09x(Dbf1mJkzW5M),0.042453,성분중심·약국템·뷰티템·영양제,,있음,김주성·오약·선영·공용,B,실계정,,2026-08-05T00:51:07+09:00,,2026-08-12T00:51:07+09:00,E1 공개 웹 후보·Instagram 직접 확인,0,,최근30일게시수 미확인: 최근 12개 원문이 완전하지 않음
lemonpharmacy38,참약사 레몬약국,국내 메디컬 인접 계정,한국,507,5,,,,,,맞춤영양제·피로·수면·장건강,,있음,공용,B,실계정,,2026-08-09T04:29:03+09:00,DbrwN6VzYbq,2026-08-12T01:03:22+09:00,E1 공개 웹 후보·Instagram 직접 확인; E3 Instagram 직접 확인,0,,"2026-08-05 최근12 관측: 공개 릴스 4/12만 확인, 중앙값·최고조회수 미기록 사유: 공개 프로필 릴스 4건만 노출 | 2026-08-06 최근12 관측 실패·부분 확인(3/12); 조회수·중앙값·최고조회수 미기록: 공개 조회수 미노출 | 최근30일게시수 미확인: 최근 12개 원문이 완전하지 않음 | 평소좋아요율 미확인: 콘텐츠 원장에 계정평소좋아요율 원값 없음 | 2026-08-06 E3 직접 확인: 프로필 팔로워 501, 게시물 4, 팔로잉 597, 릴스 5개 노출. 최신 대표 릴스 DbrwN6VzYbq 는 그리드 조회수 58, 게시물 표시는 6시간. 최근12·12번째 릴스·최근30일 정확한 총량은 미확인. | 2026-08-07T13:37:04+09:00 E1 로그인 세션 프로필 재확인: 팔로워 507·게시물 4·릴스 탭과 공개 릴스 4개 링크 확인; 최근12·최근30일 총량·평소좋아요율은 미확인 유지. | 2026-08-08T01:16:44+09:00 E1 공개 프로필 재확인: 팔로워 506·게시물 4·팔로우 604·공개 게시물 링크 4개·외부 m.place.naver.com 링크 확인; 로그인 대화상자로 콘텐츠 상세는 미확인 유지. | 2026-08-09T04:29:03+09:00 로그인 read-only 재확인: 프로필 게시물 5·팔로워 507·팔로우 605·건강/뷰티, AI가 분석하고 약사가 설계합니다·m.place.naver.com/place/1535962471/home?entry=pll 확인; /reels/ 릴스 6개 조회수 106·127·121·144·124·153, 스크롤 후 추가 릴스 미노출로 recent12 중앙값·최고조회수 공란 유지"
yusung_pharmacy,유성약국 · 종로약국,국내 메디컬 인접 계정,,614,50,,,,,,약국·의약품·건강기능식품·피부미용,,있음,공용,B,실계정,,2026-08-06T00:43:32.869Z,DXV6yERgcFM,2026-08-12T01:03:22+09:00,E1 공개 웹 후보·Instagram 직접 확인,0,,"2026-08-05 최근12 관측: 공개 릴스 0/12만 확인, 중앙값·최고조회수 미기록 사유: 공개 프로필 릴스 0건만 노출 | 2026-08-06 최근12 관측 완료; 조회수·중앙값·최고조회수 미기록: 공개 조회수 미노출 | 최근30일게시수 미확인: 최근 12개 원문이 완전하지 않음 | 평소좋아요율 미확인: 콘텐츠 원장에 계정평소좋아요율 원값 없음"
hyemin.hospital,혜민병원,국내 메디컬 인접 계정,,1240,756,10,,,,,병원·건강정보·의료서비스,,있음,공용,B,실계정,,2026-08-06T00:36:40.337Z,DbrUqRpiLrK,2026-09-05T09:36:40.337+09:00,E1 공개 웹 후보·Instagram 직접 확인,0,,"2026-08-05 최근12 관측: 공개 릴스 2/12만 확인, 중앙값·최고조회수 미기록 사유: 공개 프로필 릴스 2건만 노출 | 2026-08-06 최근12 관측 완료; 조회수·중앙값·최고조회수 미기록: 공개 조회수 미노출 | 평소좋아요율 미확인: 콘텐츠 원장에 계정평소좋아요율 원값 없음; 릴스 없음 큐 정리(2026-08-06): QUEUE.csv 정확한 보류사유 확인 후 완료 처리. 재방문예정일을 마지막 정면채굴일시+30일로 설정"
glucom_official,온누리Health 글루콤,국내 메디컬 인접 계정,,629,46,1,,,,,피로회복·의약품·영양제 브랜드,,,공용,B,실계정,,2026-08-06T00:41:00.755Z,DaSJgc-CCs6,2026-08-12T01:03:22+09:00,E1 공개 웹 후보·Instagram 직접 확인,0,,"2026-08-05 최근12 관측: 공개 릴스 5/12만 확인, 중앙값·최고조회수 미기록 사유: 공개 프로필 릴스 5건만 노출 | 2026-08-06 최근12 관측 완료; 조회수·중앙값·최고조회수 미기록: 공개 조회수 미노출 | 평소좋아요율 미확인: 콘텐츠 원장에 계정평소좋아요율 원값 없음"
gachiyaksa,가치약사 · 가치로운 건강 영양제 상담,국내 약사 인플루언서,,8111,551,,729.5,2045,,,복약지도·영양제·건강검진·건강기능식품·상담,,있음,김주성·오약·선영·공용,B,실계정,,2026-08-05T23:48:02.549Z,DLSbv57ThXq,2026-08-12T01:06:36+09:00,E1 공개 웹 후보·Instagram 직접 확인,0,,"2026-08-05 최근12 관측: 조회수 12/12, 공개 좋아요 0/12 | 2026-08-05 최근12 관측 완료; 조회수·중앙값·최고조회수 미기록: 공개 조회수 미노출 | 최근30일게시수 미확인: 최근 12개 원문이 완전하지 않음 | 평소좋아요율 미확인: 콘텐츠 원장에 계정평소좋아요율 원값 없음"
ssofit_yaksa,"쏘핏 소 윤ㅣ건강꿀팁, 활력, 염증타파",국내 메디컬 인접 계정,한국,14.2만,981,,26500,179000,,,웰니스·이너뷰티·영양제·염증관리,,있음,김주성·오약·선영,B,실계정,,2026-08-09T03:08:10+09:00,Dbx98U5SvKG,2026-08-12T04:11:27+09:00,E1 공개 웹 후보·Instagram 직접 확인,0,,"공개 프로필에서 건강·에너지·이노시톨·글루타치온·리버클렌즈 상품 소개를 확인했으나 약사 직함이 없어 인접 계정으로 분류; 게시물 본문은 별도 검토 대기 | 2026-08-05 최근12 관측: 조회수 12/12, 공개 좋아요 0/12 | 2026-08-06 최근12 관측 완료; 조회수·중앙값·최고조회수 미기록: 공개 조회수 미노출 | 최근30일게시수 미확인: 최근 12개가 모두 30일 안에 있어 전체 개수를 확정할 수 없음 | 평소좋아요율 미확인: 콘텐츠 원장에 계정평소좋아요율 원값 없음 | 2026-08-09T03:08:10+09:00 로그인 read-only /reels/ 직접 확인: 릴스 12개 조회수 표시값 7880·1.1만·5만·10.9만·1.4만·3.6만·1.8만·5.4만·17.9만·2.3만·3만·1.3만를 숫자 7880·11000·50000·109000·14000·36000·18000·54000·179000·23000·30000·13000로 기록. 최근12 중앙값 26500, 최고조회수 179000, 프로필 게시물 981 반영. 최근30일게시수·평소좋아요율·최근20개중광고수는 미확인으로 유지."
somda.park,다니맘 · 박다솜,국내 메디컬 인접 계정,,2만,406,11,32500,2529000,,,임신·육아·수면·여성건강·공구,,있음,공용,B,실계정,,2026-08-06T00:11:22.094Z,DbYe2T1AWoR,2026-09-05T09:11:22.094+09:00,E1 공개 웹 후보·Instagram 직접 확인,0,,"2026-08-05 최근12 관측: 조회수 12/12, 공개 좋아요 0/12 | 2026-08-06 최근12 관측 완료; 조회수·중앙값·최고조회수 미기록: 공개 조회수 미노출 | 평소좋아요율 미확인: 콘텐츠 원장에 계정평소좋아요율 원값 없음; 릴스 없음 큐 정리(2026-08-06): QUEUE.csv 정확한 보류사유 확인 후 완료 처리. 재방문예정일을 마지막 정면채굴일시+30일로 설정"
mariababy_official,마리아병원,국내 메디컬 인접 계정,,5056,282,10,8243,24000,,,난임·임신·출산·여성건강·병원,,있음,공용,B,실계정,,2026-08-06T00:27:06.777Z,DB8NgQ6Su56,2026-09-05T09:27:06.777+09:00,E1 공개 웹 후보·Instagram 직접 확인,0,,"2026-08-05 최근12 관측: 조회수 12/12, 공개 좋아요 0/12 | 2026-08-06 최근12 관측 완료; 조회수·중앙값·최고조회수 미기록: 공개 조회수 미노출 | 평소좋아요율 미확인: 콘텐츠 원장에 계정평소좋아요율 원값 없음; 릴스 없음 큐 정리(2026-08-06): QUEUE.csv 정확한 보류사유 확인 후 완료 처리. 재방문예정일을 마지막 정면채굴일시+30일로 설정"
loveplan__,러브플랜,국내 메디컬 인접 계정,,5215,337,,170.5,411000,,,성건강·피임·임신·출산·상담·공공기관,,있음,공용,B,실계정,,2026-08-06T00:24:46.981Z,C7LgNoqSP32,2026-09-05T09:24:46.981+09:00,E1 공개 웹 후보·Instagram 직접 확인,0,,"2026-08-05 최근12 관측: 조회수 12/12, 공개 좋아요 0/12 | 2026-08-06 최근12 관측 완료; 조회수·중앙값·최고조회수 미기록: 공개 조회수 미노출 | 최근30일게시수 미확인: 최근 12개 원문이 완전하지 않음 | 평소좋아요율 미확인: 콘텐츠 원장에 계정평소좋아요율 원값 없음; 릴스 없음 큐 정리(2026-08-06): QUEUE.csv 정확한 보류사유 확인 후 완료 처리. 재방문예정일을 마지막 정면채굴일시+30일로 설정"
presolar_official,프리솔라 PRESOLAR,국내 메디컬 인접 계정,,1748,268,,,,,,여성건강·임신·수유·건강기능식품·약사설계,,있음,공용,B,실계정,,2026-08-06T00:34:35.514Z,DbDCYDWEY2B,2026-09-05T09:34:35.514+09:00,E1 공개 웹 후보·Instagram 직접 확인,0,,"2026-08-05 최근12 관측: 공개 릴스 0/12만 확인, 중앙값·최고조회수 미기록 사유: 공개 프로필 릴스 0건만 노출 | 2026-08-06 최근12 관측 완료; 조회수·중앙값·최고조회수 미기록: 공개 조회수 미노출 | 최근30일게시수 미확인: 최근 12개 원문이 완전하지 않음 | 평소좋아요율 미확인: 콘텐츠 원장에 계정평소좋아요율 원값 없음; 릴스 없음 큐 정리(2026-08-06): QUEUE.csv 정확한 보류사유 확인 후 완료 처리. 재방문예정일을 마지막 정면채굴일시+30일로 설정"
mango._.baby,예비 엄마 임신 준비 일기,국내 메디컬 인접 계정,,561,30,,,,,,임신준비·임신·예비엄마·정보공유,,있음,공용,B,실계정,,2026-08-06T00:43:32.869Z,Dbhf6hFzCXV,2026-08-12T01:13:59+09:00,E1 공개 웹 후보·Instagram 직접 확인,0,,"2026-08-05 최근12 관측: 공개 릴스 6/12만 확인, 중앙값·최고조회수 미기록 사유: 공개 프로필 릴스 6건만 노출 | 2026-08-06 최근12 관측 완료; 조회수·중앙값·최고조회수 미기록: 공개 조회수 미노출 | 최근30일게시수 미확인: 최근 12개 원문이 완전하지 않음 | 평소좋아요율 미확인: 콘텐츠 원장에 계정평소좋아요율 원값 없음"
dr.jungsodam,정소담,국내 메디컬 인접 계정,,11.8만,6767,,8861,983000,,,건강·뷰티·스킨케어·이너뷰티·의사,,있음,공용,B,실계정,,2026-08-06T00:05:22.194Z,DbqQv4OEyUV,2026-09-05T09:05:22.194+09:00,E1 공개 웹 후보·Instagram 직접 확인,0,,"2026-08-05 최근12 관측: 조회수 12/12, 공개 좋아요 0/12 | 2026-08-06 최근12 관측 완료; 조회수·중앙값·최고조회수 미기록: 공개 조회수 미노출 | 최근30일게시수 미확인: 최근 12개가 모두 30일 안에 있어 전체 개수를 확정할 수 없음 | 평소좋아요율 미확인: 콘텐츠 원장에 계정평소좋아요율 원값 없음; 릴스 없음 큐 정리(2026-08-06): QUEUE.csv 정확한 보류사유 확인 후 완료 처리. 재방문예정일을 마지막 정면채굴일시+30일로 설정"
mypill_inc,마이필,국내 메디컬 인접 계정,,1367,296,,256,524,,,맞춤영양·임산부·건강관리·헬스케어,,있음,공용,B,실계정,,2026-08-05T17:36:19.178Z,DV7tjf-CbHo,2026-09-05T02:36:19.178+09:00,E1 공개 웹 후보·Instagram 직접 확인,0,,"2026-08-05 최근12 관측: 공개 릴스 12/12 확인, 공개 좋아요 미노출로 평소좋아요율 미기록 | 최근30일게시수 미확인: 최근 12개 원문이 완전하지 않음 | 평소좋아요율 미확인: 콘텐츠 원장에 계정평소좋아요율 원값 없음; 릴스 없음 큐 정리(2026-08-06): QUEUE.csv 정확한 보류사유 확인 후 완료 처리. 재방문예정일을 마지막 정면채굴일시+30일로 설정"
timepharm,염혜진약사|타임팜|인생약사,국내 약사 인플루언서,,5112,1360,9,10922,3117000,,,약학·영양제·건강수명·장수식사,,있음,김주성·오약·선영·공용,B,실계정,,2026-08-05T23:50:45.958Z,DUkUfsyEVRS,2026-09-05T08:50:45.958+09:00,E1 공개 웹 후보·Instagram 직접 확인,0,,"2026-08-05 최근12 관측: 조회수 12/12, 공개 좋아요 0/12 | 2026-08-05 최근12 관측 완료; 조회수·중앙값·최고조회수 미기록: 공개 조회수 미노출 | 평소좋아요율 미확인: 콘텐츠 원장에 계정평소좋아요율 원값 없음; 릴스 없음 큐 정리(2026-08-06): QUEUE.csv 정확한 보류사유 확인 후 완료 처리. 재방문예정일을 마지막 정면채굴일시+30일로 설정"
jay_yaksa,제이약사 ㅣ 전종열,국내 약사 인플루언서,,5.1만,89,10,,,,,약학·영양제·화장품·상담,,있음,김주성·오약·선영·공용,B,실계정,,2026-08-05T23:39:20.281Z,DYObLfVT5iS,2026-09-05T08:39:20.281+09:00,E1 공개 웹 후보·Instagram 직접 확인,0,,2026-08-05 최근12 관측 완료; 조회수·중앙값·최고조회수 미기록: 공개 조회수 미노출 | 평소좋아요율 미확인: 콘텐츠 원장에 계정평소좋아요율 원값 없음; 릴스 없음 큐 정리(2026-08-06): QUEUE.csv 정확한 보류사유 확인 후 완료 처리. 재방문예정일을 마지막 정면채굴일시+30일로 설정
kpanet_official,대한약사회,국내 메디컬 인접 계정,,3110,172,,4174,39000,,,약사공공기관·공공심야약국·휴일지킴이약국·건강정보,,있음,공용,B,실계정,,2026-08-06T00:30:15.933Z,DbrToSxhoP1,2026-09-05T09:30:15.933+09:00,E1 공개 웹 후보·Instagram 직접 확인,0,,"2026-08-05 최근12 관측: 조회수 12/12, 공개 좋아요 0/12 | 2026-08-06 최근12 관측 완료; 조회수·중앙값·최고조회수 미기록: 공개 조회수 미노출 | 최근30일게시수 미확인: 최근 12개가 모두 30일 안에 있어 전체 개수를 확정할 수 없음 | 평소좋아요율 미확인: 콘텐츠 원장에 계정평소좋아요율 원값 없음; 릴스 없음 큐 정리(2026-08-06): QUEUE.csv 정확한 보류사유 확인 후 완료 처리. 재방문예정일을 마지막 정면채굴일시+30일로 설정"
yak_father,아빠약사 | 아이영양정보 & 육아정보 | 고운현,국내 약사 인플루언서,,5.3만,193,10,,,,,어린이영양·육아·약정보·수면·면역,,있음,김주성·오약·선영·공용,B,실계정,,2026-08-05T23:39:20.281Z,Dbk8iIpgTw0,2026-09-05T08:39:20.281+09:00,E1 공개 웹 후보·Instagram 직접 확인,0,,2026-08-05 최근12 관측 완료; 조회수·중앙값·최고조회수 미기록: 공개 조회수 미노출 | 평소좋아요율 미확인: 콘텐츠 원장에 계정평소좋아요율 원값 없음; 릴스 없음 큐 정리(2026-08-06): QUEUE.csv 정확한 보류사유 확인 후 완료 처리. 재방문예정일을 마지막 정면채굴일시+30일로 설정
icmcseoul,가톨릭대학교 서울성모병원,국내 메디컬 인접 계정,,6312,2045,,1160,2182,,,병원·건강정보·영양·서울성모병원,,있음,공용,B,실계정,,2026-08-06T00:17:50.821Z,Dboz2_ID671,2026-09-05T09:17:50.821+09:00,E1 공개 웹 후보·Instagram 직접 확인,0,,"2026-08-05 최근12 관측: 조회수 12/12, 공개 좋아요 0/12 | 2026-08-06 최근12 관측 완료; 조회수·중앙값·최고조회수 미기록: 공개 조회수 미노출 | 최근30일게시수 미확인: 최근 12개 원문이 완전하지 않음 | 평소좋아요율 미확인: 콘텐츠 원장에 계정평소좋아요율 원값 없음; 릴스 없음 큐 정리(2026-08-06): QUEUE.csv 정확한 보류사유 확인 후 완료 처리. 재방문예정일을 마지막 정면채굴일시+30일로 설정"
ez_yaksa,이지부부약사,국내 약사 인플루언서,,500,24,,578,4563,,,의료·건강정보·약국·가족건강,,있음,김주성·오약·선영·공용,B,실계정,,2026-08-05T23:54:15.819Z,DViUCONk6RE,2026-09-05T08:54:15.819+09:00,E1 공개 웹 후보·Instagram 직접 확인,0,,"2026-08-05 최근12 관측: 조회수 12/12, 공개 좋아요 0/12 | 2026-08-05 최근12 관측 완료; 조회수·중앙값·최고조회수 미기록: 공개 조회수 미노출 | 최근30일게시수 미확인: 최근 12개 원문이 완전하지 않음 | 평소좋아요율 미확인: 콘텐츠 원장에 계정평소좋아요율 원값 없음; 릴스 없음 큐 정리(2026-08-06): QUEUE.csv 정확한 보류사유 확인 후 완료 처리. 재방문예정일을 마지막 정면채굴일시+30일로 설정"
papas.promise,아빠의 약속,국내 메디컬 인접 계정,,240,16,,354,1033,,,키즈웰니스·어린이건강·약사브랜드·육아,,있음,공용,B,실계정,,2026-08-05T18:05:40.158Z,DbpImZ1xGG-,2026-08-12T01:39:56+09:00,E1 공개 웹 후보·Instagram 직접 확인,0,,"2026-08-05 최근12 관측: 공개 릴스 12/12 확인, 공개 좋아요 미노출로 평소좋아요율 미기록 | 최근30일게시수 미확인: 최근 12개 원문이 완전하지 않음 | 평소좋아요율 미확인: 콘텐츠 원장에 계정평소좋아요율 원값 없음"
alpaca_yaksa,알파카약사 | 윤유현 | 영양제·건강 상담,국내 약사 인플루언서,,6.1만,374,10,13500,6780000,,,약학·영양제·건강상담·엄마건강·공구,,있음,김주성·오약·선영·공용,B,실계정,,2026-08-05T23:37:20.362Z,DOnwstoEo0O,2026-09-05T08:37:20.362+09:00,E1 공개 웹 후보·Instagram 직접 확인,0,,"2026-08-05 최근12 관측: 조회수 12/12, 공개 좋아요 0/12 | 2026-08-05 최근12 관측 완료; 조회수·중앙값·최고조회수 미기록: 공개 조회수 미노출 | 평소좋아요율 미확인: 콘텐츠 원장에 계정평소좋아요율 원값 없음; 릴스 없음 큐 정리(2026-08-06): QUEUE.csv 정확한 보류사유 확인 후 완료 처리. 재방문예정일을 마지막 정면채굴일시+30일로 설정"
nutrii_official,뉴트리아이,국내 메디컬 인접 계정,,612,753,9,,,,,어린이영양·건기식·약국브랜드·영양제,,있음,공용,B,실계정,,2026-08-09T03:31:59+09:00,DNp-gBVS1gw,2026-08-12T01:39:56+09:00,E1 공개 웹 후보·Instagram 직접 확인,0,,"2026-08-05 최근12 관측: 공개 릴스 8/12만 확인, 중앙값·최고조회수 미기록 사유: 공개 프로필 릴스 8건만 노출 | 2026-08-06 최근12 관측 완료; 조회수·중앙값·최고조회수 미기록: 공개 조회수 미노출 | 평소좋아요율 미확인: 콘텐츠 원장에 계정평소좋아요율 원값 없음 | 2026-08-09 로그인 read-only 재확인: 프로필 게시물 753, 팔로워 612, 팔로우 3. bio에 약국에서 만나는 맛있는 영양제와 link.inpock.co.kr/nutri.i 링크, 2025년 9-10월부터 2024년 7월까지 리뷰 하이라이트가 노출됨. /reels/ 탭에는 새 릴스·조회수가 노출되지 않아 최근12 중앙값·최고조회수는 공란 유지. 최근30일 게시수·좋아요율·콘텐츠별 광고여부는 기존 미확인 상태 유지."
ourpharm_official,아워팜 Ourpharm.,국내 메디컬 인접 계정,,2640,30,,,,,,약국·건강기능식품·제약회사·원료·기능성,,있음,공용,B,실계정,,2026-08-06T00:31:14.225Z,DamnJyoGsHm,2026-09-05T09:31:14.225+09:00,E1 공개 웹 후보·Instagram 직접 확인,0,,"2026-08-05 최근12 관측: 공개 릴스 8/12만 확인, 중앙값·최고조회수 미기록 사유: 공개 프로필 릴스 8건만 노출 | 2026-08-06 최근12 관측 완료; 조회수·중앙값·최고조회수 미기록: 공개 조회수 미노출 | 최근30일게시수 미확인: 최근 12개 원문이 완전하지 않음 | 평소좋아요율 미확인: 콘텐츠 원장에 계정평소좋아요율 원값 없음; 릴스 없음 큐 정리(2026-08-06): QUEUE.csv 정확한 보류사유 확인 후 완료 처리. 재방문예정일을 마지막 정면채굴일시+30일로 설정"
dana_pharmacy_,평택시약사 / 평택다나약국,국내 메디컬 인접 계정,,447,211,0,1221.5,734000,,,약국·지역건강·복약지도·지역의료,,있음,공용,B,실계정,,2026-08-06T00:45:56.465Z,CvH0muHsXkf,2026-08-12T01:43:04+09:00,E1 공개 웹 후보·Instagram 직접 확인,0,,"2026-08-05 최근12 관측: 공개 릴스 12/12 확인, 공개 좋아요 미노출로 평소좋아요율 미기록 | 2026-08-06 최근12 관측 완료; 조회수·중앙값·최고조회수 미기록: 공개 조회수 미노출 | 평소좋아요율 미확인: 콘텐츠 원장에 계정평소좋아요율 원값 없음"
bebememo_kr,베베메모,국내 메디컬 인접 계정,,3.4만,483,11,7903,16000,,,영유아·육아·배변훈련·가족건강·앱,,있음,공용,B,실계정,,2026-08-06T00:08:20.743Z,DbnZ2X1khOT,2026-09-05T09:08:20.743+09:00,E1 공개 웹 후보·Instagram 직접 확인,0,,"2026-08-05 최근12 관측: 조회수 12/12, 공개 좋아요 0/12 | 2026-08-06 최근12 관측 완료; 조회수·중앙값·최고조회수 미기록: 공개 조회수 미노출 | 평소좋아요율 미확인: 콘텐츠 원장에 계정평소좋아요율 원값 없음; 릴스 없음 큐 정리(2026-08-06): QUEUE.csv 정확한 보류사유 확인 후 완료 처리. 재방문예정일을 마지막 정면채굴일시+30일로 설정"
heimish__h_,헤이미쉬에이치_H언니의 선물템들,국내 메디컬 인접 계정,,3835,1124,,4951,156000,,,건강·육아·공구·생활용품·영양제,,있음,공용,B,실계정,,2026-08-06T00:28:11.851Z,Dbk5ZYooIcp,2026-09-05T09:28:11.851+09:00,E1 공개 웹 후보·Instagram 직접 확인,0,,"2026-08-05 최근12 관측: 조회수 12/12, 공개 좋아요 0/12 | 2026-08-06 최근12 관측 완료; 조회수·중앙값·최고조회수 미기록: 공개 조회수 미노출 | 최근30일게시수 미확인: 최근 12개 원문이 완전하지 않음 | 평소좋아요율 미확인: 콘텐츠 원장에 계정평소좋아요율 원값 없음; 릴스 없음 큐 정리(2026-08-06): QUEUE.csv 정확한 보류사유 확인 후 완료 처리. 재방문예정일을 마지막 정면채굴일시+30일로 설정"
time4pharm,약먹을시간,국내 약사 인플루언서,,2838,388,0,2584,5082,,,약정보·건강·약사듀오·복약상담,,있음,김주성·오약·선영·공용,B,실계정,,2026-08-05T23:50:45.958Z,C32Bj6srdMP,2026-09-05T08:50:45.958+09:00,E1 공개 웹 후보·Instagram 직접 확인,0,,"2026-08-05 최근12 관측: 조회수 12/12, 공개 좋아요 0/12 | 2026-08-05 최근12 관측 완료; 조회수·중앙값·최고조회수 미기록: 공개 조회수 미노출 | 평소좋아요율 미확인: 콘텐츠 원장에 계정평소좋아요율 원값 없음; 릴스 없음 큐 정리(2026-08-06): QUEUE.csv 정확한 보류사유 확인 후 완료 처리. 재방문예정일을 마지막 정면채굴일시+30일로 설정"
official_naproud,naproud 나프라우드,국내 메디컬 인접 계정,,258,61,,135.5,190,,,건강정보·어린이건강·피부·성분표·가족건강,,있음,공용,B,실계정,,2026-08-05T18:05:40.158Z,Dbp2sSMxYG6,2026-08-12T01:51:33+09:00,E1 공개 웹 후보·Instagram 직접 확인,0,,"2026-08-05 최근12 관측: 공개 릴스 12/12 확인, 공개 좋아요 미노출로 평소좋아요율 미기록 | 최근30일게시수 미확인: 최근 12개 원문이 완전하지 않음 | 평소좋아요율 미확인: 콘텐츠 원장에 계정평소좋아요율 원값 없음"
yakdangdang,약당당 | 약사 이현정,국내 약사 인플루언서,,10.9만,611,,46000,111000,,,피부·이너뷰티·영양제·약사,,있음,김주성·오약·선영,B,실계정,,2026-08-08T14:18:59+09:00,DbvN0kcJv0v,2026-09-07T14:18:59+09:00,E1 공개 웹 후보·Instagram 직접 확인,0,,"2026-08-05 최근12 관측 완료; 조회수·중앙값·최고조회수 미기록: 공개 조회수 미노출 | 최근30일게시수 미확인: 최근 12개 원문이 완전하지 않음 | 평소좋아요율 미확인: 콘텐츠 원장에 계정평소좋아요율 원값 없음; 릴스 없음 큐 정리(2026-08-06): QUEUE.csv 정확한 보류사유 확인 후 완료 처리. 재방문예정일을 마지막 정면채굴일시+30일로 설정 | 2026-08-08 logged-in read-only recent12: 12/12 reel views; median 46000; max 111000; no pinned tile indicator exposed; recent30 post count, usual-like rate, and recent20 ad count unresolved."
gunginam_tv,건기남,국내 메디컬 인접 계정,,2.6만,283,9,11723.5,223000,,,건강기능식품·영양제·의학영양·제조·유통,,있음,공용,B,실계정,,2026-08-06T00:11:22.094Z,DY_4y8hvZYd,2026-09-05T09:11:22.094+09:00,E1 공개 웹 후보·Instagram 직접 확인,0,,"2026-08-05 최근12 관측: 조회수 12/12, 공개 좋아요 0/12 | 2026-08-06 최근12 관측 완료; 조회수·중앙값·최고조회수 미기록: 공개 조회수 미노출 | 평소좋아요율 미확인: 콘텐츠 원장에 계정평소좋아요율 원값 없음; 릴스 없음 큐 정리(2026-08-06): QUEUE.csv 정확한 보류사유 확인 후 완료 처리. 재방문예정일을 마지막 정면채굴일시+30일로 설정"
jaedol_yaksa,재돌약사 이재연 | 제대로 돌아가는 건강루틴✨,국내 약사 인플루언서,,1.9만,344,,,,,,임신·출산·영양제·여성건강·혈당·웰에이징,,있음,김주성·오약·선영,B,실계정,,2026-08-05T23:44:09.321Z,DbZm0r7pzuF,2026-09-05T08:44:09.321+09:00,E1 공개 웹 후보·Instagram 직접 확인,0,,2026-08-05 최근12 관측 완료; 조회수·중앙값·최고조회수 미기록: 공개 조회수 미노출 | 최근30일게시수 미확인: 최근 12개가 모두 30일 안에 있어 전체 개수를 확정할 수 없음 | 평소좋아요율 미확인: 콘텐츠 원장에 계정평소좋아요율 원값 없음; 릴스 없음 큐 정리(2026-08-06): QUEUE.csv 정확한 보류사유 확인 후 완료 처리. 재방문예정일을 마지막 정면채굴일시+30일로 설정
yeogi_yaksa,여기약사 박현지 | 여성건강·임신준비·노산·난임,국내 약사 인플루언서,한국,7309,119,8,29000,198000,,,여성건강·임신준비·난임·임산부영양제·약국,,있음,김주성·오약·선영,B,실계정,,2026-08-05T23:48:02.549Z,DZKPfXno3RA,2026-08-12T04:20:28+09:00,E1 공개 웹 후보·Instagram 직접 확인,0,,"공개 프로필에서 인증·연세대 출신 약사·여성병원 옆 약사와 여성건강·임신준비 소개·관련 하이라이트를 확인; 게시물 본문은 별도 검토 대기 | 2026-08-05 최근12 관측: 조회수 12/12, 공개 좋아요 0/12 | 2026-08-05 최근12 관측 완료; 조회수·중앙값·최고조회수 미기록: 공개 조회수 미노출 | 평소좋아요율 미확인: 콘텐츠 원장에 계정평소좋아요율 원값 없음"
ummayaksa,엄마약사,국내 약사 인플루언서,,1537,780,1,945,1635,,,어린이건강·여성건강·임산부상담·약사모임,,있음,김주성·오약·선영,B,실계정,,2026-08-05T23:50:45.958Z,DbVQx11D-2x,2026-09-05T08:50:45.958+09:00,E1 공개 웹 후보·Instagram 직접 확인,0,,"2026-08-05 최근12 관측: 조회수 12/12, 공개 좋아요 0/12 | 2026-08-05 최근12 관측 완료; 조회수·중앙값·최고조회수 미기록: 공개 조회수 미노출 | 평소좋아요율 미확인: 콘텐츠 원장에 계정평소좋아요율 원값 없음; 릴스 없음 큐 정리(2026-08-06): QUEUE.csv 정확한 보류사유 확인 후 완료 처리. 재방문예정일을 마지막 정면채굴일시+30일로 설정"
miyu_pharm,비행약사,국내 약사 인플루언서,,1531,34,9,5269.5,155000,,,여행·일상·자기관리·약국·영양제,,없음,김주성·오약·선영,B,실계정,,2026-08-05T23:50:45.958Z,DbnD6r7Ce-j,2026-08-12T02:04:19+09:00,E1 공개 웹 후보·Instagram 직접 확인,0,,"2026-08-05 최근12 관측: 조회수 12/12, 공개 좋아요 0/12 | 2026-08-05 최근12 관측 완료; 조회수·중앙값·최고조회수 미기록: 공개 조회수 미노출 | 평소좋아요율 미확인: 콘텐츠 원장에 계정평소좋아요율 원값 없음"
yakin_magazine,yakin_magazine,국내 메디컬 인접 계정,,1430,151,11,534,589000,,,건강·영양제·디지털 콘텐츠,,있음,공용,B,실계정,,2026-08-06T00:36:40.337Z,DVqcz5YFO_f,2026-09-05T09:36:40.337+09:00,E1 공개 웹 후보·Instagram 직접 확인,0,,"2026-08-05 최근12 관측: 공개 릴스 12/12 확인, 공개 좋아요 미노출로 평소좋아요율 미기록 | 2026-08-06 최근12 관측 완료; 조회수·중앙값·최고조회수 미기록: 공개 조회수 미노출 | 평소좋아요율 미확인: 콘텐츠 원장에 계정평소좋아요율 원값 없음; 릴스 없음 큐 정리(2026-08-06): QUEUE.csv 정확한 보류사유 확인 후 완료 처리. 재방문예정일을 마지막 정면채굴일시+30일로 설정"
dongne__yaksa,동네약사 김학용,국내 약사 인플루언서,,5.6만,169,,,,,,혈당·염증·다이어트·직장인 건강관리·약국,,있음,김주성·오약·선영,B,실계정,,2026-08-05T23:39:20.281Z,DbpgwBwIEVd,2026-09-05T08:39:20.281+09:00,E1 공개 웹 후보·Instagram 직접 확인,0,,2026-08-05 최근12 관측 완료; 조회수·중앙값·최고조회수 미기록: 공개 조회수 미노출 | 최근30일게시수 미확인: 최근 12개가 모두 30일 안에 있어 전체 개수를 확정할 수 없음 | 평소좋아요율 미확인: 콘텐츠 원장에 계정평소좋아요율 원값 없음; 릴스 없음 큐 정리(2026-08-06): QUEUE.csv 정확한 보류사유 확인 후 완료 처리. 재방문예정일을 마지막 정면채굴일시+30일로 설정
__kang.yaksa,강약사 • Pharmacist • 강정이,국내 약사 인플루언서,,5.7만,1148,8,,,,,영양제·여성건강·다이어트·혈당·웰니스,,있음,김주성·오약·선영,B,실계정,,2026-08-05T23:39:20.281Z,DWP-iDxE-NN,2026-09-05T08:39:20.281+09:00,E1 공개 웹 후보·Instagram 직접 확인,0,,2026-08-05 최근12 관측 완료; 조회수·중앙값·최고조회수 미기록: 공개 조회수 미노출 | 평소좋아요율 미확인: 콘텐츠 원장에 계정평소좋아요율 원값 없음; 릴스 없음 큐 정리(2026-08-06): QUEUE.csv 정확한 보류사유 확인 후 완료 처리. 재방문예정일을 마지막 정면채굴일시+30일로 설정
sonyaksa_lab,손약사의 건강연구소 I 약사 손민수,국내 약사 인플루언서,,2.5만,113,9,,,,,만성염증·혈당·소화·피부·여성건강·수면,,있음,김주성·오약·선영,B,실계정,,2026-08-05T23:44:09.321Z,DVYjouwE8Rm,2026-09-05T08:44:09.321+09:00,E1 공개 웹 후보·Instagram 직접 확인,0,,2026-08-05 최근12 관측 완료; 조회수·중앙값·최고조회수 미기록: 공개 조회수 미노출 | 평소좋아요율 미확인: 콘텐츠 원장에 계정평소좋아요율 원값 없음; 릴스 없음 큐 정리(2026-08-06): QUEUE.csv 정확한 보류사유 확인 후 완료 처리. 재방문예정일을 마지막 정면채굴일시+30일로 설정
thefitpharmacist,The Fit Pharmacist | GYM | Supplements | Nutrition,해외 약사 인플루언서,,15,71,10,,,,,피트니스·영양·보충제·약사+영양사,,,공용,B,실계정,,2026-08-06T01:09:44.337Z,DboHYKsyTIh,2026-09-05T10:09:44.337+09:00,E1 공개 웹 후보·Instagram 직접 확인,0,,"2026-08-05 최근12 관측: 공개 릴스 4/12만 확인, 중앙값·최고조회수 미기록 사유: 공개 프로필 릴스 4건만 노출 | 2026-08-06 최근12 관측 완료; 조회수·중앙값·최고조회수 미기록: 공개 조회수 미노출 | 평소좋아요율 미확인: 콘텐츠 원장에 계정평소좋아요율 원값 없음; 릴스 없음 큐 정리(2026-08-06): QUEUE.csv 정확한 보류사유 확인 후 완료 처리. 재방문예정일을 마지막 정면채굴일시+30일로 설정"
thefulfilledpharmacist,Lisa Anne King,해외 약사 인플루언서,,2.5만,2479,,5728.5,484000,,,여성건강·폐경·약사·웰니스,,있음,공용,B,실계정,,2026-08-06T01:06:49.612Z,DUW8GzTCUix,2026-09-05T10:06:49.612+09:00,E1 공개 웹 후보·Instagram 직접 확인,0,,"2026-08-05 최근12 관측: 공개 릴스 12/12 확인, 공개 좋아요 미노출로 평소좋아요율 미기록 | 2026-08-06 최근12 관측 완료; 조회수·중앙값·최고조회수 미기록: 공개 조회수 미노출 | 최근30일게시수 미확인: 최근 12개 원문이 완전하지 않음 | 평소좋아요율 미확인: 콘텐츠 원장에 계정평소좋아요율 원값 없음; 릴스 없음 큐 정리(2026-08-06): QUEUE.csv 정확한 보류사유 확인 후 완료 처리. 재방문예정일을 마지막 정면채굴일시+30일로 설정"
pharmacist.jen,Pharmacist Jen,해외 약사 인플루언서,,78,24,,324.5,3682,,,스킨케어·웰니스·온라인 약사상담,,있음,공용,B,실계정,,2026-08-05T18:49:54.459Z,DbmBKMJoeAm,2026-09-05T03:49:54.459+09:00,E1 공개 웹 후보·Instagram 직접 확인,0,,"2026-08-05 최근12 관측: 공개 릴스 12/12 확인, 공개 좋아요 미노출로 평소좋아요율 미기록 | 최근30일게시수 미확인: 최근 12개 원문이 완전하지 않음 | 평소좋아요율 미확인: 콘텐츠 원장에 계정평소좋아요율 원값 없음; 릴스 없음 큐 정리(2026-08-06): QUEUE.csv 정확한 보류사유 확인 후 완료 처리. 재방문예정일을 마지막 정면채굴일시+30일로 설정"
cho_yak,"쪼약사, 조수진",국내 약사 인플루언서,,4.9만,364,,,,,,소아건강·여성건강·탈모·피부·약국,,있음,김주성·오약·선영,B,실계정,,2026-08-05T23:39:20.281Z,DbeqA04GHBO,2026-09-05T08:39:20.281+09:00,E1 공개 웹 후보·Instagram 직접 확인,0,,2026-08-05 최근12 관측 완료; 조회수·중앙값·최고조회수 미기록: 공개 조회수 미노출 | 최근30일게시수 미확인: 최근 12개가 모두 30일 안에 있어 전체 개수를 확정할 수 없음 | 평소좋아요율 미확인: 콘텐츠 원장에 계정평소좋아요율 원값 없음; 릴스 없음 큐 정리(2026-08-06): QUEUE.csv 정확한 보류사유 확인 후 완료 처리. 재방문예정일을 마지막 정면채굴일시+30일로 설정
time_yaksa,타임약사ㅣ최준혁,국내 약사 인플루언서,,1.9만,134,,,,,,복약지도·영양제·소화·탈모·약국,,있음,김주성·오약·선영,B,실계정,,2026-08-05T23:48:02.549Z,DbpKTPXRA2K,2026-09-05T08:48:02.549+09:00,E1 공개 웹 후보·Instagram 직접 확인,0,,2026-08-05 최근12 관측 완료; 조회수·중앙값·최고조회수 미기록: 공개 조회수 미노출 | 최근30일게시수 미확인: 최근 12개가 모두 30일 안에 있어 전체 개수를 확정할 수 없음 | 평소좋아요율 미확인: 콘텐츠 원장에 계정평소좋아요율 원값 없음; 릴스 없음 큐 정리(2026-08-06): QUEUE.csv 정확한 보류사유 확인 후 완료 처리. 재방문예정일을 마지막 정면채굴일시+30일로 설정
kkumyak,약사 | 이동섭,국내 약사 인플루언서,,8.9만,300,,36500,305000,,,약·영양제·피부·여성건강·소화,,있음,김주성·오약·선영,B,실계정,,2026-08-05T15:20:10.020Z,DLw4wbdyvwG,2026-09-05T00:20:10.020+09:00,E1 공개 웹 후보·Instagram 직접 확인,0,,"2026-08-05 최근12 관측: 조회수 12/12, 공개 좋아요 0/12 | 최근30일게시수 미확인: 최근 12개 원문이 완전하지 않음 | 평소좋아요율 미확인: 콘텐츠 원장에 계정평소좋아요율 원값 없음; 릴스 없음 큐 정리(2026-08-06): QUEUE.csv 정확한 보류사유 확인 후 완료 처리. 재방문예정일을 마지막 정면채굴일시+30일로 설정"
dr.hair_lee,압구정 헤어닥터 이건민,국내 메디컬 인접 계정,,2.1만,256,,23000,2419000,,,탈모·피부과·모발이식·두피,,있음,김주성·오약·선영,B,실계정,,2026-08-06T00:11:22.094Z,Dbp4M57ByHq,2026-09-05T09:11:22.094+09:00,E1 공개 웹 후보·Instagram 직접 확인,0,,"2026-08-05 최근12 관측: 조회수 12/12, 공개 좋아요 0/12 | 2026-08-06 최근12 관측 완료; 조회수·중앙값·최고조회수 미기록: 공개 조회수 미노출 | 최근30일게시수 미확인: 최근 12개가 모두 30일 안에 있어 전체 개수를 확정할 수 없음 | 평소좋아요율 미확인: 콘텐츠 원장에 계정평소좋아요율 원값 없음; 릴스 없음 큐 정리(2026-08-06): QUEUE.csv 정확한 보류사유 확인 후 완료 처리. 재방문예정일을 마지막 정면채굴일시+30일로 설정"
doctor_hwany,이동환,국내 메디컬 인접 계정,,3.2만,477,10,5463.5,320000,,,기능의학·항노화·영양·비만·건강,,있음,김주성·오약·선영,B,실계정,,2026-08-06T00:08:20.743Z,Dbj13MTkhY4,2026-09-05T09:08:20.743+09:00,E1 공개 웹 후보·Instagram 직접 확인,0,,"2026-08-05 최근12 관측: 조회수 12/12, 공개 좋아요 0/12 | 2026-08-06 최근12 관측 완료; 조회수·중앙값·최고조회수 미기록: 공개 조회수 미노출 | 평소좋아요율 미확인: 콘텐츠 원장에 계정평소좋아요율 원값 없음; 릴스 없음 큐 정리(2026-08-06): QUEUE.csv 정확한 보류사유 확인 후 완료 처리. 재방문예정일을 마지막 정면채굴일시+30일로 설정"
onda_pharmacist,온다약사,국내 약사 인플루언서,,1.3만,221,9,,,,,해독·순환·뷰티·영양제·약국,,있음,김주성·오약·선영,B,실계정,,2026-08-05T23:48:02.549Z,DVsHMOaD5Cv,2026-09-05T08:48:02.549+09:00,E1 공개 웹 후보·Instagram 직접 확인,0,,2026-08-05 최근12 관측 완료; 조회수·중앙값·최고조회수 미기록: 공개 조회수 미노출 | 평소좋아요율 미확인: 콘텐츠 원장에 계정평소좋아요율 원값 없음; 릴스 없음 큐 정리(2026-08-06): QUEUE.csv 정확한 보류사유 확인 후 완료 처리. 재방문예정일을 마지막 정면채굴일시+30일로 설정
zeroderma_official,강남역피부과 | 피부과전문의 | 제로피부과의원,국내 메디컬 인접 계정,,1825,173,11,4161,231000,,,피부과·여드름·피부시술·진료,,있음,김주성·오약·선영,B,실계정,,2026-08-06T00:34:35.514Z,DbXZ-lak9QT,2026-09-05T09:34:35.514+09:00,E1 공개 웹 후보·Instagram 직접 확인,0,,"2026-08-05 최근12 관측: 공개 릴스 12/12 확인, 공개 좋아요 미노출로 평소좋아요율 미기록 | 2026-08-06 최근12 관측 완료; 조회수·중앙값·최고조회수 미기록: 공개 조회수 미노출 | 평소좋아요율 미확인: 콘텐츠 원장에 계정평소좋아요율 원값 없음; 릴스 없음 큐 정리(2026-08-06): QUEUE.csv 정확한 보류사유 확인 후 완료 처리. 재방문예정일을 마지막 정면채굴일시+30일로 설정"
pink_yak_,핑크약 | 약사 박지현 | 여성건강·임신준비,국내 약사 인플루언서,,6.5만,164,0,,,,,여성건강·임신준비·난소·유방·자궁,,있음,김주성·오약·선영,B,실계정,,2026-08-05T23:37:20.362Z,DVP4hg8krAc,2026-09-05T08:37:20.362+09:00,E1 공개 웹 후보·Instagram 직접 확인,0,,2026-08-05 최근12 관측 완료; 조회수·중앙값·최고조회수 미기록: 공개 조회수 미노출 | 평소좋아요율 미확인: 콘텐츠 원장에 계정평소좋아요율 원값 없음; 릴스 없음 큐 정리(2026-08-06): QUEUE.csv 정확한 보류사유 확인 후 완료 처리. 재방문예정일을 마지막 정면채굴일시+30일로 설정
muse_yaksa,뮤즈약사 은지,국내 약사 인플루언서,,40,16,1,196.5,363,,,뷰티·다이어트·약국·영양제,,없음,김주성·오약·선영,B,실계정,,2026-08-05T23:54:15.819Z,DarzOaIpY1Z,2026-09-05T08:54:15.819+09:00,E1 공개 웹 후보·Instagram 직접 확인,0,,"2026-08-05 최근12 관측: 조회수 12/12, 공개 좋아요 0/12 | 2026-08-05 최근12 관측 완료; 조회수·중앙값·최고조회수 미기록: 공개 조회수 미노출 | 평소좋아요율 미확인: 콘텐츠 원장에 계정평소좋아요율 원값 없음; 릴스 없음 큐 정리(2026-08-06): QUEUE.csv 정확한 보류사유 확인 후 완료 처리. 재방문예정일을 마지막 정면채굴일시+30일로 설정"
dr_park_skin,솔직한 의사 파크 | K-뷰티 | 영양제,국내 메디컬 인접 계정,,1.8만,86,5,15000,183000,,,피부·영양제·K-뷰티·화장품,,있음,김주성·오약·선영,B,실계정,,2026-08-06T00:11:22.094Z,C1JW_mSL2KY,2026-09-05T09:11:22.094+09:00,E1 공개 웹 후보·Instagram 직접 확인,0,,"2026-08-05 최근12 관측: 조회수 12/12, 공개 좋아요 0/12 | 2026-08-06 최근12 관측 완료; 조회수·중앙값·최고조회수 미기록: 공개 조회수 미노출 | 평소좋아요율 미확인: 콘텐츠 원장에 계정평소좋아요율 원값 없음; 릴스 없음 큐 정리(2026-08-06): QUEUE.csv 정확한 보류사유 확인 후 완료 처리. 재방문예정일을 마지막 정면채굴일시+30일로 설정"
knjbio.official,김남주바이오,국내 메디컬 인접 계정,한국,1007,245,0,,,,,건강기능식품·장건강·소화·유산균,,있음,김주성·오약·선영,B,실계정,,2026-08-09T04:21:11+09:00,DEyYbS3z1X7,2026-08-21T01:19:19+09:00,E1 공개 웹 후보·Instagram 직접 확인 · E3 릴스 탭·Instagram 직접 확인,0,,"2026-08-05 최근12 관측: 공개 릴스 11/12만 확인, 중앙값·최고조회수 미기록 사유: 공개 프로필 릴스 11건만 노출 | 2026-08-06 최근12 관측 완료; 조회수·중앙값·최고조회수 미기록: 공개 조회수 미노출 | 최근30일게시수 미확인: 최근 12개 원문이 완전하지 않음 | 평소좋아요율 미확인: 콘텐츠 원장에 계정평소좋아요율 원값 없음 | 2026-08-06 재방문: 공개 프로필 게시물 최신 2026-05-21로 최근30일 게시수 0 확정; 릴스 탭 11개 노출. 대표 릴스 DEyYbS3z1X7는 2025-01-14·조회수 1,616회. 12번째 릴스와 최근12 중앙값·최고조회수·평소좋아요율은 미확인. 프로필 knjbio.com 및 자사 건강기능식품 홍보 확인. | 2026-08-07 재확인: 공개 릴스 11개만 노출(DEyYbS3z1X7 1621·C1BHP-IqRef 272·Cha7SxRjeRe 199·CceQlGGjxmO 196·CcRWg6QDLR2 137·Cb6tCLwDtCE 453·CUyfxZwh0qu 337·CUutmpXJ07d 250·CUodBloBqNu 250·CUb76zEpSgr 289·CUMUiUdJkIu 333); 팔로워 1007·게시물 245; 12번째 릴스·최근12 중앙값·최고조회수·평소좋아요율은 미확인 유지 | 2026-08-07T13:37:04+09:00 E1 로그인 세션 프로필 재확인: 팔로워 1007·게시물 245·릴스 탭 노출 확인; 탭 콘텐츠 로딩 중으로 새 릴스 지표·최근12 중앙값·최고조회수·평소좋아요율은 미확인 유지. | 2026-08-08T01:39:10+09:00 E1 공개 프로필 재확인: 팔로워 1006·팔로우 418·게시물 링크 12개·하이라이트 10개·외부 knjbio.com 링크 확인; 로그인 대화상자로 콘텐츠 상세는 미확인 유지. | 2026-08-09T04:21:11+09:00 로그인 read-only 재확인: 프로필 게시물 245·팔로워 1007·팔로우 418·건강/뷰티 확인; 릴스 11개 조회수 1622·272·199·196·137·453·337·250·250·289·333; 스크롤 후 12번째·추가 릴스 미노출로 recent12 중앙값·최고조회수는 공란 유지"
innerdew.official,InnerDew 이너듀,국내 메디컬 인접 계정,한국,280,8,,,,,,이너뷰티·다이어트·피부·영양제,,없음,김주성·오약·선영,B,실계정,,2026-08-09T04:33:58+09:00,DZpAtZZz52W,2026-08-21T01:31:50+09:00,E1 공개 웹 후보·Instagram 직접 확인; E3 Instagram 직접 확인,0,,"2026-08-05 최근12 관측: 공개 릴스 5/12만 확인, 중앙값·최고조회수 미기록 사유: 공개 프로필 릴스 5건만 노출 | 2026-08-06 최근12 관측 실패·부분 확인(8/12); 조회수·중앙값·최고조회수 미기록: 공개 조회수 미노출 | 최근30일게시수 미확인: 최근 12개 원문이 완전하지 않음 | 평소좋아요율 미확인: 콘텐츠 원장에 계정평소좋아요율 원값 없음 | 2026-08-06 E3 직접 확인: 공개 프로필 팔로워 280, 게시물 8, 팔로우 0, 릴스 5개 노출. 대표 릴스 DZpAtZZz52W 는 그리드 조회수 3.3만, 게시일 2026-06-16(화면 상대 표기 7주), 좋아요·댓글·공유 숫자 20·42·1은 지표 매핑이 불명확해 원장에 쓰지 않음. 최근12 전체와 최근30일 총량은 미확인. | 2026-08-07 재확인: 공개 릴스 5개만 노출(DZ44qRdh-zJ 217·DZpAtZZz52W 3.3만·DZZvTGRzVbi 294·DZUVy73Tmvz 316·DZMly9NTbV_ 2.3만); 팔로워 280·게시물 8; 대표 DZpAtZZz52W 게시일 2026-06-16·조회수 3.3만; 최근12·최근30일 총량·평소좋아요율은 미확인 유지 | 2026-08-07T13:37:04+09:00 E1 로그인 세션 프로필 재확인: 팔로워 280·게시물 8·릴스 탭 노출 확인; 탭 콘텐츠 로딩 중으로 새 콘텐츠 지표·최근12·최근30일 총량·평소좋아요율은 미확인 유지 | 2026-08-08T01:51:10+09:00 E1 공개 프로필 재확인: 팔로워 280·팔로우 0·게시물 8·공개 게시물 링크 8개·Threads 링크 확인; 로그인 대화상자로 콘텐츠 상세는 미확인 유지. | 2026-08-09T04:33:58+09:00 로그인 read-only 재확인: 프로필 게시물 8·팔로워 280·팔로우 0, 약사 누나×이너뷰티 대표 남동생·다이어트·피부 고민 끝내는 영양제 정보 확인; /reels/ 릴스 5개 조회수 221·3.3만·294·316·2.3만, 스크롤 후 추가 릴스 미노출로 recent12 중앙값·최고조회수 공란 유지"
daewonpharm,대원제약 (Daewon Pharm),국내 메디컬 인접 계정,,1854,133,9,890,89000,,,제약회사·건강정보·수면·고혈압·영양관리,,있음,김주성·오약·선영,B,실계정,,2026-08-06T00:34:35.514Z,DNwtGor5jIJ,2026-09-05T09:34:35.514+09:00,E1 공개 웹 후보·Instagram 직접 확인,0,,"2026-08-05 최근12 관측: 공개 릴스 12/12 확인, 공개 좋아요 미노출로 평소좋아요율 미기록 | 2026-08-06 최근12 관측 완료; 조회수·중앙값·최고조회수 미기록: 공개 조회수 미노출 | 평소좋아요율 미확인: 콘텐츠 원장에 계정평소좋아요율 원값 없음; 릴스 없음 큐 정리(2026-08-06): QUEUE.csv 정확한 보류사유 확인 후 완료 처리. 재방문예정일을 마지막 정면채굴일시+30일로 설정"
ana_yaksa,아나약사 | 김진아 • 건강 • 뷰티,국내 약사 인플루언서,,4.5만,274,,,,,,호르몬·만성염증·인슐린저항성·다이어트·여성건강,,있음,김주성·오약·선영,B,실계정,,2026-08-05T23:39:20.281Z,DbgDscdzZcn,2026-09-05T08:39:20.281+09:00,E1 공개 웹 후보·Instagram 직접 확인,0,,2026-08-05 최근12 관측 완료; 조회수·중앙값·최고조회수 미기록: 공개 조회수 미노출 | 최근30일게시수 미확인: 최근 12개가 모두 30일 안에 있어 전체 개수를 확정할 수 없음 | 평소좋아요율 미확인: 콘텐츠 원장에 계정평소좋아요율 원값 없음; 릴스 없음 큐 정리(2026-08-06): QUEUE.csv 정확한 보류사유 확인 후 완료 처리. 재방문예정일을 마지막 정면채굴일시+30일로 설정
onyoubio,온유 | 온유바이오 | 온유약국 비오틴 | 침향 | 파인애플효소,국내 메디컬 인접 계정,,6107,337,0,252.5,598,,,온유약국·건강기능식품·비오틴·침향·효소·약사상담,,있음,김주성·오약·선영,B,실계정,,2026-08-06T00:23:49.090Z,DHsQTv9pPuY,2026-09-05T09:23:49.090+09:00,E1 공개 웹 후보·Instagram 직접 확인,0,,"2026-08-05 최근12 관측: 조회수 12/12, 공개 좋아요 0/12 | 2026-08-06 최근12 관측 완료; 조회수·중앙값·최고조회수 미기록: 공개 조회수 미노출 | 평소좋아요율 미확인: 콘텐츠 원장에 계정평소좋아요율 원값 없음; 릴스 없음 큐 정리(2026-08-06): QUEUE.csv 정확한 보류사유 확인 후 완료 처리. 재방문예정일을 마지막 정면채굴일시+30일로 설정"
baropharm_official,바로팜 공식계정 약사 커뮤니티ㅣ팜올플러스,국내 메디컬 인접 계정,,6752,167,,30000,104000,,,약사커뮤니티·전문가상담·약국생활·학술·건강기능식품·약사교육,,있음,김주성·오약·선영,B,실계정,,2026-08-06T00:17:50.821Z,DOV6K6SgQsV,2026-09-05T09:17:50.821+09:00,E1 공개 웹 후보·Instagram 직접 확인,0,,"2026-08-05 최근12 관측: 조회수 12/12, 공개 좋아요 0/12 | 2026-08-06 최근12 관측 완료; 조회수·중앙값·최고조회수 미기록: 공개 조회수 미노출 | 최근30일게시수 미확인: 최근 12개 원문이 완전하지 않음 | 평소좋아요율 미확인: 콘텐츠 원장에 계정평소좋아요율 원값 없음; 릴스 없음 큐 정리(2026-08-06): QUEUE.csv 정확한 보류사유 확인 후 완료 처리. 재방문예정일을 마지막 정면채굴일시+30일로 설정"
yy_yaksa,잉양약사 이종률 | 유·소아·어린이 영양제 상담 전문,국내 약사 인플루언서,,250,46,0,,,,,유·소아·어린이 영양제·소아과 약국·영양상담·한방·약국운영,,있음,김주성·오약·선영,B,실계정,,2026-08-05T23:54:15.819Z,C8a1HZyBRHL,2026-08-12T02:57:34+09:00,E1 공개 웹 후보·Instagram 직접 확인,0,,"2026-08-05 최근12 관측: 공개 릴스 4/12만 확인, 중앙값·최고조회수 미기록 사유: 공개 프로필 릴스 4건만 노출 | 2026-08-05 최근12 관측: 공개 릴스 4/12만 확인, 중앙값·최고조회수 미기록 사유: 공개 프로필 릴스 4건만 노출 | 2026-08-05 최근12 관측 완료; 조회수·중앙값·최고조회수 미기록: 공개 조회수 미노출 | 평소좋아요율 미확인: 콘텐츠 원장에 계정평소좋아요율 원값 없음"
jjukku_min.yaksa,쭈꾸민 약사 | 석민,국내 약사 인플루언서,,1137,22,4,7094.5,733000,,,복약지도·약정보·다이어트·피부·약사일상,,없음,김주성·오약·선영,B,실계정,,2026-08-05T23:50:45.958Z,DbdFblTS9Jd,2026-09-05T08:50:45.958+09:00,E1 공개 웹 후보·Instagram 직접 확인,0,,"2026-08-05 최근12 관측: 조회수 12/12, 공개 좋아요 0/12 | 2026-08-05 최근12 관측 완료; 조회수·중앙값·최고조회수 미기록: 공개 조회수 미노출 | 평소좋아요율 미확인: 콘텐츠 원장에 계정평소좋아요율 원값 없음; 릴스 없음 큐 정리(2026-08-06): QUEUE.csv 정확한 보류사유 확인 후 완료 처리. 재방문예정일을 마지막 정면채굴일시+30일로 설정"
yak_guide,별약사의 약슐랭가이드,국내 약사 인플루언서,,2158,25,,55500,883000,,,피부·화장품·영양제·약국템·보충제,,없음,김주성·오약·선영,B,실계정,,2026-08-05T23:50:45.958Z,DbdG5LKGhbg,2026-09-05T08:50:45.958+09:00,E1 공개 웹 후보·Instagram 직접 확인,0,,"2026-08-05 최근12 관측: 조회수 12/12, 공개 좋아요 0/12 | 2026-08-05 최근12 관측 완료; 조회수·중앙값·최고조회수 미기록: 공개 조회수 미노출 | 최근30일게시수 미확인: 최근 12개 원문이 완전하지 않음 | 평소좋아요율 미확인: 콘텐츠 원장에 계정평소좋아요율 원값 없음; 릴스 없음 큐 정리(2026-08-06): QUEUE.csv 정확한 보류사유 확인 후 완료 처리. 재방문예정일을 마지막 정면채굴일시+30일로 설정"
toad_pharm,영양제 디자이너 두꺼비팜,국내 메디컬 인접 계정,,12.3만,914,,,,,,건강정보·영양상담·건강기능식품·어린이 영양제·혈압·혈당·중성지방,,있음,김주성·오약·선영,B,실계정,,2026-08-06T00:05:22.194Z,Dbo5ml1k-LF,2026-09-05T09:05:22.194+09:00,E1 공개 웹 후보·Instagram 직접 확인,0,,"2026-08-05 최근12 관측: 공개 릴스 9/12만 확인, 중앙값·최고조회수 미기록 사유: 공개 프로필 릴스 9건만 노출 | 2026-08-06 최근12 관측 완료; 조회수·중앙값·최고조회수 미기록: 공개 조회수 미노출 | 최근30일게시수 미확인: 최근 12개가 모두 30일 안에 있어 전체 개수를 확정할 수 없음 | 평소좋아요율 미확인: 콘텐츠 원장에 계정평소좋아요율 원값 없음; 릴스 없음 큐 정리(2026-08-06): QUEUE.csv 정확한 보류사유 확인 후 완료 처리. 재방문예정일을 마지막 정면채굴일시+30일로 설정"
unitysg,Unity,해외 약사 인플루언서,,8884,894,9,1780.5,300000,,,해외 약국·건강상담·영양제·웰니스·피부,,있음,김주성·오약·선영,B,실계정,,2026-08-06T01:07:57.615Z,DJQfds-N48R,2026-09-05T10:07:57.615+09:00,E1 공개 웹 후보·Instagram 직접 확인,0,,"2026-08-05 최근12 관측: 공개 릴스 12/12 확인, 공개 좋아요 미노출로 평소좋아요율 미기록 | 2026-08-06 최근12 관측 완료; 조회수·중앙값·최고조회수 미기록: 공개 조회수 미노출 | 평소좋아요율 미확인: 콘텐츠 원장에 계정평소좋아요율 원값 없음; 릴스 없음 큐 정리(2026-08-06): QUEUE.csv 정확한 보류사유 확인 후 완료 처리. 재방문예정일을 마지막 정면채굴일시+30일로 설정"
yakalofficial,약알 l 약사·영양제·건강 정보,국내 약사 인플루언서,,14,30,,,,,,영양제·건강정보·의약품 비교,,있음,김주성·오약·선영,B,실계정,,2026-08-05T23:54:15.819Z,DQoCYZwk97m,2026-09-05T08:54:15.819+09:00,E1 공개 웹 후보·Instagram 직접 확인,0,,"프로필 공개값만 기록; 비교·추천 플랫폼 링크 확인; 릴스 본문은 확인하지 않음 | 2026-08-05 최근12 관측: 공개 릴스 5/12만 확인, 중앙값·최고조회수 미기록 사유: 공개 프로필 릴스 5건만 노출 | 2026-08-05 최근12 관측: 공개 릴스 5/12만 확인, 중앙값·최고조회수 미기록 사유: 공개 프로필 릴스 5건만 노출 | 2026-08-05 최근12 관측: 공개 릴스 0/12만 확인, 중앙값·최고조회수 미기록 사유: 공개 프로필 릴스 0건만 노출 | 2026-08-05 최근12 관측 완료; 조회수·중앙값·최고조회수 미기록: 공개 조회수 미노출 | 최근30일게시수 미확인: 최근 12개 원문이 완전하지 않음 | 평소좋아요율 미확인: 콘텐츠 원장에 계정평소좋아요율 원값 없음; 릴스 없음 큐 정리(2026-08-06): QUEUE.csv 정확한 보류사유 확인 후 완료 처리. 재방문예정일을 마지막 정면채굴일시+30일로 설정"
pharmacy_nana,나나약국 💫나나약사,국내 약사 인플루언서,,289,28,0,,,,,약국·임상약학·영양상담·동물의약품,,있음,김주성·오약·선영,B,실계정,,2026-08-05T23:54:15.819Z,Dac24qXoh71,2026-09-05T08:54:15.819+09:00,E1 공개 웹 후보·Instagram 직접 확인,0,,"프로필 공개값만 기록; 서울대 약대·임상약학 박사수료·약국 운영 확인; 릴스 본문은 확인하지 않음 | 2026-08-05 최근12 관측: 공개 릴스 2/12만 확인, 중앙값·최고조회수 미기록 사유: 공개 프로필 릴스 2건만 노출 | 2026-08-05 최근12 관측: 공개 릴스 2/12만 확인, 중앙값·최고조회수 미기록 사유: 공개 프로필 릴스 2건만 노출 | 2026-08-05 최근12 관측 완료; 조회수·중앙값·최고조회수 미기록: 공개 조회수 미노출 | 평소좋아요율 미확인: 콘텐츠 원장에 계정평소좋아요율 원값 없음; 릴스 없음 큐 정리(2026-08-06): QUEUE.csv 정확한 보류사유 확인 후 완료 처리. 재방문예정일을 마지막 정면채굴일시+30일로 설정"
malang.yaksa,말랑약사 | 인생·건강을 말랑하게 푸는 박병태 약학박사,국내 약사 인플루언서,,4838,84,,1511,2895,,,건강정보·약국·일반의약품,,,김주성·오약·선영,B,실계정,,2026-08-05T23:50:45.958Z,DbaNh4PE_WQ,2026-09-05T08:50:45.958+09:00,E1 공개 웹 후보·Instagram 직접 확인,0,,"프로필 공개값만 기록; 약학박사·약국 대표 약사·대학 강의 경력 확인; 릴스 본문은 별도 검토 대기 | 2026-08-05 최근12 관측: 조회수 12/12, 공개 좋아요 0/12 | 2026-08-05 최근12 관측 완료; 조회수·중앙값·최고조회수 미기록: 공개 조회수 미노출 | 최근30일게시수 미확인: 최근 12개 원문이 완전하지 않음 | 평소좋아요율 미확인: 콘텐츠 원장에 계정평소좋아요율 원값 없음; 릴스 없음 큐 정리(2026-08-06): QUEUE.csv 정확한 보류사유 확인 후 완료 처리. 재방문예정일을 마지막 정면채굴일시+30일로 설정"
dang.dang_yaksa,당당약사 | 혈당케어 전문가 남윤성 의학박사,국내 약사 인플루언서,,1만,118,,,,,0.02%,혈당·대사·건강기능식품,,있음,김주성·오약·선영,B,실계정,,2026-08-05T23:48:02.549Z,DbdGNZDIuBF,2026-09-05T08:48:02.549+09:00,E1 공개 웹 후보·Instagram 직접 확인,0,,"프로필 공개값만 기록; 인증·의학박사·대표약사·상담 링크 확인; 릴스 본문은 별도 검토 대기 | 2026-08-05 최근12 관측: 조회수 0/12, 공개 좋아요 10/12, 평소좋아요율 0.02% | 2026-08-05 최근12 관측 완료; 조회수·중앙값·최고조회수 미기록: 공개 조회수 미노출 | 최근30일게시수 미확인: 최근 12개 원문이 완전하지 않음 | 평소좋아요율 미확인: 콘텐츠 원장에 계정평소좋아요율 원값 없음; 릴스 없음 큐 정리(2026-08-06): QUEUE.csv 정확한 보류사유 확인 후 완료 처리. 재방문예정일을 마지막 정면채굴일시+30일로 설정"
mentor_pharm,멘토약사,국내 약사 인플루언서,,1만,59,,38500,3612000,,47.55%,여성건강·교육·약사상담,,있음,김주성·오약·선영,B,실계정,,2026-08-09T03:37:12+09:00,DVNRHPnkpU9,2026-08-12T03:31:36+09:00,E1 공개 웹 후보·Instagram 직접 확인,0,,"프로필 공개값만 기록; 인증·여성건강·약사상담 소개 확인; 릴스 본문은 별도 검토 대기 | 2026-08-05 최근12 관측: 조회수 0/12, 공개 좋아요 5/12, 평소좋아요율 47.55% | 최근30일게시수 미확인: 최근 12개 원문이 완전하지 않음 | 평소좋아요율 미확인: 콘텐츠 원장에 계정평소좋아요율 원값 없음 | 2026-08-09 로그인 read-only 재확인: 프로필 게시물 59, 팔로워 1만, 팔로우 242, Instagram 카테고리 교육. bio에 약사가 알려주는 여성건강·공부비결, DM 약상담, link.inpock.co.kr/mentor_pharm이 노출됨. 릴스 최근12개 조회수 58.9만·361.2만·37.5만·2.9만·4.9만·3.5만·2.2만·1.9만·5.8만·4.1만·3.6만·2.1만; 숫자 환산 중앙값 38500, 최고조회수 3612000. 최근30일 게시수·콘텐츠별 광고여부는 미확인으로 유지."
verdepharmacy1,베르데라이프 정숙희약사,국내 약사 인플루언서,,652,1534,,194.5,579,,,건강정보·개인건강상담·아로마테라피,,있음,김주성·오약·선영,B,실계정,,2026-08-05T23:54:15.819Z,Dbmy9E8kUT0,2026-09-05T08:54:15.819+09:00,E1 공개 웹 후보·Instagram 직접 확인,0,,"프로필 공개값만 기록; 49년차 시니어약사·아로마테라피스트·개인건강상담 확인; 게시물 본문은 확인하지 않음 | 2026-08-05 최근12 관측: 조회수 12/12, 공개 좋아요 0/12 | 2026-08-05 최근12 관측 완료; 조회수·중앙값·최고조회수 미기록: 공개 조회수 미노출 | 최근30일게시수 미확인: 최근 12개가 모두 30일 안에 있어 전체 개수를 확정할 수 없음 | 평소좋아요율 미확인: 콘텐츠 원장에 계정평소좋아요율 원값 없음; 릴스 없음 큐 정리(2026-08-06): QUEUE.csv 정확한 보류사유 확인 후 완료 처리. 재방문예정일을 마지막 정면채굴일시+30일로 설정"
juny_yaksa,35년상담 쭈니약사ㅣ한방+영양의학,국내 약사 인플루언서,,12.2만,1097,10,50000,1021000,,0.27%,피부·혈당·갑상선·암케어·갱년기·난임·영양의학,,있음,김주성·오약·선영,B,실계정,,2026-08-08T14:40:55+09:00,CsJbQ4zre7S,2026-09-07T14:40:55+09:00,E1 공개 웹 후보·Instagram 직접 확인,0,,"프로필 공개값만 기록; 35년 상담·약국상담 사례 기반 건강정보·여성건강·영양의학 확인; 게시물 본문은 확인하지 않음 | 2026-08-05 최근12 관측: 조회수 0/12, 공개 좋아요 12/12, 평소좋아요율 0.27% | 평소좋아요율 미확인: 콘텐츠 원장에 계정평소좋아요율 원값 없음 | 2026-08-08 로그인 read-only recent12 12/12 확인: 중앙값 50,000회, 최고 1,021,000회; 첫 2개 타일 고정 릴. 최근30 게시수·평소 좋아요율·최근20 광고수는 직접 근거 없음"
yulbang_counseling,김훈하 약사의 열방 약국(상담소),국내 약사 인플루언서,,1727,25,,,,,,약국·건강상담·암환자·식이습관,,있음,김주성·오약·선영,B,실계정,,2026-08-05T23:50:45.958Z,DQtHtS0gYpL,2026-09-05T08:50:45.958+09:00,E1 공개 웹 후보·Instagram 직접 확인,0,,"프로필 공개값만 기록; 김훈하 약사·열방약국·약사상담 확인; 공식 약국 상담 계정이며 게시물 본문은 별도 검토 대기 | 2026-08-05 최근12 관측: 공개 릴스 8/12만 확인, 중앙값·최고조회수 미기록 사유: 공개 프로필 릴스 8건만 노출 | 2026-08-05 최근12 관측: 공개 릴스 8/12만 확인, 중앙값·최고조회수 미기록 사유: 공개 프로필 릴스 8건만 노출 | 2026-08-05 최근12 관측: 공개 릴스 4/12만 확인, 중앙값·최고조회수 미기록 사유: 공개 프로필 릴스 4건만 노출 | 2026-08-05 최근12 관측 완료; 조회수·중앙값·최고조회수 미기록: 공개 조회수 미노출 | 최근30일게시수 미확인: 최근 12개 원문이 완전하지 않음 | 평소좋아요율 미확인: 콘텐츠 원장에 계정평소좋아요율 원값 없음; 릴스 없음 큐 정리(2026-08-06): QUEUE.csv 정확한 보류사유 확인 후 완료 처리. 재방문예정일을 마지막 정면채굴일시+30일로 설정"
gmpharmacist,전윤식약사,국내 약사 인플루언서,,782,183,,,,,,건강기능식품·약사상담·약국,,있음,김주성·오약·선영,B,실계정,,2026-08-05T23:54:15.819Z,DbrKYAAk4nt,2026-09-05T08:54:15.819+09:00,E1 공개 웹 후보·Instagram 직접 확인,0,,"프로필 공개값만 기록; 건강기능식품 회사 대표약사·카카오톡 1:1 상담 확인; 게시물 본문은 별도 검토 대기 | 2026-08-05 최근12 관측: 공개 릴스 7/12만 확인, 중앙값·최고조회수 미기록 사유: 공개 프로필 릴스 7건만 노출 | 2026-08-05 최근12 관측: 공개 릴스 7/12만 확인, 중앙값·최고조회수 미기록 사유: 공개 프로필 릴스 7건만 노출 | 2026-08-05 최근12 관측: 공개 릴스 0/12만 확인, 중앙값·최고조회수 미기록 사유: 공개 프로필 릴스 0건만 노출 | 2026-08-05 최근12 관측 완료; 조회수·중앙값·최고조회수 미기록: 공개 조회수 미노출 | 최근30일게시수 미확인: 최근 12개가 모두 30일 안에 있어 전체 개수를 확정할 수 없음 | 평소좋아요율 미확인: 콘텐츠 원장에 계정평소좋아요율 원값 없음; 릴스 없음 큐 정리(2026-08-06): QUEUE.csv 정확한 보류사유 확인 후 완료 처리. 재방문예정일을 마지막 정면채굴일시+30일로 설정"
pharmacyinpalm_official,내손안의약국,국내 메디컬 인접 계정,한국,188,10,,,,,,약국 플랫폼·건강서비스,,있음,김주성·오약·선영,B,실계정,,2026-08-09T04:37:50+09:00,Ce2MIsmvzVC,2026-08-21T01:35:37+09:00,E1 공개 웹 후보·Instagram 직접 확인; E3 Instagram 직접 확인,0,,"약국 플랫폼·건강지킴이 소개와 drxsolution.co.kr 링크 확인; 개인 약사 계정이 아닌 인접 계정 | 2026-08-05 최근12 관측: 공개 릴스 1/12만 확인, 중앙값·최고조회수 미기록 사유: 공개 프로필 릴스 1건만 노출 | 2026-08-06 최근12 관측 실패·부분 확인(10/12); 조회수·중앙값·최고조회수 미기록: 공개 조회수 미노출 | 최근30일게시수 미확인: 최근 12개 원문이 완전하지 않음 | 평소좋아요율 미확인: 콘텐츠 원장에 계정평소좋아요율 원값 없음 | 2026-08-06 E3 직접 확인: 프로필 팔로워 187, 게시물 10, 팔로우 485, 제품/서비스, drxsolution.co.kr 링크. 프로필 릴스 그리드는 노출되지 않았지만 기존 raw shortcode Ce2MIsmvzVC 직접 링크가 열림. 조회수 98·좋아요 28·댓글 없음·게시일 2022-06-16 확인. 최근12 전체와 최근30일 총량은 미확인. | 2026-08-07 재확인: 프로필 릴스 탭 미노출·알려진 릴스 1건만 확인; 팔로워 188·게시물 10; Ce2MIsmvzVC 조회수 98·좋아요 28·댓글 0·게시일 2022-06-16; 최근12·최근30일 총량·평소좋아요율은 미확인 유지 | 2026-08-07T13:37:04+09:00 E1 로그인 세션 프로필 재확인: 팔로워 188·게시물 10 확인, 릴스 탭 미노출; 기존 Ce2MIsmvzVC 근거와 최근12 공란 유지. | 2026-08-09T04:37:50+09:00 로그인 read-only 재확인: 프로필 게시물 10·팔로워 188·팔로우 485·제품/서비스·내손안의약국·drxsolution.co.kr 확인; /reels/에서 Ce2MIsmvzVC 1개 조회수 98, 스크롤 후 추가 릴스 미노출로 recent12 중앙값·최고조회수 공란 유지"
modu_pharm,모약ㅣ약사님을 위한 플랫폼,국내 메디컬 인접 계정,,6092,449,,3956,92000,,,약사 플랫폼·복약지도·교육,,있음,김주성·오약·선영,B,실계정,,2026-08-06T00:23:49.090Z,DXfwwYBk7IQ,2026-09-05T09:23:49.090+09:00,E1 공개 웹 후보·Instagram 직접 확인,0,,"약사님을 위한 플랫폼·복약지도·교육 소개와 litt.ly 링크 확인; 프로필만 기록 | 2026-08-05 최근12 관측: 조회수 12/12, 공개 좋아요 0/12 | 2026-08-06 최근12 관측 완료; 조회수·중앙값·최고조회수 미기록: 공개 조회수 미노출 | 최근30일게시수 미확인: 최근 12개 원문이 완전하지 않음 | 평소좋아요율 미확인: 콘텐츠 원장에 계정평소좋아요율 원값 없음; 릴스 없음 큐 정리(2026-08-06): QUEUE.csv 정확한 보류사유 확인 후 완료 처리. 재방문예정일을 마지막 정면채굴일시+30일로 설정"
wellness.pharm,Ariana Medizade,해외 약사 인플루언서,미국,34.6만,661,,62500,1401000,,,Functional health·supplements·wellness,,있음,김주성·오약·선영,B,실계정,,2026-08-06T01:05:46.320Z,DbreqVUR1yp,2026-09-05T10:05:46.320+09:00,E7 해외 공개 웹 후보·Instagram 직접 확인,0,,"프로필 공개값만 기록; NYC Doctor of Pharmacy·Functional Health & Supplement Expert·스탠드 링크 확인; 게시물 본문은 별도 검토 대기 | 2026-08-05 최근12 관측: 공개 릴스 12/12 확인, 공개 좋아요 미노출로 평소좋아요율 미기록 | 2026-08-06 최근12 관측 완료; 조회수·중앙값·최고조회수 미기록: 공개 조회수 미노출 | 최근30일게시수 미확인: 최근 12개 원문이 완전하지 않음 | 평소좋아요율 미확인: 콘텐츠 원장에 계정평소좋아요율 원값 없음; 릴스 없음 큐 정리(2026-08-06): QUEUE.csv 정확한 보류사유 확인 후 완료 처리. 재방문예정일을 마지막 정면채굴일시+30일로 설정"
wellness_pharmacist_,The Wellness Pharmacist,해외 약사 인플루언서,,156,66,,,,,,wellness·low-tox living·motherhood,,있음,김주성·오약·선영,B,실계정,,2026-08-09T03:59:41+09:00,DZFpEZkxRDR,2026-08-12T03:39:23+09:00,E7 해외 공개 웹 후보·Instagram 직접 확인,0,,"프로필 공개값만 기록; Pharmacist·low-tox living·Links/Products 하이라이트 확인; 국가와 게시물 본문은 미확인 | 2026-08-05 최근12 관측: 공개 릴스 3/12만 확인, 중앙값·최고조회수 미기록 사유: 공개 프로필 릴스 3건만 노출 | 2026-08-06 최근12 관측 완료; 조회수·중앙값·최고조회수 미기록: 공개 조회수 미노출 | 최근30일게시수 미확인: 최근 12개 원문이 완전하지 않음 | 평소좋아요율 미확인: 콘텐츠 원장에 계정평소좋아요율 원값 없음 | 2026-08-09 로그인 read-only 부분 관측: 릴스 3개 조회수 353·205·2062만 노출되어 recent12 미완료; 중앙값·최고조회수는 공란 유지; 프로필 게시물 66·팔로워 156 확인"
philsmypharmacist,Phil Cowley | Philsmypharmacist,해외 약사 인플루언서,미국,159.7만,2044,9,212000,696000,,,health tips·supplements·wellness,,있음,김주성·오약·선영,B,실계정,,2026-08-06T01:05:46.320Z,DSYlYZdCSZz,2026-09-05T10:05:46.320+09:00,E7 해외 공개 웹 후보·Instagram 직접 확인,0,,"프로필 공개값만 기록; Licensed Pharmacist·ID & AK·supplements·wellness 소개 확인; 게시물 본문은 별도 검토 대기 | 2026-08-05 최근12 관측: 공개 릴스 12/12 확인, 공개 좋아요 미노출로 평소좋아요율 미기록 | 2026-08-06 최근12 관측 완료; 조회수·중앙값·최고조회수 미기록: 공개 조회수 미노출 | 평소좋아요율 미확인: 콘텐츠 원장에 계정평소좋아요율 원값 없음; 릴스 없음 큐 정리(2026-08-06): QUEUE.csv 정확한 보류사유 확인 후 완료 처리. 재방문예정일을 마지막 정면채굴일시+30일로 설정"
wellness.pharmacy.rx,Wellness Pharmacy,해외 약사 인플루언서,,3065,52,,,,,,meds·health·herbs·beauty·supplements,,,김주성·오약·선영,B,실계정,,2026-08-06T01:09:11.271Z,DZkOt79DPqW,2026-09-05T10:09:11.271+09:00,E7 해외 공개 웹 후보·Instagram 직접 확인,0,,"프로필 공개값만 기록; Pharmacist’s Personal Blog·meds·health·supplements·prescriptions 하이라이트 확인; 국가와 게시물 본문은 미확인 | 2026-08-05 최근12 관측: 공개 릴스 9/12만 확인, 중앙값·최고조회수 미기록 사유: 공개 프로필 릴스 9건만 노출 | 2026-08-06 최근12 관측 완료; 조회수·중앙값·최고조회수 미기록: 공개 조회수 미노출 | 최근30일게시수 미확인: 최근 12개 원문이 완전하지 않음 | 평소좋아요율 미확인: 콘텐츠 원장에 계정평소좋아요율 원값 없음; 릴스 없음 큐 정리(2026-08-06): QUEUE.csv 정확한 보류사유 확인 후 완료 처리. 재방문예정일을 마지막 정면채굴일시+30일로 설정"
readyyoungpharmacy_global,readyyoungpharmacy_global,국내 메디컬 인접 계정,한국,6934,148,,5956.5,159000,,,약국 브랜드·미용·건강·의약품,,있음,김주성·오약·선영,B,실계정,,2026-08-06T00:17:50.821Z,Dat0X5DicuU,2026-09-05T09:17:50.821+09:00,E7 해외 공개 웹 후보·Instagram 직접 확인,0,,"한국 약국 브랜드의 글로벌 계정으로 분류; medicines·cosmetics·tax free·English support 확인; 해외 개인 약사로 세지 않음 | 2026-08-05 최근12 관측: 조회수 12/12, 공개 좋아요 0/12 | 2026-08-06 최근12 관측 완료; 조회수·중앙값·최고조회수 미기록: 공개 조회수 미노출 | 최근30일게시수 미확인: 최근 12개가 모두 30일 안에 있어 전체 개수를 확정할 수 없음 | 평소좋아요율 미확인: 콘텐츠 원장에 계정평소좋아요율 원값 없음; 릴스 없음 큐 정리(2026-08-06): QUEUE.csv 정확한 보류사유 확인 후 완료 처리. 재방문예정일을 마지막 정면채굴일시+30일로 설정"
k_phf.official,K-PHF 한국건기식 약사연구회,국내 메디컬 인접 계정,,9,16,0,,,,,건강기능식품·약사연구·건강정보,,,김주성·오약·선영,B,실계정,,2026-08-06T00:54:17.941Z,DXniNxsERFD,2026-08-12T03:45:42+09:00,E1 공개 웹 후보·Instagram 직접 확인,0,,"프로필 공개값만 기록; 약사 연구회·커뮤니티 계정으로 확인해 개인 약사 계정이 아닌 인접 계정으로 분류; 게시물 본문은 확인하지 않음 | 2026-08-05 최근12 관측: 공개 릴스 2/12만 확인, 중앙값·최고조회수 미기록 사유: 공개 프로필 릴스 2건만 노출 | 2026-08-06 최근12 관측 완료; 조회수·중앙값·최고조회수 미기록: 공개 조회수 미노출 | 평소좋아요율 미확인: 콘텐츠 원장에 계정평소좋아요율 원값 없음"
plusxp_official,"건강기능식품 약사설계 플랫폼, 플러스엑스팜",국내 메디컬 인접 계정,한국,2569,142,,,,,,약사설계 건기식·유산균·건강정보,,있음,김주성·오약·선영,B,실계정,,2026-08-06T00:33:16.672Z,DbMlbsLgVIM,2026-09-05T09:33:16.672+09:00,E1 공개 웹 후보·Instagram 직접 확인,0,,"프로필 공개값만 기록; 약사설계 건강기능식품 플랫폼과 판매 링크를 확인해 인접 브랜드 계정으로 분류; 게시물 본문은 확인하지 않음 | 2026-08-05 최근12 관측: 공개 릴스 8/12만 확인, 중앙값·최고조회수 미기록 사유: 공개 프로필 릴스 8건만 노출 | 2026-08-06 최근12 관측 완료; 조회수·중앙값·최고조회수 미기록: 공개 조회수 미노출 | 최근30일게시수 미확인: 최근 12개 원문이 완전하지 않음 | 평소좋아요율 미확인: 콘텐츠 원장에 계정평소좋아요율 원값 없음; 릴스 없음 큐 정리(2026-08-06): QUEUE.csv 정확한 보류사유 확인 후 완료 처리. 재방문예정일을 마지막 정면채굴일시+30일로 설정"
mbb.official__,엠비비(MBB) l 국내 최대 H&B 드럭스토어,국내 메디컬 인접 계정,한국,145,66,,,,,,의약품·뷰티·건강기능식품·드럭스토어,,있음,김주성·오약·선영,B,실계정,,2026-08-06T00:48:49.007Z,DXxrqzYE_Cz,2026-08-12T03:45:42+09:00,E1 공개 웹 후보·Instagram 직접 확인,0,,"프로필 공개값만 기록; 의약품·뷰티·건강기능식품을 취급하는 공식 드럭스토어 계정으로 확인; 게시물 본문은 확인하지 않음 | 2026-08-05 최근12 관측: 공개 릴스 0/12만 확인, 중앙값·최고조회수 미기록 사유: 공개 프로필 릴스 0건만 노출 | 2026-08-06 최근12 관측 완료; 조회수·중앙값·최고조회수 미기록: 공개 조회수 미노출 | 최근30일게시수 미확인: 최근 12개 원문이 완전하지 않음 | 평소좋아요율 미확인: 콘텐츠 원장에 계정평소좋아요율 원값 없음"
zzin__yaksa,약사 박세진 | 찐약사,국내 약사 인플루언서,,2.4만,87,9,,,,,소아건강·부모건강·영양제·복약정보,,있음,김주성·오약·선영,B,실계정,,2026-08-05T23:44:09.321Z,DaK1uhuT8mg,2026-09-05T08:44:09.321+09:00,E1 공개 웹 후보·Instagram 직접 확인,0,,프로필 공개값만 기록; 인증·약사·아동과 3040 부모 건강·영양제 상담 소개 확인; 게시물 본문은 별도 검토 대기 | 2026-08-05 최근12 관측 완료; 조회수·중앙값·최고조회수 미기록: 공개 조회수 미노출 | 평소좋아요율 미확인: 콘텐츠 원장에 계정평소좋아요율 원값 없음; 릴스 없음 큐 정리(2026-08-06): QUEUE.csv 정확한 보류사유 확인 후 완료 처리. 재방문예정일을 마지막 정면채굴일시+30일로 설정
beautybynori_,Nori Moteirek,해외 약사 인플루언서,영국,19.6만,552,,21500,94000,,,뷰티·스킨케어·웰니스·MUA,,있음,김주성·오약·선영,B,실계정,,2026-08-06T01:06:17.539Z,DaX164HDN4c,2026-08-12T03:55:56+09:00,E7 해외 공개 웹 후보·Instagram 직접 확인,0,,"프로필 공개값만 기록; Manchester 기반 Pharmacist & MUA와 뷰티·웰니스 소개 확인; 게시물 본문은 별도 검토 대기 | 2026-08-05 최근12 관측: 공개 릴스 12/12 확인, 공개 좋아요 미노출로 평소좋아요율 미기록 | 2026-08-06 최근12 관측 완료; 조회수·중앙값·최고조회수 미기록: 공개 조회수 미노출 | 최근30일게시수 미확인: 최근 12개 원문이 완전하지 않음 | 평소좋아요율 미확인: 콘텐츠 원장에 계정평소좋아요율 원값 없음"
dakota_rx,Dakota Pharmacy & Compounding,해외 메디컬 인접 계정,미국,1664,576,9,242,11000,,,조제약·영양·스킨케어·약국,,있음,김주성·오약·선영,B,실계정,,2026-08-06T01:13:18.162Z,Dafh8w6Es7R,2026-08-12T03:55:56+09:00,E7 해외 공개 웹 후보·Instagram 직접 확인,0,,"프로필 공개값만 기록; 미국 중서부 맞춤 조제약국 사업자로 확인해 개인 약사로 세지 않음 | 2026-08-05 최근12 관측: 공개 릴스 12/12 확인, 공개 좋아요 미노출로 평소좋아요율 미기록 | 2026-08-06 최근12 관측 완료; 조회수·중앙값·최고조회수 미기록: 공개 조회수 미노출 | 평소좋아요율 미확인: 콘텐츠 원장에 계정평소좋아요율 원값 없음"
innovationcompounding,Innovation Compounding,해외 메디컬 인접 계정,미국,804,380,0,,,,,맞춤 조제약·의료건강·약국,,있음,김주성·오약·선영,B,실계정,,2026-08-09T04:01:49+09:00,C2NYDOEslLL,2026-08-12T03:55:56+09:00,E7 해외 공개 웹 후보·Instagram 직접 확인,0,,"프로필 공개값만 기록; 미국 맞춤 조제약 사업자로 확인해 개인 약사로 세지 않음 | 2026-08-05 최근12 관측: 공개 릴스 10/12만 확인, 중앙값·최고조회수 미기록 사유: 공개 프로필 릴스 10건만 노출 | 2026-08-06 최근12 관측 완료; 조회수·중앙값·최고조회수 미기록: 공개 조회수 미노출 | 평소좋아요율 미확인: 콘텐츠 원장에 계정평소좋아요율 원값 없음 | 2026-08-09 로그인 read-only 부분 관측: 릴스 10개 조회수 57·95·99·90·58·71·44·37·54·3221만 노출되어 recent12 미완료; 중앙값·최고조회수는 공란 유지"
pharmfriends,팜프렌즈,국내 메디컬 인접 계정,한국,778,519,,186.5,412,,,온라인 드럭스토어·건강기능식품·화장품·반려동물용품·의료기기,,있음,김주성·오약·선영,B,실계정,,2026-08-05T17:44:58.384Z,Dbcl25cRHNe,2026-08-12T04:02:06+09:00,E1 공개 웹 후보·Instagram 직접 확인,0,,"프로필 공개값만 기록; 건강기능식품·화장품·반려동물용품·가정용 의료기기 온라인 드럭스토어로 확인; 개인 약사 계정이 아님 | 2026-08-05 최근12 관측: 공개 릴스 12/12 확인, 공개 좋아요 미노출로 평소좋아요율 미기록 | 최근30일게시수 미확인: 최근 12개 원문이 완전하지 않음 | 평소좋아요율 미확인: 콘텐츠 원장에 계정평소좋아요율 원값 없음"
idjmpharm,이준우,국내 메디컬 인접 계정,한국,839,58,,4806,9061,,,약국·건강/뷰티·복약상담,,있음,김주성·오약·선영,B,실계정,,2026-08-05T17:43:17.573Z,DUFkI4SjFRw,2026-08-12T04:02:06+09:00,E1 공개 웹 후보·Instagram 직접 확인,0,,"프로필 공개값만 기록; 포항 이동정문약국 운영과 약국 상담 링크를 확인해 지역 약국 인접 계정으로 분류; 개인 약사 콘텐츠는 별도 검토 대기 | 2026-08-05 최근12 관측: 공개 릴스 12/12 확인, 공개 좋아요 미노출로 평소좋아요율 미기록 | 최근30일게시수 미확인: 최근 12개 원문이 완전하지 않음 | 평소좋아요율 미확인: 콘텐츠 원장에 계정평소좋아요율 원값 없음"
pyunhanga_official,편한가 PYUNHANGA,국내 메디컬 인접 계정,한국,1133,199,,2288.5,6601,,,건강·액티브 라이프스타일·헬스 어드바이저 플랫폼,,,김주성·오약·선영,B,실계정,,2026-08-05T17:39:41.884Z,DbIVbWMRlZa,2026-09-05T02:39:41.884+09:00,E1 공개 웹 후보·Instagram 직접 확인,0,,"프로필 공개값만 기록; Healthy & Active Lifestyle Platform과 입점 약국 관련 하이라이트 확인; 개인 약사 계정이 아님 | 2026-08-05 최근12 관측: 공개 릴스 12/12 확인, 공개 좋아요 미노출로 평소좋아요율 미기록 | 최근30일게시수 미확인: 최근 12개 원문이 완전하지 않음 | 평소좋아요율 미확인: 콘텐츠 원장에 계정평소좋아요율 원값 없음; 릴스 없음 큐 정리(2026-08-06): QUEUE.csv 정확한 보류사유 확인 후 완료 처리. 재방문예정일을 마지막 정면채굴일시+30일로 설정"
nutripharma_2019,뉴트리파마,국내 메디컬 인접 계정,한국,542,133,,,,,,약국전용 건강기능식품·건강/뷰티,,있음,김주성·오약·선영,B,실계정,,2026-08-09T04:03:57+09:00,CRD4mxsj96O,2026-08-12T04:02:06+09:00,E1 공개 웹 후보·Instagram 직접 확인,0,,"프로필 공개값만 기록; 약사가 취급하는 약국전용 건강기능식품 브랜드 소개와 제품 게시물을 확인; 개인 약사 계정이 아님 | 2026-08-05 최근12 관측: 공개 릴스 4/12만 확인, 중앙값·최고조회수 미기록 사유: 공개 프로필 릴스 4건만 노출 | 2026-08-06 최근12 관측 완료; 조회수·중앙값·최고조회수 미기록: 공개 조회수 미노출 | 최근30일게시수 미확인: 최근 12개 원문이 완전하지 않음 | 평소좋아요율 미확인: 콘텐츠 원장에 계정평소좋아요율 원값 없음 | 2026-08-09 로그인 read-only 부분 관측: 릴스 4개 중 조회수 3개 108·60·128, 1개 조회수 미노출; recent12 미완료라 중앙값·최고조회수는 공란 유지"
shiny_jjeong,약국언니l Good Better Best l마켓굿베베,국내 메디컬 인접 계정,한국,2889,481,,369.5,2380,,,소아과 약국·약국 건강템·가족건강·공구,,있음,김주성·오약·선영,B,실계정,,2026-08-06T00:31:14.225Z,DZWTkzukzrk,2026-09-05T09:31:14.225+09:00,E1 공개 웹 후보·Instagram 직접 확인,0,,"프로필 공개값만 기록; 소아과 약국 근무와 약국 건강템·가족 생활용품·공구 소개를 확인해 개인 약사 계정이 아닌 인접 계정으로 분류 | 2026-08-05 최근12 관측: 공개 릴스 12/12 확인, 공개 좋아요 미노출로 평소좋아요율 미기록 | 2026-08-06 최근12 관측 완료; 조회수·중앙값·최고조회수 미기록: 공개 조회수 미노출 | 최근30일게시수 미확인: 최근 12개 원문이 완전하지 않음 | 평소좋아요율 미확인: 콘텐츠 원장에 계정평소좋아요율 원값 없음; 릴스 없음 큐 정리(2026-08-06): QUEUE.csv 정확한 보류사유 확인 후 완료 처리. 재방문예정일을 마지막 정면채굴일시+30일로 설정"
drugsafe_official,한국의약품안전관리원,국내 메디컬 인접 계정,한국,8520,484,,931,1508,,,의약품안전·공공건강·어린이 의약품,,공용,,B,실계정,,2026-08-06T00:17:50.821Z,Dbpnq6ymNsD,2026-09-05T09:17:50.821+09:00,E1 공개 웹 후보·Instagram 직접 확인,0,,"프로필 공개값만 기록; 한국의약품안전관리원 KIDS 공식 공공기관 계정으로 확인; 개인 약사 계정이 아님 | 2026-08-05 최근12 관측: 조회수 12/12, 공개 좋아요 0/12 | 2026-08-06 최근12 관측 완료; 조회수·중앙값·최고조회수 미기록: 공개 조회수 미노출 | 최근30일게시수 미확인: 최근 12개가 모두 30일 안에 있어 전체 개수를 확정할 수 없음 | 평소좋아요율 미확인: 콘텐츠 원장에 계정평소좋아요율 원값 없음; 릴스 없음 큐 정리(2026-08-06): QUEUE.csv 정확한 보류사유 확인 후 완료 처리. 재방문예정일을 마지막 정면채굴일시+30일로 설정"
ansimshop_,안심Shop,국내 메디컬 인접 계정,한국,2262,56,2,,,,,가족안전·건강제품·어린이용품·의료기기,,있음,김주성·오약·선영,B,실계정,,2026-08-06T00:33:16.672Z,DbcHs3iExnF,2026-09-05T09:33:16.672+09:00,E1 공개 웹 후보·Instagram 직접 확인,0,,"프로필 공개값만 기록; 가족·어린이 건강 제품과 제품 링크를 확인해 인접 커머스 계정으로 분류 | 2026-08-05 최근12 관측: 공개 릴스 11/12만 확인, 중앙값·최고조회수 미기록 사유: 공개 프로필 릴스 11건만 노출 | 2026-08-06 최근12 관측 완료; 조회수·중앙값·최고조회수 미기록: 공개 조회수 미노출 | 평소좋아요율 미확인: 콘텐츠 원장에 계정평소좋아요율 원값 없음; 릴스 없음 큐 정리(2026-08-06): QUEUE.csv 정확한 보류사유 확인 후 완료 처리. 재방문예정일을 마지막 정면채굴일시+30일로 설정"
seoulmizhospital,서울미즈병원,국내 메디컬 인접 계정,한국,1171,495,,626.5,8644,,,여성병원·난임센터·건강증진·가족건강,,,김주성·오약·선영,B,실계정,,2026-08-05T17:39:41.884Z,DbmTZ8MqvcE,2026-09-05T02:39:41.884+09:00,E1 공개 웹 후보·Instagram 직접 확인,0,,"프로필 공개값만 기록; 여성병원·건강증진센터·난임센터 공식 계정으로 확인; 개인 약사 계정이 아님 | 2026-08-05 최근12 관측: 공개 릴스 12/12 확인, 공개 좋아요 미노출로 평소좋아요율 미기록 | 최근30일게시수 미확인: 최근 12개 원문이 완전하지 않음 | 평소좋아요율 미확인: 콘텐츠 원장에 계정평소좋아요율 원값 없음; 릴스 없음 큐 정리(2026-08-06): QUEUE.csv 정확한 보류사유 확인 후 완료 처리. 재방문예정일을 마지막 정면채굴일시+30일로 설정"
pharm_mison,약잘알 파미손 | 영양제 건강식품 잘 알려주는 약사,국내 약사 인플루언서,한국,1701,309,0,3837,154000,,,의약품·영양제·건강식품·팩트체크,,있음,김주성·오약·선영,B,실계정,,2026-08-05T23:50:45.958Z,DO5hLl8EyQI,2026-09-05T08:50:45.958+09:00,E1 공개 웹 후보·Instagram 직접 확인,0,,"공개 프로필에서 약사 직함과 의약품·영양제 팩트 체크·30여 종 영양제 기획·검증 소개를 확인; 게시물 본문은 별도 검토 대기 | 2026-08-05 최근12 관측: 조회수 12/12, 공개 좋아요 0/12 | 2026-08-05 최근12 관측 완료; 조회수·중앙값·최고조회수 미기록: 공개 조회수 미노출 | 평소좋아요율 미확인: 콘텐츠 원장에 계정평소좋아요율 원값 없음; 릴스 없음 큐 정리(2026-08-06): QUEUE.csv 정확한 보류사유 확인 후 완료 처리. 재방문예정일을 마지막 정면채굴일시+30일로 설정"
doseoframan,Raman | Pharmacist,해외 약사 인플루언서,호주,57,12,,,,,,스킨케어·뷰티·라이프스타일·약학,,,김주성·오약·선영,B,실계정,,2026-08-06T01:09:44.337Z,Dbo9FNpC4Wr,2026-08-12T04:35:06+09:00,E7 해외 공개 웹 후보·Instagram 직접 확인,0,,"공개 프로필에서 Pharmacist·Melbourne Australia 근무 소개와 스킨케어·뷰티·라이프스타일 콘텐츠를 확인; 게시물 본문은 별도 검토 대기 | 2026-08-05 최근12 관측: 공개 릴스 10/12만 확인, 중앙값·최고조회수 미기록 사유: 공개 프로필 릴스 10건만 노출 | 2026-08-06 최근12 관측 완료; 조회수·중앙값·최고조회수 미기록: 공개 조회수 미노출 | 최근30일게시수 미확인: 최근 12개가 모두 30일 안에 있어 전체 개수를 확정할 수 없음 | 평소좋아요율 미확인: 콘텐츠 원장에 계정평소좋아요율 원값 없음"
melsmedicines,Melissa • London Pharmacist,해외 약사 인플루언서,영국,1.4만,346,0,8342.5,510000,,,여성건강·피부·의약품·영양제,,,김주성·오약·선영,B,실계정,,2026-08-06T01:07:22.300Z,DZcDhxnMMZT,2026-09-05T10:07:22.300+09:00,E7 해외 공개 웹 후보·Instagram 직접 확인,0,,"공개 프로필에서 London Pharmacist·NHS Pharmacist·Prescriber·Women’s Health & Skin Writer와 의약품·영양제 소개를 확인; 게시물 본문은 별도 검토 대기 | 2026-08-05 최근12 관측: 공개 릴스 12/12 확인, 공개 좋아요 미노출로 평소좋아요율 미기록 | 2026-08-06 최근12 관측 완료; 조회수·중앙값·최고조회수 미기록: 공개 조회수 미노출 | 평소좋아요율 미확인: 콘텐츠 원장에 계정평소좋아요율 원값 없음; 릴스 없음 큐 정리(2026-08-06): QUEUE.csv 정확한 보류사유 확인 후 완료 처리. 재방문예정일을 마지막 정면채굴일시+30일로 설정"
efficahealth,Effica Health,해외 메디컬 인접 계정,,7374,66,,749.5,9500,,,여성건강·폐경·근거기반 케어,,있음,김주성·오약·선영,B,실계정,,2026-08-05T18:19:19.736Z,DbbEr03ob0z,2026-08-12T04:40:23+09:00,E7 해외 공개 웹 후보·Instagram 직접 확인,0,,"공개 프로필에서 의료·건강 카테고리와 폐경 관리·근거기반 케어·무료 상담 예약·Meno Myths·Our Team 하이라이트를 확인; 개인 약사 계정이 아닌 여성건강 케어 계정으로 분류 | 2026-08-05 최근12 관측: 공개 릴스 12/12 확인, 공개 좋아요 미노출로 평소좋아요율 미기록 | 최근30일게시수 미확인: 최근 12개 원문이 완전하지 않음 | 평소좋아요율 미확인: 콘텐츠 원장에 계정평소좋아요율 원값 없음"
mfdskorea,식품의약품안전처 (식약처),국내 메디컬 인접 계정,한국,5.5만,5320,,2909,1259000,,,의약품·식품안전·공공보건·건강정보,,공용,,B,실계정,,2026-08-06T00:05:22.194Z,DbACE59D05J,2026-09-05T09:05:22.194+09:00,E1 공개 웹 후보·Instagram 직접 확인,0,,"공개 프로필에서 식품의약품안전처 공식 인증 계정과 식품·의약품 안전·영양정보·식중독 예방·어린이 의약정보 콘텐츠를 확인; 개인 약사 계정이 아닌 공공기관 계정으로 분류 | 2026-08-05 최근12 관측: 조회수 12/12, 공개 좋아요 0/12 | 2026-08-06 최근12 관측 완료; 조회수·중앙값·최고조회수 미기록: 공개 조회수 미노출 | 최근30일게시수 미확인: 최근 12개가 모두 30일 안에 있어 전체 개수를 확정할 수 없음 | 평소좋아요율 미확인: 콘텐츠 원장에 계정평소좋아요율 원값 없음; 릴스 없음 큐 정리(2026-08-06): QUEUE.csv 정확한 보류사유 확인 후 완료 처리. 재방문예정일을 마지막 정면채굴일시+30일로 설정"
yes_yaksa,예스약사 Yes Yaksa,국내 약사 인플루언서,한국,742,9,,,,,,약국·약국화장품·영양제·복약상담,,,김주성·오약·선영,B,실계정,,2026-08-05T23:54:15.819Z,Dbc6-ufJDkq,2026-09-05T08:54:15.819+09:00,E1 공개 웹 후보·Instagram 직접 확인,0,,"공개 프로필에서 Pharmacist based in Seoul과 건강·뷰티 카테고리를 확인; 최근 게시물에서 약국화장품·영양제·마그네슘·감기약·복약량 정보를 확인; 국내 약사 인플루언서로 추가 | 2026-08-05 최근12 관측: 공개 릴스 9/12만 확인, 중앙값·최고조회수 미기록 사유: 공개 프로필 릴스 9건만 노출 | 2026-08-05 최근12 관측: 공개 릴스 9/12만 확인, 중앙값·최고조회수 미기록 사유: 공개 프로필 릴스 9건만 노출 | 2026-08-05 최근12 관측 실패·부분 확인(9/12); 조회수·중앙값·최고조회수 미기록: 공개 조회수 미노출 | 최근30일게시수 미확인: 최근 12개 원문이 완전하지 않음 | 평소좋아요율 미확인: 콘텐츠 원장에 계정평소좋아요율 원값 없음; 릴스 없음 큐 정리(2026-08-06): QUEUE.csv 정확한 보류사유 확인 후 완료 처리. 재방문예정일을 마지막 정면채굴일시+30일로 설정"
mirandalouisechan,Miranda Chan,해외 약사 인플루언서,호주,454,36,,707.5,1378,,,임상종양약학·여성건강·피부·근거기반 케어,,있음,김주성·오약·선영,B,실계정,,2026-08-05T18:42:58.877Z,DbXr-WHDmXd,2026-09-05T03:42:58.877+09:00,E7 해외 공개 웹 후보·Instagram 직접 확인,0,,"공개 프로필에서 Clinical Oncology Pharmacist·Pretty Proven 창업자·Sunseal COO를 확인; 여성건강·피부·근거기반 케어 관련 계정 운영으로 분류 | 2026-08-05 최근12 관측: 공개 릴스 12/12 확인, 공개 좋아요 미노출로 평소좋아요율 미기록 | 최근30일게시수 미확인: 최근 12개 원문이 완전하지 않음 | 평소좋아요율 미확인: 콘텐츠 원장에 계정평소좋아요율 원값 없음; 릴스 없음 큐 정리(2026-08-06): QUEUE.csv 정확한 보류사유 확인 후 완료 처리. 재방문예정일을 마지막 정면채굴일시+30일로 설정"
spa_official2,38대 서울시약사회 공식계정,국내 메디컬 인접 계정,한국,2156,103,,,,,,서울시약사회·약물안전·공공심야약국·건강광고 판독,,,공용,B,실계정,,2026-08-07T13:37:04+09:00,,2026-08-12T05:04:26+09:00,E1 공개 웹 후보·Instagram 직접 확인,0,,"서울시약사회 공식 계정에서 안전상비의약품·약사 상담·공공심야약국·건강광고 판독 콘텐츠를 확인; 개인 약사 계정이 아닌 협회 계정으로 분류 | 2026-08-05 최근12 관측: 공개 릴스 0/12만 확인, 중앙값·최고조회수 미기록 사유: 공개 프로필 릴스 0건만 노출 | 2026-08-06 최근12 관측 실패·부분 확인(0/12); 조회수·중앙값·최고조회수 미기록: profile HTTP 410 | 2026-08-06 최근12 관측 실패·부분 확인(0/12); 조회수·중앙값·최고조회수 미기록: official profile HTML exposed no recent reel shortcodes | 최근30일게시수 미확인: raw 최근12 관측 없음 | 평소좋아요율 미확인: 콘텐츠 원장에 계정평소좋아요율 원값 없음 | 2026-08-07T13:37:04+09:00 E1 로그인 세션 재확인: 프로필 URL에서 페이지를 사용할 수 없다는 메시지를 확인해 새 지표·콘텐츠를 기록하지 않음."
medikingdom_pharmacy,메디킹덤약국 | 용산 약국,국내 메디컬 인접 계정,한국,506,54,,2033.5,22000,,,대형 약국·의약품·건강기능식품·더마화장품·펫케어·맞춤상담,,있음,공용,B,실계정,,2026-08-06T00:44:32.675Z,DbplGswD-vy,2026-08-12T05:04:26+09:00,E1 공개 웹 후보·Instagram 직접 확인,0,,"공개 프로필에서 용산 800평 규모 약국과 약사 1:1 맞춤 상담·의약품·건강기능식품·더마화장품·펫케어·한방제품을 확인; 개인 약사 계정이 아닌 약국 계정으로 분류 | 2026-08-05 최근12 관측: 공개 릴스 12/12 확인, 공개 좋아요 미노출로 평소좋아요율 미기록 | 2026-08-06 최근12 관측 완료; 조회수·중앙값·최고조회수 미기록: 공개 조회수 미노출 | 최근30일게시수 미확인: 최근 12개가 모두 30일 안에 있어 전체 개수를 확정할 수 없음 | 평소좋아요율 미확인: 콘텐츠 원장에 계정평소좋아요율 원값 없음"
nhis_korea,국민건강보험,국내 메디컬 인접 계정,한국,4.9만,2057,,9011.5,5412000,,,국민건강보험공단·공공건강·건강보험·금연·폭염·의료비,,,공용,B,실계정,,2026-08-06T00:08:20.743Z,DbnKb8TTh7M,2026-09-05T09:08:20.743+09:00,E1 공개 웹 후보·Instagram 직접 확인,0,,"공개 인증 프로필에서 국민건강보험공단 공식 공공 및 정부 기관 계정·폭염·금연치료·의료비·건강보험 콘텐츠를 확인; 개인 약사 계정이 아닌 공공기관 계정으로 분류 | 2026-08-05 최근12 관측: 조회수 12/12, 공개 좋아요 0/12 | 2026-08-06 최근12 관측 완료; 조회수·중앙값·최고조회수 미기록: 공개 조회수 미노출 | 최근30일게시수 미확인: 최근 12개가 모두 30일 안에 있어 전체 개수를 확정할 수 없음 | 평소좋아요율 미확인: 콘텐츠 원장에 계정평소좋아요율 원값 없음; 릴스 없음 큐 정리(2026-08-06): QUEUE.csv 정확한 보류사유 확인 후 완료 처리. 재방문예정일을 마지막 정면채굴일시+30일로 설정"
bodoc_official,보닥 공식 인스타그램,국내 메디컬 인접 계정,한국,5065,123,0,495.5,770,,,의료·건강·생활건강·복약·영양정보,,,공용,B,실계정,,2026-08-06T00:24:46.981Z,DZri71xDyoN,2026-09-05T09:24:46.981+09:00,E1 공개 웹 후보·Instagram 직접 확인,0,,"공개 프로필에서 의료 및 건강 카테고리와 약·처방전·식품 보관·카페인·생활 건강 카드뉴스를 확인; 개인 약사 계정이 아닌 건강정보 계정으로 분류 | 2026-08-05 최근12 관측: 조회수 12/12, 공개 좋아요 0/12 | 2026-08-06 최근12 관측 완료; 조회수·중앙값·최고조회수 미기록: 공개 조회수 미노출 | 평소좋아요율 미확인: 콘텐츠 원장에 계정평소좋아요율 원값 없음; 릴스 없음 큐 정리(2026-08-06): QUEUE.csv 정확한 보류사유 확인 후 완료 처리. 재방문예정일을 마지막 정면채굴일시+30일로 설정"
broadwater.pharmacy,Broadwater Pharmacy,해외 메디컬 인접 계정,호주,281,80,,1142.5,2503,,,약국·처방전·일상 돌봄·여성건강 약사상담,,,공용,B,실계정,,2026-08-05T18:47:55.218Z,DbA6CANp6Q2,2026-08-12T05:15:03+09:00,E7 공개 웹 후보·Instagram 직접 확인,0,,"호주 Busselton–Dunsborough 지역 독립 약국 공개 프로필에서 처방전·일상 돌봄·여성건강 약사상담 콘텐츠와 약국 운영 정보를 확인; 개인 약사 계정이 아닌 약국 계정으로 분류 | 2026-08-05 최근12 관측: 공개 릴스 12/12 확인, 공개 좋아요 미노출로 평소좋아요율 미기록 | 최근30일게시수 미확인: 최근 12개 원문이 완전하지 않음 | 평소좋아요율 미확인: 콘텐츠 원장에 계정평소좋아요율 원값 없음"
stg_wellness,Sandra Tadros Guirguis | Holistic Wellness Pharmacist,해외 약사 인플루언서,캐나다,2886,442,,1978.5,5857,,,폐경·여성건강·약사상담·운동·근거기반 웰니스,,,공용,A,실계정,,2026-08-05T18:28:28.676Z,DABADS5J8HX,2026-08-12T05:15:03+09:00,E7 공개 웹 후보·Instagram 직접 확인,0,,"공개 프로필에서 약사·Menopause Society Certified Practitioner·Clinical Pharmacist·작가·공개강연자 자격 신호를 확인; 폐경과 여성건강 교육 중심의 개인 약사 계정으로 분류 | 2026-08-05 최근12 관측: 공개 릴스 12/12 확인, 공개 좋아요 미노출로 평소좋아요율 미기록 | 최근30일게시수 미확인: 최근 12개 원문이 완전하지 않음 | 평소좋아요율 미확인: 콘텐츠 원장에 계정평소좋아요율 원값 없음"
hayu_pharmacist,하유약사 | 이지영 | 염증 & 혈당,국내 약사 인플루언서,한국,5.4만,250,,51500,2245000,,,염증·혈당·항염증·영양제·약사상담,,있음,김주성·오약·선영·공용,B,실계정,,2026-08-05T23:39:20.281Z,DWgLYi2j1ga,2026-09-05T08:39:20.281+09:00,E1 공개 웹 후보·Instagram 직접 확인,0,,"공개 인증 프로필에서 염증·혈당 전문 약사와 10년 만성염증 경험을 확인; 컬리케일·오메가3·혈당 프로젝트 하이라이트 및 제품 링크를 확인해 국내 약사 인플루언서로 분류 | 2026-08-05 최근12 관측: 조회수 12/12, 공개 좋아요 0/12 | 2026-08-05 최근12 관측 완료; 조회수·중앙값·최고조회수 미기록: 공개 조회수 미노출 | 최근30일게시수 미확인: 최근 12개 원문이 완전하지 않음 | 평소좋아요율 미확인: 콘텐츠 원장에 계정평소좋아요율 원값 없음; 릴스 없음 큐 정리(2026-08-06): QUEUE.csv 정확한 보류사유 확인 후 완료 처리. 재방문예정일을 마지막 정면채굴일시+30일로 설정"
jilgyungyi_official,질경이 JILGYUNGYI,국내 메디컬 인접 계정,한국,8798,741,,957,159000,,,여성청결제·여성건강 정보·여성 케어,,,공용,B,실계정,,2026-08-06T00:17:50.821Z,DHUj6fsTswj,2026-09-05T09:17:50.821+09:00,E1 공개 웹 후보·Instagram 직접 확인,0,,"여성청결제 전문 브랜드 공개 프로필에서 여성 고민과 여성 케어 정보 콘텐츠 및 공식 판매 링크를 확인; 개인 약사 계정이 아닌 브랜드 계정으로 분류 | 2026-08-05 최근12 관측: 조회수 12/12, 공개 좋아요 0/12 | 2026-08-06 최근12 관측 완료; 조회수·중앙값·최고조회수 미기록: 공개 조회수 미노출 | 최근30일게시수 미확인: 최근 12개 원문이 완전하지 않음 | 평소좋아요율 미확인: 콘텐츠 원장에 계정평소좋아요율 원값 없음; 릴스 없음 큐 정리(2026-08-06): QUEUE.csv 정확한 보류사유 확인 후 완료 처리. 재방문예정일을 마지막 정면채굴일시+30일로 설정"
ggultip_yaksa,꿀팁약사 | 혈당·혈압·고지혈증 | 하정봉,국내 약사 인플루언서,한국,6.1만,470,,,,,,혈당·혈압·고지혈증·대사·영양제·약사상담,,있음,김주성·오약·선영·공용,B,실계정,,2026-08-05T23:37:20.362Z,DbirvkAlPOo,2026-09-05T08:37:20.362+09:00,E1 공개 웹 후보·Instagram 직접 확인,0,,인증된 공개 프로필에서 18년차 약사와 혈당·혈압·고지혈증·대사성 여성질환 소개 및 연속혈당측정기 하이라이트를 확인; 공구와 맞춤 상담 링크가 있어 콘텐츠별 광고 판정을 별도로 관리 | 2026-08-05 최근12 관측 완료; 조회수·중앙값·최고조회수 미기록: 공개 조회수 미노출 | 최근30일게시수 미확인: 최근 12개가 모두 30일 안에 있어 전체 개수를 확정할 수 없음 | 평소좋아요율 미확인: 콘텐츠 원장에 계정평소좋아요율 원값 없음; 릴스 없음 큐 정리(2026-08-06): QUEUE.csv 정확한 보류사유 확인 후 완료 처리. 재방문예정일을 마지막 정면채굴일시+30일로 설정
yaksa_mh,명훈 약사 | 약사피셜·최명훈,국내 약사 인플루언서,한국,5만,433,10,,,,0.38%,약사상담·혈당·영양제·비타민D·오메가3·수면,있음,있음,김주성·오약·선영·공용,B,실계정,,2026-08-05T15:05:32.813Z,DWEXC7aEkto,2026-09-05T00:05:32.813+09:00,E1 공개 웹 후보·Instagram 직접 확인,0,,"인증된 공개 프로필에서 약사 소개와 당뇨약·혈당 영양제·비타민D·오메가3·수면 제품 콘텐츠 및 공구 링크를 확인; 개인 약사 계정으로 분류하고 콘텐츠별 광고 판정을 별도로 관리 | 2026-08-05 최근12 관측: 조회수 0/12, 공개 좋아요 10/12, 평소좋아요율 0.38% | 평소좋아요율 미확인: 콘텐츠 원장에 계정평소좋아요율 원값 없음; 릴스 없음 큐 정리(2026-08-06): QUEUE.csv 정확한 보류사유 확인 후 완료 처리. 재방문예정일을 마지막 정면채굴일시+30일로 설정"
ewha_yaksa,이화약사 | 피부미용·건강상담·다이어트,국내 약사 인플루언서,한국,1709,800,0,2467,4046,,,피부미용·건강상담·다이어트·운동,,,공용,B,실계정,,2026-08-05T23:50:45.958Z,CjXTGFyA15T,2026-09-05T08:50:45.958+09:00,E1 공개 웹 후보·Instagram 직접 확인,0,,"공개 프로필에서 이화약사 이름과 약사·건강·미용 소개 및 피부미용·건강상담·다이어트 콘텐츠를 확인; 수원 망포 뷰티온의원 링크를 함께 기록 | 2026-08-05 최근12 관측: 조회수 12/12, 공개 좋아요 0/12 | 2026-08-05 최근12 관측 완료; 조회수·중앙값·최고조회수 미기록: 공개 조회수 미노출 | 평소좋아요율 미확인: 콘텐츠 원장에 계정평소좋아요율 원값 없음; 릴스 없음 큐 정리(2026-08-06): QUEUE.csv 정확한 보류사유 확인 후 완료 처리. 재방문예정일을 마지막 정면채굴일시+30일로 설정"
yourhsis,약사동생,국내 약사 인플루언서,한국,7710,103,,110000,1582000,,,영양제·다이어트·피부·약사상담,,,공용,B,실계정,,2026-08-05T23:48:02.549Z,Dbn33vRA1Z6,2026-08-12T05:37:41+09:00,E1 공개 웹 후보·Instagram 직접 확인,0,,"6년차 약사가 직접 확인한다는 공개 소개와 영양제·다이어트·피부 정보·1:1 상담 링크를 확인해 국내 약사 인플루언서로 분류 | 2026-08-05 최근12 관측: 조회수 12/12, 공개 좋아요 0/12 | 2026-08-05 최근12 관측 완료; 조회수·중앙값·최고조회수 미기록: 공개 조회수 미노출 | 최근30일게시수 미확인: 최근 12개가 모두 30일 안에 있어 전체 개수를 확정할 수 없음 | 평소좋아요율 미확인: 콘텐츠 원장에 계정평소좋아요율 원값 없음"
3paranmoon,3층파란문약국,국내 메디컬 인접 계정,한국,826,343,,618.5,29000,,,지역 약국·일반의약품·복약상담·수면·소화,,,공용,B,실계정,,2026-08-06T00:40:00.368Z,DblRSH7pSR1,2026-08-12T05:46:47+09:00,E1 공개 웹 후보·Instagram 직접 확인,0,,"용산 3층파란문약국 공개 프로필에서 약국 운영과 일반의약품·수면·소화·진통제 안내 콘텐츠를 확인; 개인 약사 계정이 아닌 약국 계정으로 분류 | 2026-08-05 최근12 관측: 공개 릴스 12/12 확인, 공개 좋아요 미노출로 평소좋아요율 미기록 | 2026-08-06 최근12 관측 완료; 조회수·중앙값·최고조회수 미기록: 공개 조회수 미노출 | 최근30일게시수 미확인: 최근 12개가 모두 30일 안에 있어 전체 개수를 확정할 수 없음 | 평소좋아요율 미확인: 콘텐츠 원장에 계정평소좋아요율 원값 없음"
kmom_yaksa,케이맘약사 | 김일하,국내 약사 인플루언서,한국,6.6만,195,0,,,,,온가족 영양제·약국템·수면·약사상담,,,공용,B,실계정,,2026-08-05T23:37:20.362Z,DYlf66fj4Fg,2026-09-05T08:37:20.362+09:00,E1 공개 웹 후보·Instagram 직접 확인,0,,인증된 공개 프로필에서 12년차 약사와 온가족 영양제 선택 기준·약국 수면템·약사 하이라이트를 확인해 국내 약사 인플루언서로 분류 | 2026-08-05 최근12 관측 완료; 조회수·중앙값·최고조회수 미기록: 공개 조회수 미노출 | 평소좋아요율 미확인: 콘텐츠 원장에 계정평소좋아요율 원값 없음; 릴스 없음 큐 정리(2026-08-06): QUEUE.csv 정확한 보류사유 확인 후 완료 처리. 재방문예정일을 마지막 정면채굴일시+30일로 설정
medical_newsroom,메디컬뉴스룸,국내 메디컬 인접 계정,한국,18.5만,4532,,66000,8027000,,,건강·의학·의학뉴스·건강제품·건강상식,,,공용,A,실계정,,2026-08-06T00:05:22.194Z,Da42AjBDLh3,2026-09-05T09:05:22.194+09:00,E1 공개 웹 후보·Instagram 직접 확인,0,,"인증된 공개 프로필에서 의료 및 건강 카테고리와 건강·의학 최신 트렌드·의학뉴스·건강제품 콘텐츠를 확인; 개인 의료인 계정이 아닌 건강정보 미디어 계정으로 분류 | 2026-08-05 최근12 관측: 조회수 12/12, 공개 좋아요 0/12 | 2026-08-06 최근12 관측 완료; 조회수·중앙값·최고조회수 미기록: 공개 조회수 미노출 | 최근30일게시수 미확인: 최근 12개가 모두 30일 안에 있어 전체 개수를 확정할 수 없음 | 평소좋아요율 미확인: 콘텐츠 원장에 계정평소좋아요율 원값 없음; 릴스 없음 큐 정리(2026-08-06): QUEUE.csv 정확한 보류사유 확인 후 완료 처리. 재방문예정일을 마지막 정면채굴일시+30일로 설정"
jsr032_,더편한장사랑내과 종합건강검진센터,국내 메디컬 인접 계정,한국,141,154,,240.5,445,,,소화기내과·건강검진·내시경·5대암검진·건강정보,,,공용,A,실계정,,2026-08-05T18:07:17.087Z,DQYjfHYEq1A,2026-08-12T05:51:49+09:00,E1 공개 웹 후보·Instagram 직접 확인,0,,"인천 남동구 소화기내시경 세부전문의 검진센터 공개 프로필에서 위·대장·간·유방·자궁경부암 검진과 내시경 준비·건강정보 콘텐츠를 확인; 병원 계정으로 분류 | 2026-08-05 최근12 관측: 공개 릴스 12/12 확인, 공개 좋아요 미노출로 평소좋아요율 미기록 | 최근30일게시수 미확인: 최근 12개 원문이 완전하지 않음 | 평소좋아요율 미확인: 콘텐츠 원장에 계정평소좋아요율 원값 없음"
gangnam_yaksa,강남약사 | 탈모 다이어트 피부 상담,국내 약사 인플루언서,한국,282,13,0,,,,,탈모·다이어트·피부·임산부건강·동물약·약국상담,,,공용,B,실계정,,2026-08-05T23:54:15.819Z,C4eVNOdhfxQ,2026-09-05T08:54:15.819+09:00,E1 공개 웹 후보·Instagram 직접 확인,0,,"강남스퀘어약국 대표약사 공개 프로필에서 임산부건강·동물약·강남역 탈모·다이어트·피부 상담 소개를 확인해 국내 약사 인플루언서로 분류 | 2026-08-05 최근12 관측: 공개 릴스 4/12만 확인, 중앙값·최고조회수 미기록 사유: 공개 프로필 릴스 4건만 노출 | 2026-08-05 최근12 관측: 공개 릴스 4/12만 확인, 중앙값·최고조회수 미기록 사유: 공개 프로필 릴스 4건만 노출 | 2026-08-05 최근12 관측: 공개 릴스 3/12만 확인, 중앙값·최고조회수 미기록 사유: 공개 프로필 릴스 3건만 노출 | 2026-08-05 최근12 관측 완료; 조회수·중앙값·최고조회수 미기록: 공개 조회수 미노출 | 평소좋아요율 미확인: 콘텐츠 원장에 계정평소좋아요율 원값 없음; 릴스 없음 큐 정리(2026-08-06): QUEUE.csv 정확한 보류사유 확인 후 완료 처리. 재방문예정일을 마지막 정면채굴일시+30일로 설정"
malti_yaksa,말티약사 | 약사 김근형,국내 약사 인플루언서,한국,1.9만,143,9,,,,,약물안전·안구건조·탈모·피로회복·복약상담,,,공용,A,실계정,,2026-08-05T23:48:02.549Z,DXB292PiYzW,2026-09-05T08:48:02.549+09:00,E1 공개 웹 후보·Instagram 직접 확인,0,,인증된 의료 및 건강 카테고리에서 약사 김근형 소개와 인공눈물·구충제·피로회복·탈모·약상담 콘텐츠를 확인해 국내 약사 인플루언서로 분류 | 2026-08-05 최근12 관측 완료; 조회수·중앙값·최고조회수 미기록: 공개 조회수 미노출 | 평소좋아요율 미확인: 콘텐츠 원장에 계정평소좋아요율 원값 없음; 릴스 없음 큐 정리(2026-08-06): QUEUE.csv 정확한 보류사유 확인 후 완료 처리. 재방문예정일을 마지막 정면채굴일시+30일로 설정
heung_di,흥디약사 | 화장품성분분석 3040 피부,국내 약사 인플루언서,한국,4392,333,9,5174,34000,,,피부·화장품성분·피부장벽·약사Q&A·생활건강,,,김주성·오약·선영,B,실계정,,2026-08-05T15:46:22.7419827Z,DYOx7euycJM,2026-09-05T00:46:22.741+09:00,E1 공개 웹 후보·Instagram 직접 확인,0,,"공개 프로필에서 약사·대한약사회 KPA 수상·3040 피부 성분표·루틴 분석을 확인해 국내 약사 인플루언서로 분류 | 2026-08-05 최근12 관측: 조회수 12/12, 공개 좋아요 0/12 | 평소좋아요율 미확인: 콘텐츠 원장에 계정평소좋아요율 원값 없음; 릴스 없음 큐 정리(2026-08-06): QUEUE.csv 정확한 보류사유 확인 후 완료 처리. 재방문예정일을 마지막 정면채굴일시+30일로 설정"
ceci_yaksa,쎄씨약사 최혜은 | 세포들의 시간,국내 약사 인플루언서,한국,12.7만,564,,31500,184000,,,피부장벽·화장품성분·약사상담·피부루틴·여성건강,,,김주성·선영·오약,B,실계정,,2026-08-08T14:12:34+09:00,DWPZxExkwxc,2026-09-07T14:12:34+09:00,E1 공개 웹 후보·Instagram 직접 확인,0,,"인증된 공개 프로필에서 18년차 약사·피부장벽 루틴 브랜드 창업자·피부루틴 하이라이트와 화장품 성분 콘텐츠를 확인해 국내 약사 인플루언서로 분류 | 2026-08-05 최근12 관측 완료; 조회수·중앙값·최고조회수 미기록: 공개 조회수 미노출 | 최근30일게시수 미확인: 최근 12개 원문이 완전하지 않음 | 평소좋아요율 미확인: 콘텐츠 원장에 계정평소좋아요율 원값 없음; 릴스 없음 큐 정리(2026-08-06): QUEUE.csv 정확한 보류사유 확인 후 완료 처리. 재방문예정일을 마지막 정면채굴일시+30일로 설정 | 2026-08-08 logged-in read-only recent12: 12/12 reel views; median 31500; max 184000; first three tiles visibly pinned; recent30 post count, usual-like rate, and recent20 ad count unresolved."
dralishareed,Dr. Alisha Reed | Pharmacist & Wellness Educator,해외 약사 인플루언서,미국,2.7만,2221,9,12000,119000,,,여성건강·심장건강·웰니스교육·건강문해력·약사관점,,,공용,B,실계정,,2026-08-06T01:06:17.539Z,DXXv7xsESBu,2026-08-12T06:16:22+09:00,E1 공개 웹 후보·Instagram 직접 확인,0,,"인증된 공개 프로필에서 Pharmacist & Wellness Educator 소개와 40대 여성 대상 REFILL 전략·심장건강·모성 웰니스·약사 관점 콘텐츠를 확인해 해외 약사 인플루언서로 분류 | 2026-08-05 최근12 관측: 공개 릴스 12/12 확인, 공개 좋아요 미노출로 평소좋아요율 미기록 | 2026-08-06 최근12 관측 완료; 조회수·중앙값·최고조회수 미기록: 공개 조회수 미노출 | 평소좋아요율 미확인: 콘텐츠 원장에 계정평소좋아요율 원값 없음"
seokyoung.park1223,푸른나무약국 | 피부·다이어트·영양제·건강 상담 약사,국내 메디컬 인접 계정,한국,60,16,0,,,,,피부·다이어트·영양제·면역·동물약·약사상담,,,공용,B,실계정,,2026-08-06T00:50:44.902Z,DUMzFt4E293,2026-08-12T06:20:57+09:00,E1 공개 웹 후보·Instagram 직접 확인,0,,"푸른나무약국 공개 프로필에서 약사 직접응대·피부·다이어트·영양제·동물약 상담과 365일 약국 운영을 확인해 국내 메디컬 인접 계정으로 분류 | 2026-08-05 최근12 관측: 공개 릴스 0/12만 확인, 중앙값·최고조회수 미기록 사유: 공개 프로필 릴스 0건만 노출 | 2026-08-06 최근12 관측 완료; 조회수·중앙값·최고조회수 미기록: 공개 조회수 미노출 | 평소좋아요율 미확인: 콘텐츠 원장에 계정평소좋아요율 원값 없음"
youjin_yaksa,유진약사💊 | 하유진,국내 약사 인플루언서,한국,3만,211,10,,,,,건강·뷰티·여성건강·피부장벽·영양제·약국약정보,,,김주성·선영·오약,B,실계정,,2026-08-05T23:44:09.321Z,DYexsofAS0G,2026-09-05T08:44:09.321+09:00,E1 공개 웹 후보·Instagram 직접 확인,0,,인증된 공개 프로필에서 서울대 약대·11년차 약사 소개와 건강·뷰티·여성건강·피부장벽·영양제 하이라이트를 확인해 국내 약사 인플루언서로 분류 | 2026-08-05 최근12 관측 완료; 조회수·중앙값·최고조회수 미기록: 공개 조회수 미노출 | 평소좋아요율 미확인: 콘텐츠 원장에 계정평소좋아요율 원값 없음; 릴스 없음 큐 정리(2026-08-06): QUEUE.csv 정확한 보류사유 확인 후 완료 처리. 재방문예정일을 마지막 정면채굴일시+30일로 설정
bada_yaksa,바다약사ㅣ염증·혈당·다이어트ㅣ약보다 습관 먼저,국내 약사 인플루언서,한국,1.6만,115,,,,,,혈당·염증·다이어트·건강습관·시니어건강·아이건강,,,공용,B,실계정,,2026-08-05T23:48:02.549Z,DbnwvEPD_l-,2026-09-05T08:48:02.549+09:00,E1 공개 웹 후보·Instagram 직접 확인,0,,인증된 공개 프로필에서 약사가 검증한 근거 기반 건강 루틴·10년 현장 상담 경험·혈당·염증·다이어트·아이건강 하이라이트를 확인해 국내 약사 인플루언서로 분류 | 2026-08-05 최근12 관측 완료; 조회수·중앙값·최고조회수 미기록: 공개 조회수 미노출 | 최근30일게시수 미확인: 최근 12개가 모두 30일 안에 있어 전체 개수를 확정할 수 없음 | 평소좋아요율 미확인: 콘텐츠 원장에 계정평소좋아요율 원값 없음; 릴스 없음 큐 정리(2026-08-06): QUEUE.csv 정확한 보류사유 확인 후 완료 처리. 재방문예정일을 마지막 정면채굴일시+30일로 설정
healthy.yaksa,헬씨약사 | 약사의 “진짜” 건강 다이어트,국내 약사 인플루언서,한국,1.1만,69,8,,,,19.83%,혈당·다이어트·성분분석·레시피·건강습관,,,김주성·선영·오약,B,실계정,,2026-08-05T23:48:02.549Z,DHtMZm1PObp,2026-09-05T08:48:02.549+09:00,E1 공개 웹 후보·Instagram 직접 확인,0,,"인증된 공개 프로필에서 혈당 실험·약사의 건강 선택 기준·다이어트 레시피·혈당·성분 리뷰 하이라이트를 확인해 국내 약사 인플루언서로 분류 | 2026-08-05 최근12 관측: 조회수 0/12, 공개 좋아요 12/12, 평소좋아요율 19.83% | 2026-08-05 최근12 관측 완료; 조회수·중앙값·최고조회수 미기록: 공개 조회수 미노출 | 평소좋아요율 미확인: 콘텐츠 원장에 계정평소좋아요율 원값 없음; 릴스 없음 큐 정리(2026-08-06): QUEUE.csv 정확한 보류사유 확인 후 완료 처리. 재방문예정일을 마지막 정면채굴일시+30일로 설정"
yaksa_hwanghaeyeon_,황해연 푸드닥터,국내 약사 인플루언서,한국,2121,480,,938.5,170000,,,다이어트·대사·혈압·신장건강·건강관리,,있음,김주성·오약·선영·공용,B,실계정,,2026-08-05T23:50:45.958Z,DbqbtmipiTK,2026-09-05T08:50:45.958+09:00,E1 공개 웹 후보·Instagram 직접 확인,0,,"공개 프로필에서 30년 경력 약사·중앙대 약학과 전공·다이어트·대사·혈압·신장건강 콘텐츠와 죽염 다이어트 링크를 확인해 국내 약사 인플루언서로 분류 | 2026-08-05 최근12 관측: 조회수 12/12, 공개 좋아요 0/12 | 2026-08-05 최근12 관측 완료; 조회수·중앙값·최고조회수 미기록: 공개 조회수 미노출 | 최근30일게시수 미확인: 최근 12개가 모두 30일 안에 있어 전체 개수를 확정할 수 없음 | 평소좋아요율 미확인: 콘텐츠 원장에 계정평소좋아요율 원값 없음; 릴스 없음 큐 정리(2026-08-06): QUEUE.csv 정확한 보류사유 확인 후 완료 처리. 재방문예정일을 마지막 정면채굴일시+30일로 설정"
manyjjju_yaksa,마니쭈 약사👩🏻‍⚕️ 손은주 | 다이어트 • 저속노화,국내 약사 인플루언서,한국,5766,99,11,6594,304000,,,다이어트·저속노화·약물부작용·광고판별·건강관리·영양제,,있음,김주성·오약·선영·공용,B,실계정,,2026-08-05T23:50:45.958Z,DVsZl-aE7rx,2026-09-05T08:50:45.958+09:00,E1 공개 웹 후보·Instagram 직접 확인,0,,"인증된 공개 프로필에서 인증 배지·39년차 약사·다이어트·저속노화·제품 부작용·과대광고 판별 소개와 약·화장품·영양제 하이라이트를 확인해 국내 약사 인플루언서로 분류 | 2026-08-05 최근12 관측: 조회수 12/12, 공개 좋아요 0/12 | 2026-08-05 최근12 관측 완료; 조회수·중앙값·최고조회수 미기록: 공개 조회수 미노출 | 평소좋아요율 미확인: 콘텐츠 원장에 계정평소좋아요율 원값 없음; 릴스 없음 큐 정리(2026-08-06): QUEUE.csv 정확한 보류사유 확인 후 완료 처리. 재방문예정일을 마지막 정면채굴일시+30일로 설정"
hi_kim_yaksa,하이킴약사 ㅣ 마인드스낵 대표인플루언서,국내 약사 인플루언서,한국,2.2만,750,,,,,,뷰티·건강관리·피부·영양제·약물안전,,있음,김주성·오약·선영·공용,B,실계정,,2026-08-05T23:44:09.321Z,Dbo6KhOk9TO,2026-09-05T08:44:09.321+09:00,E1 공개 웹 후보·Instagram 직접 확인,0,,인증된 공개 프로필에서 인증 배지·18년차 약사·뷰티 건강관리·피부·영양제·약물안전 상담과 월별 하이라이트를 확인해 국내 약사 인플루언서로 분류 | 2026-08-05 최근12 관측 완료; 조회수·중앙값·최고조회수 미기록: 공개 조회수 미노출 | 최근30일게시수 미확인: 최근 12개가 모두 30일 안에 있어 전체 개수를 확정할 수 없음 | 평소좋아요율 미확인: 콘텐츠 원장에 계정평소좋아요율 원값 없음; 릴스 없음 큐 정리(2026-08-06): QUEUE.csv 정확한 보류사유 확인 후 완료 처리. 재방문예정일을 마지막 정면채굴일시+30일로 설정
healthwellnesspharmacist1,Muhammad Javaid,해외 약사 인플루언서,국가 미상,1.5만,2738,,13500,30000,,,약물상담·건강교육·치료약물·웰니스,,,공용,B,실계정,,2026-08-06T01:06:49.612Z,DbqqHi8DNDN,2026-09-05T10:06:49.612+09:00,E1 공개 웹 후보·Instagram 직접 확인,0,,"공개 프로필에서 Pharmacist·Educator·Health Expert·Therapeutic Drug Consultant 소개와 건강교육·치료약물 상담 계정을 확인해 해외 약사 인플루언서로 분류; 국가 정보는 프로필에 없어 미상으로 유지 | 2026-08-05 최근12 관측: 공개 릴스 12/12 확인, 공개 좋아요 미노출로 평소좋아요율 미기록 | 2026-08-06 최근12 관측 완료; 조회수·중앙값·최고조회수 미기록: 공개 조회수 미노출 | 최근30일게시수 미확인: 최근 12개가 모두 30일 안에 있어 전체 개수를 확정할 수 없음 | 평소좋아요율 미확인: 콘텐츠 원장에 계정평소좋아요율 원값 없음; 릴스 없음 큐 정리(2026-08-06): QUEUE.csv 정확한 보류사유 확인 후 완료 처리. 재방문예정일을 마지막 정면채굴일시+30일로 설정"
inbodypharm,InBodyPharmacy,국내 메디컬 인접 계정,한국,299,60,3,,,,,약국 솔루션·상담약국·약사교육·인바디·건강상담,,있음,공용,B,실계정,,2026-08-09T04:05:59+09:00,DbAeQwnRWWX,2026-08-12T07:00:42+09:00,E1 공개 웹 후보·Instagram 직접 확인,0,,"공개 프로필에서 인바디 공식 약국 솔루션·상담약국·약사 가능 사업과 약국현장·약사학회·약사님 리얼후기 하이라이트를 확인해 국내 메디컬 인접 계정으로 분류 | 2026-08-05 최근12 관측: 공개 릴스 8/12만 확인, 중앙값·최고조회수 미기록 사유: 공개 프로필 릴스 8건만 노출 | 2026-08-06 최근12 관측 완료; 조회수·중앙값·최고조회수 미기록: 공개 조회수 미노출 | 평소좋아요율 미확인: 콘텐츠 원장에 계정평소좋아요율 원값 없음 | 2026-08-09 로그인 read-only 부분 관측: 릴스 8개 조회수 711·803·407·259·165·492·9994·379만 노출되어 recent12 미완료; 중앙값·최고조회수는 공란 유지"
doremi.pharmacy.official,도레미약국 | DOREMI PHARMACY,국내 메디컬 인접 계정,한국,523,16,,1300,7434,,,약국·의약품·웰니스·K-beauty·외국인 방문·약사추천,,있음,공용,B,실계정,,2026-08-05T17:53:45.170Z,Dbf4klrTZw2,2026-08-12T07:00:42+09:00,E1 공개 웹 후보·Instagram 직접 확인,0,,"인증된 공식 약국 프로필에서 Korean Pharmacy·Medicine·Wellness·K-beauty·외국인 방문과 약사추천 게시물을 확인해 국내 메디컬 인접 계정으로 분류 | 2026-08-05 최근12 관측: 공개 릴스 12/12 확인, 공개 좋아요 미노출로 평소좋아요율 미기록 | 최근30일게시수 미확인: 최근 12개 원문이 완전하지 않음 | 평소좋아요율 미확인: 콘텐츠 원장에 계정평소좋아요율 원값 없음"
pharmplay_official,약사들의놀이터 PharmPLAY [💊팜플레이],국내 메디컬 인접 계정,한국,597,47,,580.5,3295,,,약사교육·복약상담·해외약국실무,,있음,공용,B,실계정,,2026-08-05T17:51:58.222Z,DLYBoiMSU62,2026-08-12T07:08:44+09:00,E1 공개 웹 후보·Instagram 직접 확인,0,,"공개 프로필에서 약사들의놀이터 PharmPLAY와 캐나다 약사 플랫폼 소개 및 복약상담·약사교육·북미약국 실무 게시물을 확인해 국내 메디컬 인접 계정으로 분류 | 2026-08-05 최근12 관측: 공개 릴스 12/12 확인, 공개 좋아요 미노출로 평소좋아요율 미기록 | 최근30일게시수 미확인: 최근 12개 원문이 완전하지 않음 | 평소좋아요율 미확인: 콘텐츠 원장에 계정평소좋아요율 원값 없음"
prief_official,약사 교육 플랫폼 PRIEF(프리프),국내 메디컬 인접 계정,한국,4635,174,0,5299.5,9286,,,약사교육·신규약사·스터디,,있음,공용,B,실계정,,2026-08-06T00:27:06.777Z,DVqEQWWBDeW,2026-09-05T09:27:06.777+09:00,E1 공개 웹 후보·Instagram 직접 확인,0,,"공개 프로필에서 짧고 실용적인 약사 교육 플랫폼 소개와 신규약사가이드·스터디·이벤트 하이라이트를 확인해 국내 메디컬 인접 계정으로 분류 | 2026-08-05 최근12 관측: 조회수 12/12, 공개 좋아요 0/12 | 2026-08-06 최근12 관측 완료; 조회수·중앙값·최고조회수 미기록: 공개 조회수 미노출 | 평소좋아요율 미확인: 콘텐츠 원장에 계정평소좋아요율 원값 없음; 릴스 없음 큐 정리(2026-08-06): QUEUE.csv 정확한 보류사유 확인 후 완료 처리. 재방문예정일을 마지막 정면채굴일시+30일로 설정"
yakmanager_official,약매니저,국내 메디컬 인접 계정,한국,1043,911,,270.5,374,,,약국업무·재고관리·의약품주문,,있음,공용,B,실계정,,2026-08-05T17:41:43.069Z,DLEDSYMM6Re,2026-09-05T02:41:43.069+09:00,E1 공개 웹 후보·Instagram 직접 확인,0,,"공개 프로필에서 계수촬영·재고관리·마약류점검부·의약품주문 등 약국 업무 관리 서비스를 확인해 국내 메디컬 인접 계정으로 분류 | 2026-08-05 최근12 관측: 공개 릴스 12/12 확인, 공개 좋아요 미노출로 평소좋아요율 미기록 | 최근30일게시수 미확인: 최근 12개 원문이 완전하지 않음 | 평소좋아요율 미확인: 콘텐츠 원장에 계정평소좋아요율 원값 없음; 릴스 없음 큐 정리(2026-08-06): QUEUE.csv 정확한 보류사유 확인 후 완료 처리. 재방문예정일을 마지막 정면채굴일시+30일로 설정"
lawpharm,Pharmacist Thorrun Health Lawyer,해외 약사 인플루언서,영국,7428,1400,9,,,,,건강의사결정·약사·법률·미디어,,있음,공용,B,실계정,,2026-08-06T01:08:36.102Z,DOUZfbvgtFq,2026-09-05T10:08:36.102+09:00,E1 공개 웹 후보·Instagram 직접 확인,0,,"공개 프로필에서 인증된 Pharmacist Thorrun과 건강 의사결정·약사·Health Lawyer 소개 및 thorrun.co.uk 링크를 확인해 영국 해외 약사 인플루언서로 분류 | 2026-08-05 최근12 관측: 공개 릴스 0/12만 확인, 중앙값·최고조회수 미기록 사유: 공개 프로필 릴스 0건만 노출 | 2026-08-06 최근12 관측 완료; 조회수·중앙값·최고조회수 미기록: 공개 조회수 미노출 | 평소좋아요율 미확인: 콘텐츠 원장에 계정평소좋아요율 원값 없음; 릴스 없음 큐 정리(2026-08-06): QUEUE.csv 정확한 보류사유 확인 후 완료 처리. 재방문예정일을 마지막 정면채굴일시+30일로 설정"
nathan.wu,Nathan Wu,해외 약사 인플루언서,캐나다,1.3만,326,,,,,,약학·공부·생산성·웰니스,,있음,공용,B,실계정,,2026-08-06T01:07:22.300Z,DbleIc_Cmha,2026-09-05T10:07:22.300+09:00,E1 공개 웹 후보·Instagram 직접 확인,0,,"공개 프로필에서 Doctor of Pharmacy·Study and Productivity YouTuber·Toronto 소개와 웰니스·생산성 콘텐츠 신호를 확인해 캐나다 해외 약사 인플루언서로 분류 | 2026-08-05 최근12 관측: 공개 릴스 0/12만 확인, 중앙값·최고조회수 미기록 사유: 공개 프로필 릴스 0건만 노출 | 2026-08-06 최근12 관측 완료; 조회수·중앙값·최고조회수 미기록: 공개 조회수 미노출 | 최근30일게시수 미확인: 최근 12개 원문이 완전하지 않음 | 평소좋아요율 미확인: 콘텐츠 원장에 계정평소좋아요율 원값 없음; 릴스 없음 큐 정리(2026-08-06): QUEUE.csv 정확한 보류사유 확인 후 완료 처리. 재방문예정일을 마지막 정면채굴일시+30일로 설정"
pharmacyatqub,The School of Pharmacy at Queens University Belfast,해외 메디컬 인접 계정,영국,1662,464,,1325,3001,,,약학 교육·의학·진로,,있음,공용,B,실계정,,2026-08-05T18:32:30.013Z,Dbpb-ConSyn,2026-08-12T07:22:11+09:00,E1 공개 웹 후보·Instagram 직접 확인,0,,"Queen’s University Belfast 약학대학 공식 프로필에서 Future Medicines 약학·바이오테크 진로 행사와 의약학 교육 게시물을 확인해 영국 해외 메디컬 인접 계정으로 분류 | 2026-08-05 최근12 관측: 공개 릴스 12/12 확인, 공개 좋아요 미노출로 평소좋아요율 미기록 | 최근30일게시수 미확인: 최근 12개 원문이 완전하지 않음 | 평소좋아요율 미확인: 콘텐츠 원장에 계정평소좋아요율 원값 없음"
hubase_yakguk_official,휴베이스 공식 인스타그램,국내 메디컬 인접 계정,한국,1704,677,,913,3125,,,약국체인·건강문화·약사교육·웰니스,,있음,공용,B,실계정,,2026-08-05T17:32:40.637Z,DbowhTfvneu,2026-09-05T02:32:40.637+09:00,E1 공개 웹 후보·Instagram 직접 확인,0,,"공개 프로필에서 약과 사람을 잇는 건강문화플랫폼 휴베이스 약국 소개와 hubasekorea.co.kr 링크 및 약사·건강 하이라이트를 확인해 국내 메디컬 인접 계정으로 분류 | 2026-08-05 최근12 관측: 공개 릴스 12/12 확인, 공개 좋아요 미노출로 평소좋아요율 미기록 | 최근30일게시수 미확인: 최근 12개 원문이 완전하지 않음 | 평소좋아요율 미확인: 콘텐츠 원장에 계정평소좋아요율 원값 없음; 릴스 없음 큐 정리(2026-08-06): QUEUE.csv 정확한 보류사유 확인 후 완료 처리. 재방문예정일을 마지막 정면채굴일시+30일로 설정"
kpanews1968,약사공론,국내 메디컬 인접 계정,한국,2409,673,,721.5,1531,2.12x(Dbo9vxyozv6); 1.72x(DbmyTrcI6Xd); 1.37x(DbSjeEaovls),,의약품·건강·약국뉴스·약사사회,,있음,공용,B,실계정,,2026-08-07T01:13:48+09:00,DbsDsRCI7sG,2026-08-14T01:13:48+09:00,E1 공개 웹 후보·Instagram 직접 확인,0,,"공개 프로필에서 대한약사회 기관지 약사공론과 의약품·건강·약국 이야기 소개 및 kpanews.co.kr 링크를 확인해 국내 메디컬 인접 계정으로 분류 | 2026-08-05 최근12 관측: 공개 릴스 12/12 확인, 공개 좋아요 미노출로 평소좋아요율 미기록 | 최근30일게시수 미확인: 최근 12개 원문이 완전하지 않음 | 평소좋아요율 미확인: 콘텐츠 원장에 계정평소좋아요율 원값 없음 | 2026-08-06 프로필 직접 확인: 팔로워 2408, 게시물 673, 릴스 그리드 미노출로 최근12 수치는 추가 확인하지 못함 | 2026-08-07 프로필 릴스 탭 재확인: 공개 릴스 12개와 조회수(438·817·609·436·1531·1239·585·788·655·798·597·987)를 확인해 최근12 중앙조회수 721.5·최고조회수 1531·상위3개 배수 2.12x/1.72x/1.37x를 exact 계산함; 팔로워 2409·게시물 673; 좋아요율·최근30일게시수는 화면 근거가 없어 공란 유지"
ok_hira,건강보험심사평가원,국내 메디컬 인접 계정,한국,3.4만,1445,9,33995.5,802000,,,건강보험·공공의료·건강정보,,없음,공용,B,실계정,,2026-08-06T00:08:20.743Z,Da2KXz1hvAB,2026-09-05T09:08:20.743+09:00,E1 공개 웹 후보·Instagram 직접 확인,0,,"공개 프로필에서 건강보험심사평가원과 공공 및 정부 기관 분류를 확인했고 건강놀이터 소개와 건강정보 하이라이트를 확인해 국내 메디컬 인접 계정으로 분류 | 2026-08-05 최근12 관측: 조회수 12/12, 공개 좋아요 0/12 | 2026-08-06 최근12 관측 완료; 조회수·중앙값·최고조회수 미기록: 공개 조회수 미노출 | 평소좋아요율 미확인: 콘텐츠 원장에 계정평소좋아요율 원값 없음; 릴스 없음 큐 정리(2026-08-06): QUEUE.csv 정확한 보류사유 확인 후 완료 처리. 재방문예정일을 마지막 정면채굴일시+30일로 설정"
gwangju_bohun,보훈공단 광주보훈병원,국내 메디컬 인접 계정,한국,687,215,,517,752,,,공공병원·진료정보·건강상담,,없음,공용,B,실계정,,2026-08-05T17:46:33.418Z,DVe0IIqCahC,2026-08-12T07:33:49+09:00,E1 공개 웹 후보·Instagram 직접 확인,0,,"광주보훈병원 공식 인스타그램과 국민에게 열린 공공의료기관 소개 및 전문 간호사 무료 건강상담 안내를 확인해 국내 메디컬 인접 계정으로 분류 | 2026-08-05 최근12 관측: 공개 릴스 12/12 확인, 공개 좋아요 미노출로 평소좋아요율 미기록 | 최근30일게시수 미확인: 최근 12개 원문이 완전하지 않음 | 평소좋아요율 미확인: 콘텐츠 원장에 계정평소좋아요율 원값 없음"
doctorsnews2024,의협신문 뉴스,국내 메디컬 인접 계정,한국,3625,760,,1968,58000,,,의학뉴스·근거중심 의료정보·의료정책,,없음,공용,B,실계정,,2026-08-06T00:28:11.851Z,DbpTEBfkZX4,2026-09-05T09:28:11.851+09:00,E1 공개 웹 후보·Instagram 직접 확인,0,,"대한의사협회가 만드는 근거중심 의학 전문 언론 소개와 의료·의약품·건강 이슈 하이라이트를 확인해 국내 메디컬 인접 계정으로 분류 | 2026-08-05 최근12 관측: 조회수 12/12, 공개 좋아요 0/12 | 2026-08-06 최근12 관측 완료; 조회수·중앙값·최고조회수 미기록: 공개 조회수 미노출 | 최근30일게시수 미확인: 최근 12개가 모두 30일 안에 있어 전체 개수를 확정할 수 없음 | 평소좋아요율 미확인: 콘텐츠 원장에 계정평소좋아요율 원값 없음; 릴스 없음 큐 정리(2026-08-06): QUEUE.csv 정확한 보류사유 확인 후 완료 처리. 재방문예정일을 마지막 정면채굴일시+30일로 설정"
accp,ACCP,해외 메디컬 인접 계정,미국,5394,945,,687,2039,,,임상약학·약학 교육·연구,,없음,공용,B,실계정,,2026-08-05T18:20:57.521Z,DbqYBKtj49d,2026-08-12T07:45:16+09:00,E1 공개 웹 후보·Instagram 직접 확인,0,,"ACCP 공식 프로필에서 American College of Clinical Pharmacy와 임상약학 실무 연구 교육 소개 및 accp.com 링크를 확인해 해외 메디컬 인접 계정으로 분류 | 2026-08-05 최근12 관측: 공개 릴스 12/12 확인, 공개 좋아요 미노출로 평소좋아요율 미기록 | 최근30일게시수 미확인: 최근 12개 원문이 완전하지 않음 | 평소좋아요율 미확인: 콘텐츠 원장에 계정평소좋아요율 원값 없음"
uwcschoolofpharmacy,UWC School of Pharmacy,해외 메디컬 인접 계정,국가 미상,366,118,,1375,7724,,,약학대학·약학교육·보건인식,,없음,공용,B,실계정,,2026-08-05T18:46:04.328Z,DXbS0SqoYLh,2026-08-12T07:45:16+09:00,E1 공개 웹 후보·Instagram 직접 확인,0,,"UWC School of Pharmacy 공개 프로필에서 Research Events HealthAwareness Conferences Exp Learning PGx 하이라이트를 확인해 해외 메디컬 인접 계정으로 분류 | 2026-08-05 최근12 관측: 공개 릴스 12/12 확인, 공개 좋아요 미노출로 평소좋아요율 미기록 | 최근30일게시수 미확인: 최근 12개 원문이 완전하지 않음 | 평소좋아요율 미확인: 콘텐츠 원장에 계정평소좋아요율 원값 없음"
pharmfluency,Clinical Pharmacy Education,해외 메디컬 인접 계정,국가 미상,4.1만,188,,6153.5,19000,,,임상약학 교육·약사교육·헬스케어 학생,,있음,공용,B,실계정,,2026-08-06T01:10:22.705Z,DSQRdqdDFb9,2026-08-12T07:45:16+09:00,E1 공개 웹 후보·Instagram 직접 확인,0,,"Clinical Pharmacy Education 공개 프로필에서 foundation pharmacists와 pharmacy healthcare students 대상 교육 소개 및 pharmfluency.co 링크를 확인해 해외 메디컬 인접 계정으로 분류 | 2026-08-05 최근12 관측: 공개 릴스 12/12 확인, 공개 좋아요 미노출로 평소좋아요율 미기록 | 2026-08-06 최근12 관측 완료; 조회수·중앙값·최고조회수 미기록: 공개 조회수 미노출 | 최근30일게시수 미확인: 최근 12개 원문이 완전하지 않음 | 평소좋아요율 미확인: 콘텐츠 원장에 계정평소좋아요율 원값 없음"
thedoseclub,Adwoa | Clinical Pharmacist,해외 약사 인플루언서,국가 미상,1.3만,102,4,8862.5,24000,,,의약품 교육·임상약학·약사 크리에이터,,있음,공용,B,실계정,,2026-08-06T01:07:57.615Z,DboihsnARkY,2026-09-05T10:07:57.615+09:00,E1 공개 웹 후보·Instagram 직접 확인,0,,"Clinical Pharmacist 표기와 medications together 교육 소개 및 linktr.ee 링크를 확인해 해외 약사 인플루언서로 분류 | 2026-08-05 최근12 관측: 공개 릴스 12/12 확인, 공개 좋아요 미노출로 평소좋아요율 미기록 | 2026-08-06 최근12 관측 완료; 조회수·중앙값·최고조회수 미기록: 공개 조회수 미노출 | 평소좋아요율 미확인: 콘텐츠 원장에 계정평소좋아요율 원값 없음; 릴스 없음 큐 정리(2026-08-06): QUEUE.csv 정확한 보류사유 확인 후 완료 처리. 재방문예정일을 마지막 정면채굴일시+30일로 설정"
khis_insta,한국보건의료정보원,국내 메디컬 인접 계정,한국,2515,171,,435.5,774,,,디지털헬스케어·보건의료정보·공공기관,,없음,공용,B,실계정,,2026-08-05T17:27:15.569Z,DZ9gTBrOUGN,2026-09-05T02:27:15.569+09:00,E1 공개 웹 후보·Instagram 직접 확인,0,,"한국보건의료정보원 공식 공공기관 프로필에서 디지털 헬스케어 플랫폼 전문기관 소개와 k-his.or.kr 링크를 확인해 국내 메디컬 인접 계정으로 분류 | 2026-08-05 최근12 관측: 공개 릴스 12/12 확인, 공개 좋아요 미노출로 평소좋아요율 미기록 | 최근30일게시수 미확인: 최근 12개 원문이 완전하지 않음 | 평소좋아요율 미확인: 콘텐츠 원장에 계정평소좋아요율 원값 없음; 릴스 없음 큐 정리(2026-08-06): QUEUE.csv 정확한 보류사유 확인 후 완료 처리. 재방문예정일을 마지막 정면채굴일시+30일로 설정"
mohw_kr,대한민국 보건복지부(복지부),국내 메디컬 인접 계정,한국,14.8만,2367,,13500,349000,,,보건·복지 정책·건강정보·정부기관,,없음,공용,B,실계정,,2026-08-06T00:05:22.194Z,DbpxF3Lk70n,2026-09-05T09:05:22.194+09:00,E1 공개 웹 후보·Instagram 직접 확인,0,,"대한민국 보건복지부 인증 프로필에서 정부 기관 분류와 건강·보건복지 정책 소식 소개를 확인해 국내 메디컬 인접 계정으로 분류 | 2026-08-05 최근12 관측: 조회수 12/12, 공개 좋아요 0/12 | 2026-08-06 최근12 관측 완료; 조회수·중앙값·최고조회수 미기록: 공개 조회수 미노출 | 최근30일게시수 미확인: 최근 12개가 모두 30일 안에 있어 전체 개수를 확정할 수 없음 | 평소좋아요율 미확인: 콘텐츠 원장에 계정평소좋아요율 원값 없음; 릴스 없음 큐 정리(2026-08-06): QUEUE.csv 정확한 보류사유 확인 후 완료 처리. 재방문예정일을 마지막 정면채굴일시+30일로 설정"
k_health_promotion,한국건강증진개발원,국내 메디컬 인접 계정,한국,2.1만,1580,9,977.5,4064,,,건강증진·건강정보·공공기관,,없음,공용,B,실계정,,2026-08-06T00:11:22.094Z,DaO3eH7EqqW,2026-09-05T09:11:22.094+09:00,E1 공개 웹 후보·Instagram 직접 확인,0,,"한국건강증진개발원 정부 기관 프로필에서 건강정보와 허위정보·과장광고 구별 안내 및 KHEPI 공식 SNS 링크를 확인해 국내 메디컬 인접 계정으로 분류 | 2026-08-05 최근12 관측: 조회수 12/12, 공개 좋아요 0/12 | 2026-08-06 최근12 관측 완료; 조회수·중앙값·최고조회수 미기록: 공개 조회수 미노출 | 평소좋아요율 미확인: 콘텐츠 원장에 계정평소좋아요율 원값 없음; 릴스 없음 큐 정리(2026-08-06): QUEUE.csv 정확한 보류사유 확인 후 완료 처리. 재방문예정일을 마지막 정면채굴일시+30일로 설정"
gimhae_city,김해시 공식 인스타그램,국내 메디컬 인접 계정,한국,4.2만,5766,,19500,97000,,,지방정부·지역건강·공공정보,,없음,공용,B,실계정,,2026-08-06T00:08:20.743Z,DbnDjriD1Ne,2026-09-05T09:08:20.743+09:00,E1 공개 웹 후보·Instagram 직접 확인,0,,"김해시 공식 인스타그램 공공 및 정부 기관 프로필에서 시청 공식 링크와 지역 건강사업 안내 신호를 확인해 국내 메디컬 인접 계정으로 분류 | 2026-08-05 최근12 관측: 조회수 12/12, 공개 좋아요 0/12 | 2026-08-06 최근12 관측 완료; 조회수·중앙값·최고조회수 미기록: 공개 조회수 미노출 | 최근30일게시수 미확인: 최근 12개가 모두 30일 안에 있어 전체 개수를 확정할 수 없음 | 평소좋아요율 미확인: 콘텐츠 원장에 계정평소좋아요율 원값 없음; 릴스 없음 큐 정리(2026-08-06): QUEUE.csv 정확한 보류사유 확인 후 완료 처리. 재방문예정일을 마지막 정면채굴일시+30일로 설정"
ceimpactrx,CEImpact | Pharmacy Education,해외 메디컬 인접 계정,국가 미상,407,290,,160.5,329,,,약학교육·continuing education·임상약학,,있음,공용,B,실계정,,2026-08-05T18:46:04.328Z,DbZlf56DBvY,2026-08-12T07:56:01+09:00,E1 공개 웹 후보·Instagram 직접 확인,0,,"CEImpact 공개 교육 프로필에서 약사·약무기술자·학생 대상 Continuing Pharmacy Education과 Advanced Training Programs 소개 및 링크를 확인해 해외 메디컬 인접 계정으로 분류 | 2026-08-05 최근12 관측: 공개 릴스 12/12 확인, 공개 좋아요 미노출로 평소좋아요율 미기록 | 최근30일게시수 미확인: 최근 12개 원문이 완전하지 않음 | 평소좋아요율 미확인: 콘텐츠 원장에 계정평소좋아요율 원값 없음"
unc_snpha,UNC SNPhA,해외 메디컬 인접 계정,미국,609,870,,614,6624,,,약학대학·학생단체·약사교육,,없음,공용,B,실계정,,2026-08-05T18:42:58.877Z,DbcYNmHwj3_,2026-08-12T07:56:01+09:00,E1 공개 웹 후보·Instagram 직접 확인,0,,"UNC Eshelman School of Pharmacy SNPhA chapter 공식 소개와 약학대학 학생단체 하이라이트 및 링크를 확인해 해외 메디컬 인접 계정으로 분류 | 2026-08-05 최근12 관측: 공개 릴스 12/12 확인, 공개 좋아요 미노출로 평소좋아요율 미기록 | 최근30일게시수 미확인: 최근 12개 원문이 완전하지 않음 | 평소좋아요율 미확인: 콘텐츠 원장에 계정평소좋아요율 원값 없음"
leidenmedicine,Leiden Medicine,해외 메디컬 인접 계정,네덜란드,2360,259,2,1189,13000,,,의학교육·의료대학·보건정보,,없음,공용,B,실계정,,2026-08-09T03:56:35+09:00,DakU-pPpcRM,2026-08-12T07:56:01+09:00,E1 공개 웹 후보·Instagram 직접 확인,0,,"Leiden University Faculty of Medicine 및 LUMC 공식 프로필과 네덜란드 Leiden 주소 및 의학교육 하이라이트를 확인해 해외 메디컬 인접 계정으로 분류 | 2026-08-05 최근12 관측: 공개 릴스 0/12만 확인, 중앙값·최고조회수 미기록 사유: 공개 프로필 릴스 0건만 노출 | 2026-08-06 최근12 관측 완료; 조회수·중앙값·최고조회수 미기록: 공개 조회수 미노출 | 평소좋아요율 미확인: 콘텐츠 원장에 계정평소좋아요율 원값 없음 | 2026-08-09 로그인 read-only 최근12 관측: 릴스 12개 조회수 8695·8557·442·1만·1.3만·959·1270·1108·537·4077·972·494; 중앙값 1189·최고조회수 13000 기록; 프로필 게시물 259·팔로워 2360 확인; 콘텐츠 반응·광고 여부·게시일은 미확인"
tamuhealth,Texas A&M Health,해외 메디컬 인접 계정,미국,5502,935,5,1505,75000,,,대학 보건의료교육·건강정보,,없음,공용,B,실계정,,2026-08-06T01:11:17.262Z,DbLyBFynB1a,2026-08-12T07:56:01+09:00,E1 공개 웹 후보·Instagram 직접 확인,0,,"Texas A&M Health 공식 프로필과 미국 Texas 주소 및 보건의료교육 기관 소개를 확인해 해외 메디컬 인접 계정으로 분류 | 2026-08-05 최근12 관측: 공개 릴스 12/12 확인, 공개 좋아요 미노출로 평소좋아요율 미기록 | 2026-08-06 최근12 관측 완료; 조회수·중앙값·최고조회수 미기록: 공개 조회수 미노출 | 평소좋아요율 미확인: 콘텐츠 원장에 계정평소좋아요율 원값 없음"
snuh_official,서울대학교병원 SNUH,국내 메디컬 인접 계정,한국,2.9만,1682,,5774.5,48000,,,의료·건강정보·대학병원,,없음,공용,B,실계정,,2026-08-06T00:08:20.743Z,DbafCZxDKIm,2026-09-05T09:08:20.743+09:00,E1 공개 웹 후보·Instagram 직접 확인,0,,"서울대학교병원 공식 인스타그램과 정확한 건강정보 소개 및 의료 및 건강 분류를 확인해 국내 메디컬 인접 계정으로 분류 | 2026-08-05 최근12 관측: 조회수 12/12, 공개 좋아요 0/12 | 2026-08-06 최근12 관측 완료; 조회수·중앙값·최고조회수 미기록: 공개 조회수 미노출 | 최근30일게시수 미확인: 최근 12개가 모두 30일 안에 있어 전체 개수를 확정할 수 없음 | 평소좋아요율 미확인: 콘텐츠 원장에 계정평소좋아요율 원값 없음; 릴스 없음 큐 정리(2026-08-06): QUEUE.csv 정확한 보류사유 확인 후 완료 처리. 재방문예정일을 마지막 정면채굴일시+30일로 설정"
kumedicine_guro,고대구로병원ㅣ공식 인스타그램,국내 메디컬 인접 계정,한국,6073,583,9,1076.5,6698,,,대학병원·건강정보·의료소식,,없음,공용,B,실계정,,2026-08-06T00:23:49.090Z,DbpeEdnGCu_,2026-09-05T09:23:49.090+09:00,E1 공개 웹 후보·Instagram 직접 확인,0,,"고대구로병원 공식 프로필과 구로구 서울 주소 및 건강매거진·건강정보 하이라이트를 확인해 국내 메디컬 인접 계정으로 분류 | 2026-08-05 최근12 관측: 조회수 12/12, 공개 좋아요 0/12 | 2026-08-06 최근12 관측 완료; 조회수·중앙값·최고조회수 미기록: 공개 조회수 미노출 | 평소좋아요율 미확인: 콘텐츠 원장에 계정평소좋아요율 원값 없음; 릴스 없음 큐 정리(2026-08-06): QUEUE.csv 정확한 보류사유 확인 후 완료 처리. 재방문예정일을 마지막 정면채굴일시+30일로 설정"
inha_uh,인하대병원 공식 인스타그램,국내 메디컬 인접 계정,한국,1만,368,9,6857,11000,,,대학병원·건강정보·병원소식,,없음,공용,B,실계정,,2026-08-06T00:14:17.865Z,DU-M7hjj4zT,2026-09-05T09:14:17.865+09:00,E1 공개 웹 후보·Instagram 직접 확인,0,,"인하대병원 공식 프로필과 건강정보·병원소식 소개 및 인천 주소를 확인해 국내 메디컬 인접 계정으로 분류 | 2026-08-05 최근12 관측: 조회수 12/12, 공개 좋아요 0/12 | 2026-08-06 최근12 관측 완료; 조회수·중앙값·최고조회수 미기록: 공개 조회수 미노출 | 평소좋아요율 미확인: 콘텐츠 원장에 계정평소좋아요율 원값 없음; 릴스 없음 큐 정리(2026-08-06): QUEUE.csv 정확한 보류사유 확인 후 완료 처리. 재방문예정일을 마지막 정면채굴일시+30일로 설정"
prhanyang,한양대학교병원,국내 메디컬 인접 계정,한국,668,248,,867,2987,,,대학병원·건강·의료정보,,없음,공용,B,실계정,,2026-08-05T17:48:25.095Z,DbklQEokq3A,2026-08-12T08:01:21+09:00,E1 공개 웹 후보·Instagram 직접 확인,0,,"한양대학교병원 공식 인스타그램 소개와 hyumc.com 링크 및 의료정보 주의 안내를 확인해 국내 메디컬 인접 계정으로 분류 | 2026-08-05 최근12 관측: 공개 릴스 12/12 확인, 공개 좋아요 미노출로 평소좋아요율 미기록 | 최근30일게시수 미확인: 최근 12개 원문이 완전하지 않음 | 평소좋아요율 미확인: 콘텐츠 원장에 계정평소좋아요율 원값 없음"
gangdong_kyunghee,강동경희대학교병원,국내 메디컬 인접 계정,한국,3199,441,,525,1732,,,대학병원·헬스케어 매거진·건강정보,,없음,공용,B,실계정,,2026-08-06T00:30:15.933Z,DZWrnxtnSxf,2026-09-05T09:30:15.933+09:00,E1 공개 웹 후보·Instagram 직접 확인,0,,"강동경희대학교병원 공식 프로필과 헬스케어 매거진 소개 및 건강정보 콘텐츠 운영 신호를 확인해 국내 메디컬 인접 계정으로 분류 | 2026-08-05 최근12 관측: 조회수 12/12, 공개 좋아요 0/12 | 2026-08-06 최근12 관측 완료; 조회수·중앙값·최고조회수 미기록: 공개 조회수 미노출 | 최근30일게시수 미확인: 최근 12개 원문이 완전하지 않음 | 평소좋아요율 미확인: 콘텐츠 원장에 계정평소좋아요율 원값 없음; 릴스 없음 큐 정리(2026-08-06): QUEUE.csv 정확한 보류사유 확인 후 완료 처리. 재방문예정일을 마지막 정면채굴일시+30일로 설정"
khmcpr,경희의료원 공식 계정,국내 메디컬 인접 계정,한국,1504,776,11,,,,,대학병원·의료정보·건강정보,,없음,공용,B,실계정,,2026-08-06T00:36:40.337Z,DbrRQubFN7c,2026-09-05T09:36:40.337+09:00,E1 공개 웹 후보·Instagram 직접 확인,0,,"경희의료원 공식 계정과 희귀·난치·중증질환 병원 소개 및 교수 건강정보 릴스를 확인해 국내 메디컬 인접 계정으로 분류 | 2026-08-05 최근12 관측: 공개 릴스 9/12만 확인, 중앙값·최고조회수 미기록 사유: 공개 프로필 릴스 9건만 노출 | 2026-08-06 최근12 관측 완료; 조회수·중앙값·최고조회수 미기록: 공개 조회수 미노출 | 평소좋아요율 미확인: 콘텐츠 원장에 계정평소좋아요율 원값 없음; 릴스 없음 큐 정리(2026-08-06): QUEUE.csv 정확한 보류사유 확인 후 완료 처리. 재방문예정일을 마지막 정면채굴일시+30일로 설정"
nmc_official,국립중앙의료원,국내 메디컬 인접 계정,한국,2426,361,,819.5,3146,,,국가중심병원·의료·건강정보,,없음,공용,B,실계정,,2026-08-05T17:27:15.569Z,DbpElREgEBQ,2026-09-05T02:27:15.569+09:00,E1 공개 웹 후보·Instagram 직접 확인,0,,"국립중앙의료원 공식 프로필과 국가중심병원 소개 및 소아장염·병원소식 건강정보 콘텐츠를 확인해 국내 메디컬 인접 계정으로 분류 | 2026-08-05 최근12 관측: 공개 릴스 12/12 확인, 공개 좋아요 미노출로 평소좋아요율 미기록 | 최근30일게시수 미확인: 최근 12개 원문이 완전하지 않음 | 평소좋아요율 미확인: 콘텐츠 원장에 계정평소좋아요율 원값 없음; 릴스 없음 큐 정리(2026-08-06): QUEUE.csv 정확한 보류사유 확인 후 완료 처리. 재방문예정일을 마지막 정면채굴일시+30일로 설정"
komef_official,한국의료재단 종합검진센터(여의도IFC) 공식 인스타그램,국내 메디컬 인접 계정,한국,2050,288,,143,367,,,건강검진센터·종합검진·의료관광,,없음,공용,B,실계정,,2026-08-05T17:28:52.030Z,CwfUBGbIOsA,2026-09-05T02:28:52.030+09:00,E1 공개 웹 후보·Instagram 직접 확인,0,,"한국의료재단 종합검진센터 공식 프로필과 서울 여의도 주소·검진 프로그램 링크 및 건강검진 하이라이트를 확인해 국내 메디컬 인접 계정으로 분류 | 2026-08-05 최근12 관측: 공개 릴스 12/12 확인, 공개 좋아요 미노출로 평소좋아요율 미기록 | 최근30일게시수 미확인: 최근 12개 원문이 완전하지 않음 | 평소좋아요율 미확인: 콘텐츠 원장에 계정평소좋아요율 원값 없음; 릴스 없음 큐 정리(2026-08-06): QUEUE.csv 정확한 보류사유 확인 후 완료 처리. 재방문예정일을 마지막 정면채굴일시+30일로 설정"
cmcsvincent,가톨릭대학교 성빈센트병원,국내 메디컬 인접 계정,한국,624,95,9,1327,31000,,,대학병원·환자안내·병원소식,,없음,공용,B,실계정,,2026-08-06T00:43:32.869Z,Dbpoc51ks_A,2026-08-12T08:15:48+09:00,E1 공개 웹 후보·Instagram 직접 확인,0,,"가톨릭대학교 성빈센트병원 공식 프로필과 최상의 진료·치유 소개 및 공식 유튜브 링크를 확인해 국내 메디컬 인접 계정으로 분류 | 2026-08-05 최근12 관측: 공개 릴스 12/12 확인, 공개 좋아요 미노출로 평소좋아요율 미기록 | 2026-08-06 최근12 관측 완료; 조회수·중앙값·최고조회수 미기록: 공개 조회수 미노출 | 평소좋아요율 미확인: 콘텐츠 원장에 계정평소좋아요율 원값 없음"
wellness_gn,강남웰니스건강검진센터,국내 메디컬 인접 계정,한국,68,123,2,,,,,건강검진센터·내과·웰니스,,없음,공용,B,실계정,,2026-08-06T00:49:50.385Z,DNh9X44PfRx,2026-08-12T08:15:48+09:00,E1 공개 웹 후보·Instagram 직접 확인,0,,"강남웰니스건강검진센터 공식 프로필과 국가검진·종합검진·내과진료 소개 및 병원소개·진료시간 하이라이트를 확인해 국내 메디컬 인접 계정으로 분류 | 2026-08-05 최근12 관측: 공개 릴스 3/12만 확인, 중앙값·최고조회수 미기록 사유: 공개 프로필 릴스 3건만 노출 | 2026-08-06 최근12 관측 완료; 조회수·중앙값·최고조회수 미기록: 공개 조회수 미노출 | 평소좋아요율 미확인: 콘텐츠 원장에 계정평소좋아요율 원값 없음"
chosunich.official,조선대학교병원 | Chosun university hospital,국내 메디컬 인접 계정,한국,1.1만,366,,39799,319000,,,대학병원·의료정보·병원소식,,없음,공용,B,실계정,,2026-08-06T00:14:17.865Z,DG4lOz_icdw,2026-09-05T09:14:17.865+09:00,E1 공개 웹 후보·Instagram 직접 확인,0,,"조선대학교병원 공식 프로필과 광주 소재 대학병원 소개 및 Doctors·Guide·Information 하이라이트를 확인해 국내 메디컬 인접 계정으로 분류 | 2026-08-05 최근12 관측: 조회수 12/12, 공개 좋아요 0/12 | 2026-08-06 최근12 관측 완료; 조회수·중앙값·최고조회수 미기록: 공개 조회수 미노출 | 최근30일게시수 미확인: 최근 12개 원문이 완전하지 않음 | 평소좋아요율 미확인: 콘텐츠 원장에 계정평소좋아요율 원값 없음; 릴스 없음 큐 정리(2026-08-06): QUEUE.csv 정확한 보류사유 확인 후 완료 처리. 재방문예정일을 마지막 정면채굴일시+30일로 설정"
eva.pharma,EVA Pharma,해외 메디컬 인접 계정,미상,11.6만,1132,11,35000,208000,,,제약·의약품·건강정보,,없음,공용,B,실계정,,2026-08-09T03:40:16+09:00,DbY9FbNjYY5,2026-08-12T08:23:56+09:00,E1 공개 웹 후보·Instagram 직접 확인,0,,"EVA Pharma 공식 프로필과 제약 카테고리·건강과 웰빙을 위한 의약품 기업 소개 및 공식 웹사이트 링크를 확인해 해외 메디컬 인접 계정으로 분류 | 2026-08-05 최근12 관측: 공개 릴스 0/12만 확인, 중앙값·최고조회수 미기록 사유: 공개 프로필 릴스 0건만 노출 | 2026-08-06 최근12 관측 완료; 조회수·중앙값·최고조회수 미기록: 공개 조회수 미노출 | 평소좋아요율 미확인: 콘텐츠 원장에 계정평소좋아요율 원값 없음 | 2026-08-09 로그인 read-only 재확인: 프로필 게시물 1132, 팔로워 11.6만, 팔로우 9, Instagram 카테고리 제약. bio에 건강과 웰빙을 위한 의약품 기업 소개와 www.evapharma.com 외 4개 링크가 노출됨. 릴스 최근12개 조회수 20.8만·6.7만·4.4만·1.7만·8413·4.5만·3.7만·1.7만·1.1만·2.9만·5.2만·3.3만; 숫자 환산 중앙값 35000, 최고조회수 208000. 최근30일 게시수·콘텐츠별 광고여부는 미확인으로 유지."
ipsforg,IPSF - International Pharmaceutical Students’ Federation.,해외 메디컬 인접 계정,네덜란드,2.6만,2183,9,5545,18000,,,약학교육·약학대학생·국제보건,,없음,공용,B,실계정,,2026-08-06T01:10:50.653Z,DHa8cSBM4sz,2026-08-12T08:23:56+09:00,E1 공개 웹 후보·Instagram 직접 확인,0,,"국제 약학학생연맹 공식 프로필과 The Hague 주소 및 약학대학생 글로벌 커뮤니티·교육·옹호 소개를 확인해 해외 메디컬 인접 계정으로 분류 | 2026-08-05 최근12 관측: 공개 릴스 12/12 확인, 공개 좋아요 미노출로 평소좋아요율 미기록 | 2026-08-06 최근12 관측 완료; 조회수·중앙값·최고조회수 미기록: 공개 조회수 미노출 | 평소좋아요율 미확인: 콘텐츠 원장에 계정평소좋아요율 원값 없음"
ashpofficial,ASHP,해외 메디컬 인접 계정,미국,1.6만,1666,11,2922,10000,,,약사전문단체·병원약학·의료교육,,없음,공용,B,실계정,,2026-08-06T01:10:50.653Z,DbBPu6_FJXx,2026-08-12T08:23:56+09:00,E1 공개 웹 후보·Instagram 직접 확인,0,,"ASHP 공식 프로필과 Pharmacists Advancing Healthcare 소개 및 Bethesda 주소·공식 링크를 확인해 해외 메디컬 인접 계정으로 분류 | 2026-08-05 최근12 관측: 공개 릴스 12/12 확인, 공개 좋아요 미노출로 평소좋아요율 미기록 | 2026-08-06 최근12 관측 완료; 조회수·중앙값·최고조회수 미기록: 공개 조회수 미노출 | 평소좋아요율 미확인: 콘텐츠 원장에 계정평소좋아요율 원값 없음"
healthcaredistrict,Health Care District of Palm Beach County,해외 메디컬 인접 계정,미국,2000,1315,,764,8371,,,공공의료·지역보건·의료접근,,없음,공용,B,실계정,,2026-08-05T18:30:34.177Z,DbnwGKHjYBz,2026-08-12T08:23:56+09:00,E1 공개 웹 후보·Instagram 직접 확인,0,,"Palm Beach County 지역보건기관 공식 프로필과 안전망 의료체계·의료접근 소개 및 Florida 주소를 확인해 해외 메디컬 인접 계정으로 분류 | 2026-08-05 최근12 관측: 공개 릴스 12/12 확인, 공개 좋아요 미노출로 평소좋아요율 미기록 | 최근30일게시수 미확인: 최근 12개 원문이 완전하지 않음 | 평소좋아요율 미확인: 콘텐츠 원장에 계정평소좋아요율 원값 없음"
um_radyfhs,Rady Faculty of Health Sciences,해외 메디컬 인접 계정,캐나다,5150,1139,8,4720.5,21000,,,보건의료교육·대학·의학교육,,없음,공용,B,실계정,,2026-08-09T03:43:03+09:00,DbwAaHoOCX2,2026-08-12T08:23:56+09:00,E1 공개 웹 후보·Instagram 직접 확인,0,,"University of Manitoba Rady Faculty of Health Sciences 공식 프로필과 보건의료대학 소개 및 교육 링크를 확인해 해외 메디컬 인접 계정으로 분류 | 2026-08-05 최근12 관측: 공개 릴스 0/12만 확인, 중앙값·최고조회수 미기록 사유: 공개 프로필 릴스 0건만 노출 | 2026-08-06 최근12 관측 완료; 조회수·중앙값·최고조회수 미기록: 공개 조회수 미노출 | 평소좋아요율 미확인: 콘텐츠 원장에 계정평소좋아요율 원값 없음 | 2026-08-09 로그인 read-only 재확인: 프로필 게시물 1139, 팔로워 5150, 팔로우 231, Instagram 카테고리 대학교. University of Manitoba Rady Faculty of Health Sciences 소개와 linktr.ee/RadyFaculty가 노출됨. 릴스 최근12개 조회수 2451·3338·2618·1만·4248·2.1만·4132·6046·4602·4839·9537·4975; 숫자 환산 중앙값 4720.5, 최고조회수 21000. 최근30일 게시수·콘텐츠별 광고여부는 미확인으로 유지."
monadnockcommunityhospital,Monadnock Community Hospital,해외 메디컬 인접 계정,미국,317,814,,57,212,,,지역병원·환자정보·건강교육,,없음,공용,B,실계정,,2026-08-05T18:46:04.328Z,DZica8tFMkG,2026-08-12T08:23:56+09:00,E1 공개 웹 후보·Instagram 직접 확인,0,,"Monadnock Community Hospital 공식 프로필과 1923년부터의 비영리 지역병원 소개 및 공식 웹사이트 링크를 확인해 해외 메디컬 인접 계정으로 분류 | 2026-08-05 최근12 관측: 공개 릴스 12/12 확인, 공개 좋아요 미노출로 평소좋아요율 미기록 | 최근30일게시수 미확인: 최근 12개 원문이 완전하지 않음 | 평소좋아요율 미확인: 콘텐츠 원장에 계정평소좋아요율 원값 없음"
ucpharmacy,UC College of Pharmacy,해외 메디컬 인접 계정,미국,919,142,,,,,,약학교육·약학연구·PharmD,,없음,공용,B,실계정,,2026-08-06T01:14:55.094Z,DXpMfOfkW9-,2026-08-12T08:32:55+09:00,E1 공개 웹 후보·Instagram 직접 확인,0,,"UC James L. Winkle College of Pharmacy 공식 프로필과 University of Cincinnati 주소·PharmD·암 연구·약학 교육 게시물을 확인해 해외 메디컬 인접 계정으로 분류 | 2026-08-05 최근12 관측: 공개 릴스 0/12만 확인, 중앙값·최고조회수 미기록 사유: 공개 프로필 릴스 0건만 노출 | 2026-08-06 최근12 관측 완료; 조회수·중앙값·최고조회수 미기록: 공개 조회수 미노출 | 최근30일게시수 미확인: 최근 12개 원문이 완전하지 않음 | 평소좋아요율 미확인: 콘텐츠 원장에 계정평소좋아요율 원값 없음"
uncpharmacy,Eshelman School of Pharmacy,해외 메디컬 인접 계정,미국,5436,1733,,4315.5,20000,,,약학교육·약학연구·약사전문성,,없음,공용,B,실계정,,2026-08-09T03:50:41+09:00,Da0WxSQiZA0,2026-08-12T08:32:55+09:00,E1 공개 웹 후보·Instagram 직접 확인,0,,"UNC Eshelman School of Pharmacy 공식 프로필과 공식 계정 설명·약학 교육·연구 게시물을 확인해 해외 메디컬 인접 계정으로 분류 | 2026-08-05 최근12 관측: 공개 릴스 0/12만 확인, 중앙값·최고조회수 미기록 사유: 공개 프로필 릴스 0건만 노출 | 2026-08-06 최근12 관측 완료; 조회수·중앙값·최고조회수 미기록: 공개 조회수 미노출 | 최근30일게시수 미확인: 최근 12개가 모두 30일 안에 있어 전체 개수를 확정할 수 없음 | 평소좋아요율 미확인: 콘텐츠 원장에 계정평소좋아요율 원값 없음 | 2026-08-09 로그인 read-only 최근12 관측: 릴스 12개 조회수 6711·3389·3164·1968·3585·2226·3147·6342·6732·5046·1.6만·2만; 중앙값 4315.5·최고조회수 20000 기록; 프로필 게시물 1733·팔로워 5436 확인; 최근30일 게시수·콘텐츠 반응·광고 여부·게시일은 미확인"
uclsopsu,UCL SoP Society,해외 메디컬 인접 계정,영국,1455,172,,5754.5,13000,,,약학교육·약학대학생·학생사회,,없음,공용,B,실계정,,2026-08-06T01:13:48.434Z,DPydEbDjOaR,2026-08-12T08:32:55+09:00,E1 공개 웹 후보·Instagram 직접 확인,0,,"UCL School of Pharmacy Society 공식 프로필과 UCL 약학대학 학과 사회·약학대학생 커뮤니티 소개를 확인해 해외 메디컬 인접 계정으로 분류 | 2026-08-05 최근12 관측: 공개 릴스 12/12 확인, 공개 좋아요 미노출로 평소좋아요율 미기록 | 2026-08-06 최근12 관측 완료; 조회수·중앙값·최고조회수 미기록: 공개 조회수 미노출 | 최근30일게시수 미확인: 최근 12개 원문이 완전하지 않음 | 평소좋아요율 미확인: 콘텐츠 원장에 계정평소좋아요율 원값 없음"
fmhs_uoa,Faculty of Medical and Health Sciences UoA,해외 메디컬 인접 계정,뉴질랜드,3781,814,2,5113.5,35000,,,의과대학·보건의료교육·의료연구,,없음,공용,B,실계정,,2026-08-06T01:12:18.492Z,Dauc9H5HG0B,2026-08-12T08:32:55+09:00,E1 공개 웹 후보·Instagram 직접 확인,0,,"University of Auckland Faculty of Medical and Health Sciences 공식 프로필과 Auckland 주소·의과대학 및 보건의료교육 소개를 확인해 해외 메디컬 인접 계정으로 분류 | 2026-08-05 최근12 관측: 공개 릴스 12/12 확인, 공개 좋아요 미노출로 평소좋아요율 미기록 | 2026-08-06 최근12 관측 완료; 조회수·중앙값·최고조회수 미기록: 공개 조회수 미노출 | 평소좋아요율 미확인: 콘텐츠 원장에 계정평소좋아요율 원값 없음"
cauhospital,중앙대학교의료원,국내 메디컬 인접 계정,한국,1834,352,,1449.5,5248,,,의료원·대학병원·건강정보,,없음,공용,B,실계정,,2026-08-05T17:31:00.581Z,DZ8zq9yS1QD,2026-09-05T02:31:00.581+09:00,E1 공개 웹 후보·Instagram 직접 확인,0,,"중앙대학교의료원 공식 계정과 병원 공식 소개를 직접 확인해 국내 메디컬 인접 계정으로 분류 | 2026-08-05 최근12 관측: 공개 릴스 12/12 확인, 공개 좋아요 미노출로 평소좋아요율 미기록 | 최근30일게시수 미확인: 최근 12개 원문이 완전하지 않음 | 평소좋아요율 미확인: 콘텐츠 원장에 계정평소좋아요율 원값 없음; 릴스 없음 큐 정리(2026-08-06): QUEUE.csv 정확한 보류사유 확인 후 완료 처리. 재방문예정일을 마지막 정면채굴일시+30일로 설정"
kumedicine_official,고려대학교병원,국내 메디컬 인접 계정,한국,1.8만,908,,14035.5,1911000,,,대학병원·미래의학·의료정보,,없음,공용,B,실계정,,2026-08-06T00:11:22.094Z,Dbo6GBpAepW,2026-09-05T09:11:22.094+09:00,E1 공개 웹 후보·Instagram 직접 확인,0,,"고려대학교병원 공식 계정과 미래의학·의료정보 소개를 직접 확인해 국내 메디컬 인접 계정으로 분류 | 2026-08-05 최근12 관측: 조회수 12/12, 공개 좋아요 0/12 | 2026-08-06 최근12 관측 완료; 조회수·중앙값·최고조회수 미기록: 공개 조회수 미노출 | 최근30일게시수 미확인: 최근 12개가 모두 30일 안에 있어 전체 개수를 확정할 수 없음 | 평소좋아요율 미확인: 콘텐츠 원장에 계정평소좋아요율 원값 없음; 릴스 없음 큐 정리(2026-08-06): QUEUE.csv 정확한 보류사유 확인 후 완료 처리. 재방문예정일을 마지막 정면채굴일시+30일로 설정"
ajoumc_,아주대학교병원,국내 메디컬 인접 계정,한국,2699,1042,9,,,,,대학병원·건강상식·의료정보,,없음,공용,B,실계정,,2026-08-06T00:31:14.225Z,DbcA2ILG2AF,2026-09-05T09:31:14.225+09:00,E1 공개 웹 후보·Instagram 직접 확인,0,,"아주대학교병원 공식 계정과 건강 상식 제공·병원 게시물 공개 신호를 직접 확인해 국내 메디컬 인접 계정으로 분류 | 2026-08-05 최근12 관측: 공개 릴스 3/12만 확인, 중앙값·최고조회수 미기록 사유: 공개 프로필 릴스 3건만 노출 | 2026-08-06 최근12 관측 완료; 조회수·중앙값·최고조회수 미기록: 공개 조회수 미노출 | 평소좋아요율 미확인: 콘텐츠 원장에 계정평소좋아요율 원값 없음; 릴스 없음 큐 정리(2026-08-06): QUEUE.csv 정확한 보류사유 확인 후 완료 처리. 재방문예정일을 마지막 정면채굴일시+30일로 설정"
cnuh_official,전남대학교병원,국내 메디컬 인접 계정,한국,2680,712,,1763.5,3538,,,대학병원·의료정보·병원소식,,없음,공용,B,실계정,,2026-08-05T17:25:44.929Z,DZ8xdtaNkwb,2026-09-05T02:25:44.929+09:00,E1 공개 웹 후보·Instagram 직접 확인,0,,"전남대학교병원 공식 계정과 광주 본원 주소·의료정보·병원소식 공개 신호를 직접 확인해 국내 메디컬 인접 계정으로 분류 | 2026-08-05 최근12 관측: 공개 릴스 12/12 확인, 공개 좋아요 미노출로 평소좋아요율 미기록 | 최근30일게시수 미확인: 최근 12개 원문이 완전하지 않음 | 평소좋아요율 미확인: 콘텐츠 원장에 계정평소좋아요율 원값 없음; 릴스 없음 큐 정리(2026-08-06): QUEUE.csv 정확한 보류사유 확인 후 완료 처리. 재방문예정일을 마지막 정면채굴일시+30일로 설정"
dongsan_1899,계명대학교 동산병원,국내 메디컬 인접 계정,한국,5510,355,8,3703,34000,,,병원·대학병원·건강정보,,없음,공용,B,실계정,,2026-08-06T00:24:46.981Z,Dbm0VE6Dx_9,2026-09-05T09:24:46.981+09:00,E1 공개 웹 후보·Instagram 직접 확인,0,,"계명대학교 동산병원 공식 계정과 미래 의료·병원 공식 소개를 직접 확인해 국내 메디컬 인접 계정으로 분류 | 2026-08-05 최근12 관측: 조회수 12/12, 공개 좋아요 0/12 | 2026-08-06 최근12 관측 완료; 조회수·중앙값·최고조회수 미기록: 공개 조회수 미노출 | 평소좋아요율 미확인: 콘텐츠 원장에 계정평소좋아요율 원값 없음; 릴스 없음 큐 정리(2026-08-06): QUEUE.csv 정확한 보류사유 확인 후 완료 처리. 재방문예정일을 마지막 정면채굴일시+30일로 설정"
kyuh.ac.kr,건양대학교병원,국내 메디컬 인접 계정,한국,1559,298,3,3286.5,10000,,,대학병원·건강강좌·병원소식,,없음,공용,B,실계정,,2026-08-06T00:34:35.514Z,DY1bdV_iaTH,2026-09-05T09:34:35.514+09:00,E1 공개 웹 후보·Instagram 직접 확인,0,,"건양대학교병원 공식 계정과 건강강좌·병원소식·공식 유튜브 소개를 직접 확인해 국내 메디컬 인접 계정으로 분류 | 2026-08-05 최근12 관측: 공개 릴스 12/12 확인, 공개 좋아요 미노출로 평소좋아요율 미기록 | 2026-08-06 최근12 관측 완료; 조회수·중앙값·최고조회수 미기록: 공개 조회수 미노출 | 평소좋아요율 미확인: 콘텐츠 원장에 계정평소좋아요율 원값 없음; 릴스 없음 큐 정리(2026-08-06): QUEUE.csv 정확한 보류사유 확인 후 완료 처리. 재방문예정일을 마지막 정면채굴일시+30일로 설정"
humc_health,한림대의료원,국내 메디컬 인접 계정,한국,2.1만,211,7,39000,43000,,,의료원·의료연구·건강정보,,없음,공용,B,실계정,,2026-08-06T00:11:22.094Z,DIk_JVtPpGX,2026-09-05T09:11:22.094+09:00,E1 공개 웹 후보·Instagram 직접 확인,0,,"한림대학교의료원 공식 계정과 의료연구·건강정보·병원소식 게시물 공개 신호를 직접 확인해 국내 메디컬 인접 계정으로 분류 | 2026-08-05 최근12 관측: 조회수 12/12, 공개 좋아요 0/12 | 2026-08-06 최근12 관측 완료; 조회수·중앙값·최고조회수 미기록: 공개 조회수 미노출 | 평소좋아요율 미확인: 콘텐츠 원장에 계정평소좋아요율 원값 없음; 릴스 없음 큐 정리(2026-08-06): QUEUE.csv 정확한 보류사유 확인 후 완료 처리. 재방문예정일을 마지막 정면채굴일시+30일로 설정"
kangnam_humc,한림대학교강남성심병원,국내 메디컬 인접 계정,한국,755,124,,1970,2783,,,병원·건강정보·병원소식,,없음,공용,B,실계정,,2026-08-05T17:46:33.418Z,DDOBjwvCKZK,2026-08-12T08:54:25+09:00,E1 공개 웹 후보·Instagram 직접 확인,0,,"한림대학교강남성심병원 공식 계정과 서울 주소·건강강좌·건강정보·병원소식 소개를 직접 확인해 국내 메디컬 인접 계정으로 분류 | 2026-08-05 최근12 관측: 공개 릴스 12/12 확인, 공개 좋아요 미노출로 평소좋아요율 미기록 | 최근30일게시수 미확인: 최근 12개 원문이 완전하지 않음 | 평소좋아요율 미확인: 콘텐츠 원장에 계정평소좋아요율 원값 없음"
sam_hospital,효산의료재단 샘병원,국내 메디컬 인접 계정,한국,452,426,,775.5,2621,,,병원·건강정보·진료안내,,없음,공용,B,실계정,,2026-08-05T17:55:49.559Z,DbFuA__jc53,2026-08-12T09:03:09+09:00,E1 공개 웹 후보·Instagram 직접 확인,0,,"효산의료재단 샘병원 공식 프로필과 병원·진료안내·건강정보 공개 게시물 신호를 직접 확인해 분류 | 2026-08-05 최근12 관측: 공개 릴스 12/12 확인, 공개 좋아요 미노출로 평소좋아요율 미기록 | 최근30일게시수 미확인: 최근 12개 원문이 완전하지 않음 | 평소좋아요율 미확인: 콘텐츠 원장에 계정평소좋아요율 원값 없음"
hello_health_pr,국민건강보험 일산병원,국내 메디컬 인접 계정,한국,7657,2587,9,490,1748,,,공공병원·건강정보·병원소식,,없음,공용,B,실계정,,2026-08-06T00:17:50.821Z,DZ_bwysAYZ0,2026-09-05T09:17:50.821+09:00,E1 공개 웹 후보·Instagram 직접 확인,0,,"국민건강보험 일산병원 공식 프로필과 의료 및 건강 분류·건강정보 게시물 공개 신호를 직접 확인해 분류 | 2026-08-05 최근12 관측: 조회수 12/12, 공개 좋아요 0/12 | 2026-08-06 최근12 관측 완료; 조회수·중앙값·최고조회수 미기록: 공개 조회수 미노출 | 평소좋아요율 미확인: 콘텐츠 원장에 계정평소좋아요율 원값 없음; 릴스 없음 큐 정리(2026-08-06): QUEUE.csv 정확한 보류사유 확인 후 완료 처리. 재방문예정일을 마지막 정면채굴일시+30일로 설정"
medicalkoreaofficial,Medical Korea,국내 메디컬 인접 계정,한국,3.5만,963,,97500,542000,,,의료서비스 홍보·의료관광,,없음,공용,B,실계정,,2026-08-06T00:08:20.743Z,Dbfrpn8Dc7M,2026-09-05T09:08:20.743+09:00,E1 공개 웹 후보·Instagram 직접 확인,0,,"Medical Korea 공식 기관 소개와 한국 의료서비스 홍보 공개 프로필을 직접 확인해 분류 | 2026-08-05 최근12 관측: 조회수 12/12, 공개 좋아요 0/12 | 2026-08-06 최근12 관측 완료; 조회수·중앙값·최고조회수 미기록: 공개 조회수 미노출 | 최근30일게시수 미확인: 최근 12개가 모두 30일 안에 있어 전체 개수를 확정할 수 없음 | 평소좋아요율 미확인: 콘텐츠 원장에 계정평소좋아요율 원값 없음; 릴스 없음 큐 정리(2026-08-06): QUEUE.csv 정확한 보류사유 확인 후 완료 처리. 재방문예정일을 마지막 정면채굴일시+30일로 설정"
anamhospital,고려대학교 안암병원 ｜공식 인스타그램,국내 메디컬 인접 계정,한국,2687,136,,732,30000,,,대학병원·건강정보·병원소식,,없음,공용,B,실계정,,2026-08-08T11:04:21+09:00,Dbu11_IzLsd,2026-09-07T11:04:21+09:00,E1 Instagram 프로필 직접 확인,0,,"고려대학교 안암병원 공식 프로필명·대표전화·서울 주소 공개 신호와 건강정보 검색 결과를 확인해 분류 | 2026-08-05 최근12 관측: 공개 릴스 12/12 확인, 공개 좋아요 미노출로 평소좋아요율 미기록 | 2026-08-06 최근12 관측 완료; 조회수·중앙값·최고조회수 미기록: 공개 조회수 미노출 | 최근30일게시수 미확인: 최근 12개가 모두 30일 안에 있어 전체 개수를 확정할 수 없음 | 평소좋아요율 미확인: 콘텐츠 원장에 계정평소좋아요율 원값 없음; 릴스 없음 큐 정리(2026-08-06): QUEUE.csv 정확한 보류사유 확인 후 완료 처리. 재방문예정일을 마지막 정면채굴일시+30일로 설정 | 2026-08-08 로그인 read-only 프로필에서 게시물 136·팔로워 2740 확인; 최근12 지표와 등급은 기존값 유지"
cnuh_01,충남대학교병원,국내 메디컬 인접 계정,한국,3905,1595,,1970,4911,,,병원·대학병원·의료정보,,없음,공용,B,실계정,,2026-08-06T00:28:11.851Z,DbpgG6yEnFV,2026-09-05T09:28:11.851+09:00,E1 공개 웹 후보·Instagram 직접 확인,0,,"충남대학교병원 공식 인스타그램 소개·대전 주소·공식 YouTube 링크를 직접 확인해 국내 메디컬 인접 계정으로 분류 | 2026-08-05 최근12 관측: 조회수 12/12, 공개 좋아요 0/12 | 2026-08-06 최근12 관측 완료; 조회수·중앙값·최고조회수 미기록: 공개 조회수 미노출 | 최근30일게시수 미확인: 최근 12개가 모두 30일 안에 있어 전체 개수를 확정할 수 없음 | 평소좋아요율 미확인: 콘텐츠 원장에 계정평소좋아요율 원값 없음; 릴스 없음 큐 정리(2026-08-06): QUEUE.csv 정확한 보류사유 확인 후 완료 처리. 재방문예정일을 마지막 정면채굴일시+30일로 설정"
kuansanhospital,고려대학교 안산병원 | 공식 인스타그램,국내 메디컬 인접 계정,한국,2990,439,,1447.5,4297,,,병원·대학병원·의학정보,,없음,공용,B,실계정,,2026-08-06T00:30:15.933Z,Dbm2wdRiGgf,2026-09-05T09:30:15.933+09:00,E1 공개 웹 후보·Instagram 직접 확인,0,,"고려대학교 안산병원 공식 프로필·안산 공식 웹사이트 링크·병원뉴스·의학정보·강좌안내 하이라이트를 직접 확인해 분류 | 2026-08-05 최근12 관측: 조회수 12/12, 공개 좋아요 0/12 | 2026-08-06 최근12 관측 완료; 조회수·중앙값·최고조회수 미기록: 공개 조회수 미노출 | 최근30일게시수 미확인: 최근 12개가 모두 30일 안에 있어 전체 개수를 확정할 수 없음 | 평소좋아요율 미확인: 콘텐츠 원장에 계정평소좋아요율 원값 없음; 릴스 없음 큐 정리(2026-08-06): QUEUE.csv 정확한 보류사유 확인 후 완료 처리. 재방문예정일을 마지막 정면채굴일시+30일로 설정"
snubh_official,분당서울대학교병원,국내 메디컬 인접 계정,한국,5074,53,6,11500,331000,,,대학병원·건강정보·의료 및 건강,,없음,공용,B,실계정,,2026-08-06T00:24:46.981Z,DLjY9arvurf,2026-09-05T09:24:46.981+09:00,E1 공개 웹 후보·Instagram 직접 확인,0,,"분당서울대학교병원 공식 페이지·의료 및 건강 분류·공식 linktr.ee 링크를 직접 확인해 분류 | 2026-08-05 최근12 관측: 조회수 12/12, 공개 좋아요 0/12 | 2026-08-06 최근12 관측 완료; 조회수·중앙값·최고조회수 미기록: 공개 조회수 미노출 | 평소좋아요율 미확인: 콘텐츠 원장에 계정평소좋아요율 원값 없음; 릴스 없음 큐 정리(2026-08-06): QUEUE.csv 정확한 보류사유 확인 후 완료 처리. 재방문예정일을 마지막 정면채굴일시+30일로 설정"
duquesnepharm,Duquesne School of Pharmacy,해외 메디컬 인접 계정,미국,3151,1095,,2186.5,3146,,,약학교육·PharmD·약사전문성,,없음,공용,B,실계정,,2026-08-05T18:28:28.676Z,DZKqOqWiu0X,2026-08-12T09:26:14+09:00,E1 공개 웹 후보·Instagram 직접 확인,0,,"Duquesne University School of Pharmacy 공식 계정 소개·Pittsburgh 주소·공식 linktr.ee 링크를 직접 확인해 분류 | 2026-08-05 최근12 관측: 공개 릴스 12/12 확인, 공개 좋아요 미노출로 평소좋아요율 미기록 | 최근30일게시수 미확인: 최근 12개 원문이 완전하지 않음 | 평소좋아요율 미확인: 콘텐츠 원장에 계정평소좋아요율 원값 없음"
monashpharm,Monash Pharmacy and Pharmaceutical Sciences,해외 메디컬 인접 계정,호주,5857,1048,8,9451,207000,,,약학·의약과학·약학교육,,없음,공용,B,실계정,,2026-08-06T01:11:17.262Z,DWU34waklQJ,2026-08-12T09:26:14+09:00,E1 공개 웹 후보·Instagram 직접 확인,0,,"Monash Pharmacy and Pharmaceutical Sciences 공식 계정·호주 주소·약학교육 하이라이트를 직접 확인해 분류 | 2026-08-05 최근12 관측: 공개 릴스 12/12 확인, 공개 좋아요 미노출로 평소좋아요율 미기록 | 2026-08-06 최근12 관측 완료; 조회수·중앙값·최고조회수 미기록: 공개 조회수 미노출 | 평소좋아요율 미확인: 콘텐츠 원장에 계정평소좋아요율 원값 없음"
livunipharmacy,School of pharmacy and pharmaceutical sciences,해외 메디컬 인접 계정,영국,140,36,3,,,,,약학교육·약학·MPharm,,없음,공용,B,실계정,,2026-08-06T01:15:32.171Z,DbVs2MSjGBX,2026-08-12T09:26:14+09:00,E1 공개 웹 후보·Instagram 직접 확인,0,,"University of Liverpool School of Pharmacy and Pharmaceutical Sciences 공식 계정·MPharm 소개·공식 과정 링크를 직접 확인해 분류 | 2026-08-05 최근12 관측: 공개 릴스 0/12만 확인, 중앙값·최고조회수 미기록 사유: 공개 프로필 릴스 0건만 노출 | 2026-08-06 최근12 관측 완료; 조회수·중앙값·최고조회수 미기록: 공개 조회수 미노출 | 평소좋아요율 미확인: 콘텐츠 원장에 계정평소좋아요율 원값 없음"
uwmadisonpharmacy,UW–Madison School of Pharmacy,해외 메디컬 인접 계정,미국,3529,921,4,4319.5,12000,,,약학교육·PharmD·보건의료,,없음,공용,B,실계정,,2026-08-06T01:12:18.492Z,DXuNhtQD7z1,2026-08-12T09:26:14+09:00,E1 공개 웹 후보·Instagram 직접 확인,0,,"UW–Madison School of Pharmacy 공식 계정·PharmD·보건의료 소개·Madison 주소를 직접 확인해 분류 | 2026-08-05 최근12 관측: 공개 릴스 12/12 확인, 공개 좋아요 미노출로 평소좋아요율 미기록 | 2026-08-06 최근12 관측 완료; 조회수·중앙값·최고조회수 미기록: 공개 조회수 미노출 | 평소좋아요율 미확인: 콘텐츠 원장에 계정평소좋아요율 원값 없음"
ucsfpharmacy,UCSF School of Pharmacy,해외 메디컬 인접 계정,미국,1163,225,,3489,5038,,,약학교육·약학연구·학생정보,,없음,공용,B,실계정,,2026-08-05T18:34:37.415Z,DbWm52mBEHG,2026-08-12T09:26:14+09:00,E1 공개 웹 후보·Instagram 직접 확인,0,,"UCSF School of Pharmacy 공식 계정·학생·교직원·약학 커뮤니티 소개·공식 linktr.ee 링크를 직접 확인해 분류 | 2026-08-05 최근12 관측: 공개 릴스 12/12 확인, 공개 좋아요 미노출로 평소좋아요율 미기록 | 최근30일게시수 미확인: 최근 12개 원문이 완전하지 않음 | 평소좋아요율 미확인: 콘텐츠 원장에 계정평소좋아요율 원값 없음"
taylorssop,Taylor's School of Pharmacy,해외 메디컬 인접 계정,말레이시아,825,190,,3544.5,346000,,,약학교육·Pharmacy·Pharmaceutical Sciences,,없음,공용,B,실계정,,2026-08-06T01:14:55.094Z,Dbn9m50jKYn,2026-08-12T09:26:14+09:00,E1 공개 웹 후보·Instagram 직접 확인,0,,"Taylor's School of Pharmacy 공식 계정·말레이시아 약학 학위 소개·공식 과정 링크를 직접 확인해 분류 | 2026-08-05 최근12 관측: 공개 릴스 12/12 확인, 공개 좋아요 미노출로 평소좋아요율 미기록 | 2026-08-06 최근12 관측 완료; 조회수·중앙값·최고조회수 미기록: 공개 조회수 미노출 | 최근30일게시수 미확인: 최근 12개가 모두 30일 안에 있어 전체 개수를 확정할 수 없음 | 평소좋아요율 미확인: 콘텐츠 원장에 계정평소좋아요율 원값 없음"
mgm_pharmacy,MGM School of Pharmacy,해외 메디컬 인접 계정,인도,166,139,,2432.5,5324,,,약학교육·보건의료진로·Pharmacy,,없음,공용,B,실계정,,2026-08-05T18:47:55.218Z,DWI3BdyiLDe,2026-08-12T09:31:57+09:00,E1 공개 웹 후보·Instagram 직접 확인,0,,"MGM School of Pharmacy 공식 계정·Navi Mumbai 위치·글로벌 보건의료 진로 소개를 직접 확인해 분류 | 2026-08-05 최근12 관측: 공개 릴스 12/12 확인, 공개 좋아요 미노출로 평소좋아요율 미기록 | 최근30일게시수 미확인: 최근 12개 원문이 완전하지 않음 | 평소좋아요율 미확인: 콘텐츠 원장에 계정평소좋아요율 원값 없음"
larkinuniversity,Larkin University,해외 메디컬 인접 계정,미국,1886,817,,1064.5,1417,,,약학교육·Biomedical Sciences·보건의료,,없음,공용,B,실계정,,2026-08-05T18:30:34.177Z,DbqAdHVRGpu,2026-08-12T09:31:57+09:00,E1 공개 웹 후보·Instagram 직접 확인,0,,"Larkin University College of Pharmacy·College of Biomedical Sciences 공식 계정 소개·Miami 주소·공식 링크를 직접 확인해 분류 | 2026-08-05 최근12 관측: 공개 릴스 12/12 확인, 공개 좋아요 미노출로 평소좋아요율 미기록 | 최근30일게시수 미확인: 최근 12개 원문이 완전하지 않음 | 평소좋아요율 미확인: 콘텐츠 원장에 계정평소좋아요율 원값 없음"
unm_pharmacy,UNM Pharmacy,해외 메디컬 인접 계정,말레이시아,1753,660,5,3007.5,73000,,,약학교육·BPharm·MPharm·보건과학,,없음,공용,B,실계정,,2026-08-06T01:13:18.162Z,DFPECixsAMZ,2026-08-12T09:31:57+09:00,E1 공개 웹 후보·Instagram 직접 확인,0,,"University of Nottingham Malaysia School of Pharmacy 공식 계정·BPharm·MPharm·Pharm Health Sci 소개·공식 linktr.ee 링크를 직접 확인해 분류 | 2026-08-05 최근12 관측: 공개 릴스 12/12 확인, 공개 좋아요 미노출로 평소좋아요율 미기록 | 2026-08-06 최근12 관측 완료; 조회수·중앙값·최고조회수 미기록: 공개 조회수 미노출 | 평소좋아요율 미확인: 콘텐츠 원장에 계정평소좋아요율 원값 없음"
rfupharmacy,Rosalind Franklin Pharmacy,해외 메디컬 인접 계정,미국,1593,732,,2298,5381,,,약학교육·PharmD·의학·보건과학,,없음,공용,B,실계정,,2026-08-05T18:32:30.013Z,CjGI2aYAG8l,2026-08-12T09:31:57+09:00,E1 공개 웹 후보·Instagram 직접 확인,0,,"Rosalind Franklin University College of Pharmacy 공식 계정·Medicine and Science 소개·North Chicago 주소·공식 링크를 직접 확인해 분류 | 2026-08-05 최근12 관측: 공개 릴스 12/12 확인, 공개 좋아요 미노출로 평소좋아요율 미기록 | 최근30일게시수 미확인: 최근 12개 원문이 완전하지 않음 | 평소좋아요율 미확인: 콘텐츠 원장에 계정평소좋아요율 원값 없음"
masaryk_pharmacy,Faculty of Pharmacy MU,해외 메디컬 인접 계정,체코,1612,287,1,,,,,약학교육·Pharmaceutical studies·BioPharma,,없음,공용,B,실계정,,2026-08-09T04:13:23+09:00,Dafez96gETM,2026-08-12T09:31:57+09:00,E1 공개 웹 후보·Instagram 직접 확인,0,,"Masaryk University Faculty of Pharmacy 공식 계정·체코 Brno 주소·Pharmaceutical studies·BioPharma Hub 하이라이트를 직접 확인해 분류 | 2026-08-05 최근12 관측: 공개 릴스 0/12만 확인, 중앙값·최고조회수 미기록 사유: 공개 프로필 릴스 0건만 노출 | 2026-08-06 최근12 관측 완료; 조회수·중앙값·최고조회수 미기록: 공개 조회수 미노출 | 평소좋아요율 미확인: 콘텐츠 원장에 계정평소좋아요율 원값 없음 | 2026-08-09 로그인 read-only 재확인: 프로필과 /reels/에서 릴스 링크·조회수가 노출되지 않아 visible_reels=0; 기존 shortcode·최근12 중앙값·최고조회수는 유지"
cph_qu,College of Pharmacy,해외 메디컬 인접 계정,카타르,3263,982,,3469.5,8260,,,약학교육·Pharmacy·보건의료교육,,없음,공용,B,실계정,,2026-08-09T04:08:06+09:00,DYzIxivCToG,2026-08-12T09:38:35+09:00,E1 공개 웹 후보·Instagram 직접 확인,0,,"Qatar University College of Pharmacy 공식 계정·CCAPP 인증 문구·공식 pharmacy 링크를 직접 확인해 분류 | 2026-08-05 최근12 관측: 공개 릴스 0/12만 확인, 중앙값·최고조회수 미기록 사유: 공개 프로필 릴스 0건만 노출 | 2026-08-06 최근12 관측 완료; 조회수·중앙값·최고조회수 미기록: 공개 조회수 미노출 | 최근30일게시수 미확인: 최근 12개 원문이 완전하지 않음 | 평소좋아요율 미확인: 콘텐츠 원장에 계정평소좋아요율 원값 없음 | 2026-08-09 로그인 read-only 최근12 관측: 릴스 12개 조회수 2005·1127·1644·5760·4362·2918·2007·1884·5524·8260·4021·4340; 중앙값 3469.5·최고조회수 8260 기록; 프로필 게시물 982·팔로워 3263 확인"
_college_of_pharmacy_,College of Pharmacy,해외 메디컬 인접 계정,이라크,711,105,,4673.5,25000,,,약학교육·Pharmacy·대학,,없음,공용,B,실계정,,2026-08-06T01:15:32.171Z,Dbm-hSOtONV,2026-08-12T09:38:35+09:00,E1 공개 웹 후보·Instagram 직접 확인,0,,"Cihan University Erbil College of Pharmacy 공식 계정 소개와 2022년 이후 운영 문구를 직접 확인해 분류 | 2026-08-05 최근12 관측: 공개 릴스 12/12 확인, 공개 좋아요 미노출로 평소좋아요율 미기록 | 2026-08-06 최근12 관측 완료; 조회수·중앙값·최고조회수 미기록: 공개 조회수 미노출 | 최근30일게시수 미확인: 최근 12개 원문이 완전하지 않음 | 평소좋아요율 미확인: 콘텐츠 원장에 계정평소좋아요율 원값 없음"
college.of.pharmacy.aau,College of pharmacy (Pharmaholics Team),해외 메디컬 인접 계정,요르단,1054,162,3,2027.5,15000,,,약학교육·Pharmacy·대학,,없음,공용,B,실계정,,2026-08-06T01:14:20.995Z,DQOc6RYDPht,2026-08-12T09:38:35+09:00,E1 공개 웹 후보·Instagram 직접 확인,0,,"Amman Arab University College of Pharmacy 공식 계정·요르단 약학대학 소개·공식 링크를 직접 확인해 분류 | 2026-08-05 최근12 관측: 공개 릴스 12/12 확인, 공개 좋아요 미노출로 평소좋아요율 미기록 | 2026-08-06 최근12 관측 완료; 조회수·중앙값·최고조회수 미기록: 공개 조회수 미노출 | 평소좋아요율 미확인: 콘텐츠 원장에 계정평소좋아요율 원값 없음"
tucapharmacy,Touro University California College of Pharmacy,해외 메디컬 인접 계정,미국,344,355,,2692,5521,,,약학교육·Pharmacy·보건의료교육,,없음,공용,B,실계정,,2026-08-05T18:46:04.328Z,DajS6gnqohN,2026-08-12T09:38:35+09:00,E1 공개 웹 후보·Instagram 직접 확인,0,,"Touro University California College of Pharmacy 공식 계정·학생 운영 문구·공식 pharmacy 과정 링크를 직접 확인해 분류 | 2026-08-05 최근12 관측: 공개 릴스 12/12 확인, 공개 좋아요 미노출로 평소좋아요율 미기록 | 최근30일게시수 미확인: 최근 12개 원문이 완전하지 않음 | 평소좋아요율 미확인: 콘텐츠 원장에 계정평소좋아요율 원값 없음"
gawande_college_of_pharmacy,𝙂𝘾𝙊𝙋 𝙎𝘼𝙆𝙃𝘼𝙍𝙆𝙃𝙀𝙍𝘿𝘼,해외 메디컬 인접 계정,인도,689,31,,2797.5,6474,,,약학교육·DPharm·BPharm·MPharm,,없음,공용,B,실계정,,2026-08-05T18:42:58.877Z,DGk41PEy5Ci,2026-08-12T09:38:35+09:00,E1 공개 웹 후보·Instagram 직접 확인,0,,"Gawande College of Pharmacy 공식 계정·D.Pharm·B.Pharm·M.Pharm 교육 소개를 직접 확인해 분류 | 2026-08-05 최근12 관측: 공개 릴스 12/12 확인, 공개 좋아요 미노출로 평소좋아요율 미기록 | 최근30일게시수 미확인: 최근 12개 원문이 완전하지 않음 | 평소좋아요율 미확인: 콘텐츠 원장에 계정평소좋아요율 원값 없음"
mbku_pharmadmissions,Marshall B. Ketchum University College of Pharmacy,해외 메디컬 인접 계정,미국,678,328,,3631,9875,,,약학교육·Pharmacy Admissions·보건의료,,없음,공용,B,실계정,,2026-08-05T18:42:58.877Z,DZLMlvJCExi,2026-08-12T09:38:35+09:00,E1 공개 웹 후보·Instagram 직접 확인,0,,"Marshall B. Ketchum University College of Pharmacy Admissions 공식 계정·입학 안내·공식 linktr.ee 링크를 직접 확인해 분류 | 2026-08-05 최근12 관측: 공개 릴스 12/12 확인, 공개 좋아요 미노출로 평소좋아요율 미기록 | 최근30일게시수 미확인: 최근 12개 원문이 완전하지 않음 | 평소좋아요율 미확인: 콘텐츠 원장에 계정평소좋아요율 원값 없음"
uod_college_of_pharmacy,UOD- college of pharmacy,해외 메디컬 인접 계정,이라크,1393,69,,10453,29000,,,약학교육·Pharmacy·대학,,없음,공용,B,실계정,,2026-08-06T01:14:20.995Z,DZDC46nqdu-,2026-08-12T09:38:35+09:00,E1 공개 웹 후보·Instagram 직접 확인,0,,"UOD College of Pharmacy 공식 계정·pharmacy college 소개와 공식 계정 문구를 직접 확인해 분류 | 2026-08-05 최근12 관측: 공개 릴스 12/12 확인, 공개 좋아요 미노출로 평소좋아요율 미기록 | 2026-08-06 최근12 관측 완료; 조회수·중앙값·최고조회수 미기록: 공개 조회수 미노출 | 최근30일게시수 미확인: 최근 12개 원문이 완전하지 않음 | 평소좋아요율 미확인: 콘텐츠 원장에 계정평소좋아요율 원값 없음"
lbscp0239,laxmi bai sahu ji college of pharmacy,해외 메디컬 인접 계정,인도,129,27,,2071,4574,,,약학교육·Pharmacy Department·대학,,없음,공용,B,실계정,,2026-08-05T18:49:54.459Z,DT7EJtgAG51,2026-08-12T09:40:48+09:00,E1 공개 웹 후보·Instagram 직접 확인,0,,"laxmi bai sahu ji college of pharmacy 공식 계정·Pharmacy Department 소개·공식 웹사이트 링크·입학 하이라이트를 직접 확인해 분류 | 2026-08-05 최근12 관측: 공개 릴스 12/12 확인, 공개 좋아요 미노출로 평소좋아요율 미기록 | 최근30일게시수 미확인: 최근 12개 원문이 완전하지 않음 | 평소좋아요율 미확인: 콘텐츠 원장에 계정평소좋아요율 원값 없음"
usbukgu,울산북구,국내 메디컬 인접 계정,한국,2.8만,3579,,5802.5,46000,,,지방정부·공공건강·건강정보,없음,없음,공용,B,실계정,,2026-08-06T00:11:22.094Z,DbpCsA_Emj_,2026-09-05T09:11:22.094+09:00,E1 공개 웹 후보·Instagram 직접 확인,0,,"울산북구 공식 Instagram 프로필·공공 및 정부 기관 카테고리·공식 SNS 채널 문구·건강정보 게시물을 직접 확인해 국내 메디컬 인접 계정으로 분류 | 2026-08-05 최근12 관측: 조회수 12/12, 공개 좋아요 0/12 | 2026-08-06 최근12 관측 완료; 조회수·중앙값·최고조회수 미기록: 공개 조회수 미노출 | 최근30일게시수 미확인: 최근 12개가 모두 30일 안에 있어 전체 개수를 확정할 수 없음 | 평소좋아요율 미확인: 콘텐츠 원장에 계정평소좋아요율 원값 없음; 릴스 없음 큐 정리(2026-08-06): QUEUE.csv 정확한 보류사유 확인 후 완료 처리. 재방문예정일을 마지막 정면채굴일시+30일로 설정"
yesan_gun,예산군,국내 메디컬 인접 계정,한국,1.2만,2760,,11000,57000,,,지방정부·공공건강·건강정보,없음,없음,공용,B,실계정,,2026-08-06T00:14:17.865Z,DbHX7HmTccF,2026-09-05T09:14:17.865+09:00,E1 공개 웹 후보·Instagram 직접 확인,0,,"예산군 공식 Instagram 프로필·예산군 공식 인스타그램 문구·건강정보 게시물 검색 노출을 직접 확인해 국내 메디컬 인접 계정으로 분류 | 2026-08-05 최근12 관측: 조회수 12/12, 공개 좋아요 0/12 | 2026-08-06 최근12 관측 완료; 조회수·중앙값·최고조회수 미기록: 공개 조회수 미노출 | 최근30일게시수 미확인: 최근 12개 원문이 완전하지 않음 | 평소좋아요율 미확인: 콘텐츠 원장에 계정평소좋아요율 원값 없음; 릴스 없음 큐 정리(2026-08-06): QUEUE.csv 정확한 보류사유 확인 후 완료 처리. 재방문예정일을 마지막 정면채굴일시+30일로 설정"
donghae.city,동해시,국내 메디컬 인접 계정,한국,1.5만,2286,11,5333.5,2468000,,,지방정부·공공건강·건강정보,없음,없음,공용,B,실계정,,2026-08-06T00:14:17.865Z,DaCZQf0CVnp,2026-09-05T09:14:17.865+09:00,E1 공개 웹 후보·Instagram 직접 확인,0,,"동해시 공식 Instagram 프로필·정부 기관 카테고리·공식 계정 문구·건강정보 게시물 검색 노출을 직접 확인해 국내 메디컬 인접 계정으로 분류 | 2026-08-05 최근12 관측: 조회수 12/12, 공개 좋아요 0/12 | 2026-08-06 최근12 관측 완료; 조회수·중앙값·최고조회수 미기록: 공개 조회수 미노출 | 평소좋아요율 미확인: 콘텐츠 원장에 계정평소좋아요율 원값 없음; 릴스 없음 큐 정리(2026-08-06): QUEUE.csv 정확한 보류사유 확인 후 완료 처리. 재방문예정일을 마지막 정면채굴일시+30일로 설정"
haeundae_official,해운대구 Haeundae·Busan,국내 메디컬 인접 계정,한국,3만,3951,10,5173,15000,,,지방정부·공공건강·건강정보,없음,없음,공용,B,실계정,,2026-08-06T00:08:20.743Z,C-UTcq1SVy8,2026-09-05T09:08:20.743+09:00,E1 공개 웹 후보·Instagram 직접 확인,0,,"해운대구 공식 Instagram 프로필·공식 계정 소개·건강정보 게시물 검색 노출을 직접 확인해 국내 메디컬 인접 계정으로 분류 | 2026-08-05 최근12 관측: 조회수 12/12, 공개 좋아요 0/12 | 2026-08-06 최근12 관측 완료; 조회수·중앙값·최고조회수 미기록: 공개 조회수 미노출 | 평소좋아요율 미확인: 콘텐츠 원장에 계정평소좋아요율 원값 없음; 릴스 없음 큐 정리(2026-08-06): QUEUE.csv 정확한 보류사유 확인 후 완료 처리. 재방문예정일을 마지막 정면채굴일시+30일로 설정"
wkuh_org,원광대학교병원,국내 메디컬 인접 계정,한국,1305,907,,2233,78000,,,대학병원·건강정보·공공보건,없음,없음,공용,B,실계정,,2026-08-06T00:36:40.337Z,Dbkq0BSzDUL,2026-09-05T09:36:40.337+09:00,E2 공개 검색 후보·Instagram 직접 확인,0,,"원광대학교병원 공식 Instagram 프로필·공식 YouTube 링크·뇌졸중 예방법 및 대처 릴스·퇴원환자 지역사회 연계사업 게시물을 직접 확인해 국내 메디컬 인접 계정으로 분류 | 2026-08-05 최근12 관측: 공개 릴스 12/12 확인, 공개 좋아요 미노출로 평소좋아요율 미기록 | 2026-08-06 최근12 관측 완료; 조회수·중앙값·최고조회수 미기록: 공개 조회수 미노출 | 최근30일게시수 미확인: 최근 12개가 모두 30일 안에 있어 전체 개수를 확정할 수 없음 | 평소좋아요율 미확인: 콘텐츠 원장에 계정평소좋아요율 원값 없음; 릴스 없음 큐 정리(2026-08-06): QUEUE.csv 정확한 보류사유 확인 후 완료 처리. 재방문예정일을 마지막 정면채굴일시+30일로 설정"
ulsan_uuh,울산대학교병원 공식 계정,국내 메디컬 인접 계정,한국,5881,368,10,2625.5,4630,,,대학병원·건강정보·병원소식,없음,없음,공용,B,실계정,,2026-08-06T00:23:49.090Z,DbZ3Dsskdar,2026-09-05T09:23:49.090+09:00,E2 공개 검색 후보·Instagram 직접 확인,0,,"울산대학교병원 공식 Instagram 프로필·병원 카테고리·공식 계정 문구·잠복 결핵 및 약제급여 적정성 평가 게시물을 직접 확인해 국내 메디컬 인접 계정으로 분류 | 2026-08-05 최근12 관측: 조회수 12/12, 공개 좋아요 0/12 | 2026-08-06 최근12 관측 완료; 조회수·중앙값·최고조회수 미기록: 공개 조회수 미노출 | 평소좋아요율 미확인: 콘텐츠 원장에 계정평소좋아요율 원값 없음; 릴스 없음 큐 정리(2026-08-06): QUEUE.csv 정확한 보류사유 확인 후 완료 처리. 재방문예정일을 마지막 정면채굴일시+30일로 설정"
eumc_in,이화여자대학교 의료원,국내 메디컬 인접 계정,한국,1934,115,0,,,,,의료원·건강정보·병원소식,없음,없음,공용,B,실계정,,2026-08-06T00:33:16.672Z,CykmV3aPWmg,2026-09-05T09:33:16.672+09:00,E2 공개 검색 후보·Instagram 직접 확인,0,,"이화여자대학교 의료원 공식 Instagram 프로필·건강·뷰티 카테고리·공식 YouTube 링크·건강한 변화 소개를 직접 확인해 국내 메디컬 인접 계정으로 분류 | 2026-08-05 최근12 관측: 공개 릴스 1/12만 확인, 중앙값·최고조회수 미기록 사유: 공개 프로필 릴스 1건만 노출 | 2026-08-06 최근12 관측 완료; 조회수·중앙값·최고조회수 미기록: 공개 조회수 미노출 | 평소좋아요율 미확인: 콘텐츠 원장에 계정평소좋아요율 원값 없음; 릴스 없음 큐 정리(2026-08-06): QUEUE.csv 정확한 보류사유 확인 후 완료 처리. 재방문예정일을 마지막 정면채굴일시+30일로 설정"
csuh_official,조선대학교병원ㅣChosun University Hospital,국내 메디컬 인접 계정,한국,4382,792,,1358.5,2810,,,대학병원·건강정보·병원소식,없음,없음,공용,B,실계정,,2026-08-06T00:27:06.777Z,DbovC9jktp0,2026-09-05T09:27:06.777+09:00,E2 공개 검색 후보·Instagram 직접 확인,0,,"조선대학교병원 공식 Instagram 프로필·병원 카테고리·건강 정보 하이라이트·가족 여행 건강수칙 릴스를 직접 확인해 국내 메디컬 인접 계정으로 분류 | 2026-08-05 최근12 관측: 조회수 12/12, 공개 좋아요 0/12 | 2026-08-06 최근12 관측 완료; 조회수·중앙값·최고조회수 미기록: 공개 조회수 미노출 | 최근30일게시수 미확인: 최근 12개가 모두 30일 안에 있어 전체 개수를 확정할 수 없음 | 평소좋아요율 미확인: 콘텐츠 원장에 계정평소좋아요율 원값 없음; 릴스 없음 큐 정리(2026-08-06): QUEUE.csv 정확한 보류사유 확인 후 완료 처리. 재방문예정일을 마지막 정면채굴일시+30일로 설정"
himchanhospital,힘찬병원,국내 메디컬 인접 계정,한국,2166,1037,,313,518,,,종합병원·정형외과·관절건강,없음,없음,공용,B,실계정,,2026-08-05T17:28:52.030Z,DZvx8dnS_hZ,2026-09-05T02:28:52.030+09:00,E2 공개 검색 후보·Instagram 직접 확인,0,,"힘찬병원 공식 Instagram 프로필·다수 지역 병원 소개·퇴행성 무릎 관절염과 무릎 건강 운동법 게시물을 직접 확인해 국내 메디컬 인접 계정으로 분류 | 2026-08-05 최근12 관측: 공개 릴스 12/12 확인, 공개 좋아요 미노출로 평소좋아요율 미기록 | 최근30일게시수 미확인: 최근 12개 원문이 완전하지 않음 | 평소좋아요율 미확인: 콘텐츠 원장에 계정평소좋아요율 원값 없음; 릴스 없음 큐 정리(2026-08-06): QUEUE.csv 정확한 보류사유 확인 후 완료 처리. 재방문예정일을 마지막 정면채굴일시+30일로 설정"
urispine,서울우리병원,국내 메디컬 인접 계정,한국,132,37,1,,,,,척추·관절·신경외과·정형외과,없음,없음,공용,B,실계정,,2026-08-06T00:48:49.007Z,DaonmStk-7m,2026-08-12T10:09:21+09:00,E2 공개 검색 후보·Instagram 직접 확인,0,,"서울우리병원 공식 Instagram 프로필·척추 관절 중점진료 문구·신경외과 정형외과 소개·공식 병원 웹사이트 링크를 직접 확인해 국내 메디컬 인접 계정으로 분류 | 2026-08-05 최근12 관측: 공개 릴스 1/12만 확인, 중앙값·최고조회수 미기록 사유: 공개 프로필 릴스 1건만 노출 | 2026-08-06 최근12 관측 완료; 조회수·중앙값·최고조회수 미기록: 공개 조회수 미노출 | 평소좋아요율 미확인: 콘텐츠 원장에 계정평소좋아요율 원값 없음"
dreamhosp,드림종합병원,국내 메디컬 인접 계정,한국,1388,301,,157.5,1400,,,종합병원·건강증진·진료안내,없음,없음,공용,B,실계정,,2026-08-05T17:36:19.178Z,C4Hcw39Nwod,2026-09-05T02:36:19.178+09:00,E2 공개 검색 후보·Instagram 직접 확인,0,,"드림종합병원 공식 Instagram 프로필·병원 카테고리·공식 계정 문구·건강증진센터 및 진료안내 하이라이트를 직접 확인해 국내 메디컬 인접 계정으로 분류 | 2026-08-05 최근12 관측: 공개 릴스 12/12 확인, 공개 좋아요 미노출로 평소좋아요율 미기록 | 최근30일게시수 미확인: 최근 12개 원문이 완전하지 않음 | 평소좋아요율 미확인: 콘텐츠 원장에 계정평소좋아요율 원값 없음; 릴스 없음 큐 정리(2026-08-06): QUEUE.csv 정확한 보류사유 확인 후 완료 처리. 재방문예정일을 마지막 정면채굴일시+30일로 설정"
goodhospitals,은성의료재단 좋은병원들,국내 메디컬 인접 계정,한국,2531,2046,,2094,14000,,,병원 네트워크·공공건강·지역사회,없음,없음,공용,B,실계정,,2026-08-06T00:59:28.950Z,DbppoxQAd-1,2026-09-05T09:59:28.950+09:00,E2 공개 검색 후보·Instagram 직접 확인,0,,"은성의료재단 좋은병원들 공식 Instagram 프로필·병원 카테고리·환자 중심 의료서비스·건강 꿀팁·지역사회 나눔 문구를 직접 확인해 국내 메디컬 인접 계정으로 분류 | 2026-08-05 최근12 관측: 공개 릴스 12/12 확인, 공개 좋아요 미노출로 평소좋아요율 미기록 | 2026-08-06 최근12 관측 실패·부분 확인(0/12); 조회수·중앙값·최고조회수 미기록: no public post shortcodes found | 2026-08-06 최근12 관측 완료; 조회수·중앙값·최고조회수 미기록: 공개 조회수 미노출 | 최근30일게시수 미확인: 최근 12개가 모두 30일 안에 있어 전체 개수를 확정할 수 없음 | 평소좋아요율 미확인: 콘텐츠 원장에 계정평소좋아요율 원값 없음; 릴스 없음 큐 정리(2026-08-06): QUEUE.csv 정확한 보류사유 확인 후 완료 처리. 재방문예정일을 마지막 정면채굴일시+30일로 설정"
ud_dental,유디톡🦷💬_유디치과 공식 계정,국내 메디컬 인접 계정,한국,13000,1830,3,500.5,2340,,,치과 네트워크·구강건강·치과 진료,없음,없음,공용,B,실계정,,2026-08-08T11:04:21+09:00,DbIM45pD5wL,2026-09-07T11:04:21+09:00,E1 Instagram 프로필 직접 확인,0,,"전국 106개 유디치과 공식 계정 문구·유디치과 공식 웹사이트 링크·유디케어캠페인 및 진료 관련 하이라이트를 직접 확인해 국내 메디컬 인접 계정으로 분류 | 2026-08-05 최근12 관측: 조회수 12/12, 공개 좋아요 0/12 | 2026-08-06 최근12 관측 완료; 조회수·중앙값·최고조회수 미기록: 공개 조회수 미노출 | 평소좋아요율 미확인: 콘텐츠 원장에 계정평소좋아요율 원값 없음; 릴스 없음 큐 정리(2026-08-06): QUEUE.csv 정확한 보류사유 확인 후 완료 처리. 재방문예정일을 마지막 정면채굴일시+30일로 설정 | 2026-08-08 로그인 read-only 프로필에서 게시물 1830·팔로워 1.3만 확인; 최근12 지표와 등급은 기존값 유지"
minish_dental.hospital,미니쉬치과병원,국내 메디컬 인접 계정,한국,20000,453,0,,,,,치과병원·치아복구·심미치료·임상정보,없음,없음,공용,B,실계정,,2026-08-08T11:08:56+09:00,DZE5X-okXCR,2026-09-07T11:08:56+09:00,E1 Instagram 프로필 직접 확인,0,,"미니쉬치과병원 공식 Instagram 프로필·치아복구 솔루션·20만 임상케이스 문구·병원 네이버 플레이스 링크·DOCTORS 및 NEWS 하이라이트를 직접 확인해 국내 메디컬 인접 계정으로 분류 | 2026-08-05 최근12 관측: 공개 릴스 9/12만 확인, 중앙값·최고조회수 미기록 사유: 공개 프로필 릴스 9건만 노출 | 2026-08-06 최근12 관측 완료; 조회수·중앙값·최고조회수 미기록: 공개 조회수 미노출 | 평소좋아요율 미확인: 콘텐츠 원장에 계정평소좋아요율 원값 없음; 릴스 없음 큐 정리(2026-08-06): QUEUE.csv 정확한 보류사유 확인 후 완료 처리. 재방문예정일을 마지막 정면채굴일시+30일로 설정 | 2026-08-08 로그인 read-only 프로필에서 게시물 453·팔로워 2만 확인; 최근12 지표와 등급은 기존값 유지"
segyero_dental,세계로치과병원,국내 메디컬 인접 계정,한국,1561,1235,,2927,6236,,,치과병원·임플란트·라미네이트·디지털치과,없음,없음,공용,B,실계정,,2026-08-08T11:08:56+09:00,DbkhBWoTpd2,2026-09-07T11:08:56+09:00,E1 Instagram 프로필 직접 확인,0,,"세계로치과병원 공식 Instagram 프로필·임플란트 연구개발·디지털치과 교육·진료안내 및 라이브서저리 하이라이트를 직접 확인해 국내 메디컬 인접 계정으로 분류 | 2026-08-05 최근12 관측: 공개 릴스 12/12 확인, 공개 좋아요 미노출로 평소좋아요율 미기록 | 최근30일게시수 미확인: 최근 12개 원문이 완전하지 않음 | 평소좋아요율 미확인: 콘텐츠 원장에 계정평소좋아요율 원값 없음; 릴스 없음 큐 정리(2026-08-06): QUEUE.csv 정확한 보류사유 확인 후 완료 처리 | 2026-08-08 로그인 read-only 프로필에서 게시물 1235·팔로워 1561 확인; 최근12 지표와 등급은 기존값 유지"
baro2dc,바로이치과,국내 메디컬 인접 계정,한국,676,137,6,,,,,치과·임플란트·보철·지역병원,없음,없음,공용,B,실계정,,2026-08-08T11:15:44+09:00,DRytwtiARtn,2026-09-07T11:15:44+09:00,E1 Instagram 프로필 직접 확인,0,,"군포 산본 바로이치과 공식 Instagram 프로필·서울대 출신 전문의 책임진료 문구·자체기공소·예약 및 진료 안내 하이라이트·공식 웹사이트 링크를 직접 확인해 국내 메디컬 인접 계정으로 분류 | 2026-08-05 최근12 관측: 공개 릴스 10/12만 확인, 중앙값·최고조회수 미기록 사유: 공개 프로필 릴스 10건만 노출 | 2026-08-06 최근12 관측 완료; 조회수·중앙값·최고조회수 미기록: 공개 조회수 미노출 | 평소좋아요율 미확인: 콘텐츠 원장에 계정평소좋아요율 원값 없음; 릴스 없음 큐 정리(2026-08-06): QUEUE.csv 정확한 보류사유 확인 후 완료 처리. 재방문예정일을 마지막 정면채굴일시+30일로 설정 | 2026-08-08 로그인 read-only 프로필에서 게시물 137·팔로워 676·팔로잉 815·공식 웹사이트 baro2.co.kr·군포 산본 위치를 직접 확인; 최근12 지표와 등급은 기존값 유지"
yoshanchuen,행신 코리아약국,국내 메디컬 인접 계정,한국,3021,3337,10,2154,706000,,,약국·지역건강·약국 콘텐츠,없음,없음,공용,B,실계정,,2026-08-08T11:15:44+09:00,DbhiXoNGVHZ,2026-09-07T11:15:44+09:00,E1 Instagram 프로필 직접 확인,0,,"코리아약국·행신코리아약국 해시태그·코리아약국 공식 계정 링크·공식 YouTube 링크를 직접 확인해 국내 메디컬 인접 계정으로 분류 | 2026-08-05 최근12 관측: 조회수 12/12, 공개 좋아요 0/12 | 2026-08-06 최근12 관측 완료; 조회수·중앙값·최고조회수 미기록: 공개 조회수 미노출 | 평소좋아요율 미확인: 콘텐츠 원장에 계정평소좋아요율 원값 없음; 릴스 없음 큐 정리(2026-08-06): QUEUE.csv 정확한 보류사유 확인 후 완료 처리. 재방문예정일을 마지막 정면채굴일시+30일로 설정 | 2026-08-08 로그인 read-only 프로필에서 게시물 3337·팔로워 3021·팔로잉 5310·건강/뷰티 카테고리·@korea_pharmacy 포함 캡션을 직접 확인; 최근12 지표와 등급은 기존값 유지"
korea_pharmacy,코리아약국,국내 메디컬 인접 계정,한국,999,261,,1421.5,55000,,,약국·지역건강·건강정보,없음,없음,공용,B,실계정,,2026-08-08T11:22:58+09:00,DbiS549xCFI,2026-09-07T11:22:58+09:00,E1 Instagram 프로필 직접 확인,0,,"코리아약국 공식 Instagram 프로필·건강한 웃음이 가득한 코리아약국 소개·약국 게시물과 릴스를 직접 확인해 국내 메디컬 인접 계정으로 분류 | 2026-08-05 최근12 관측: 공개 릴스 12/12 확인, 공개 좋아요 미노출로 평소좋아요율 미기록 | 2026-08-06 최근12 관측 완료; 조회수·중앙값·최고조회수 미기록: 공개 조회수 미노출 | 최근30일게시수 미확인: 최근 12개가 모두 30일 안에 있어 전체 개수를 확정할 수 없음 | 평소좋아요율 미확인: 콘텐츠 원장에 계정평소좋아요율 원값 없음 | 2026-08-08 로그인 read-only 프로필에서 게시물 261·팔로워 1004·팔로잉 182를 직접 확인; 최근12 지표와 등급은 기존값 유지"
nids_korea,한국의료기기안전정보원,국내 메디컬 인접 계정,한국,1526,160,,257.5,345,,,의료기기·환자안전·공공건강,없음,없음,공용,B,실계정,,2026-08-08T11:22:58+09:00,DZYweVHAD1z,2026-09-07T11:22:58+09:00,E1 Instagram 프로필 직접 확인,0,,"한국의료기기안전정보원 공식 Instagram 프로필·공식 홈페이지 링크·NIDS NEWS·NIDS PICK·의료기기 안전정보 하이라이트를 직접 확인해 국내 메디컬 인접 계정으로 분류 | 2026-08-05 최근12 관측: 공개 릴스 12/12 확인, 공개 좋아요 미노출로 평소좋아요율 미기록 | 최근30일게시수 미확인: 최근 12개 원문이 완전하지 않음 | 평소좋아요율 미확인: 콘텐츠 원장에 계정평소좋아요율 원값 없음; 릴스 없음 큐 정리(2026-08-06): QUEUE.csv 정확한 보류사유 확인 후 완료 처리. 재방문예정일을 마지막 정면채굴일시+30일로 설정 | 2026-08-08 로그인 read-only 프로필에서 게시물 160·팔로워 1526·팔로잉 11·공식 링크 www.nids.or.kr을 직접 확인; 최근12 지표와 등급은 기존값 유지"
hello_khidi,한국보건산업진흥원,국내 메디컬 인접 계정,한국,14000,941,9,583,1462,,,바이오헬스·보건산업·공공건강,없음,없음,공용,B,실계정,,2026-08-08T11:28:16+09:00,DZFBelLiXI2,2026-09-07T11:28:16+09:00,E1 Instagram 프로필 직접 확인,0,,"한국보건산업진흥원 공식 Instagram 프로필·바이오헬스 산업 및 건강강국 소개 문구·KHIDI 해시태그·공식 Linktree 링크를 직접 확인해 국내 메디컬 인접 계정으로 분류 | 2026-08-05 최근12 관측: 조회수 12/12, 공개 좋아요 0/12 | 2026-08-06 최근12 관측 완료; 조회수·중앙값·최고조회수 미기록: 공개 조회수 미노출 | 평소좋아요율 미확인: 콘텐츠 원장에 계정평소좋아요율 원값 없음; 릴스 없음 큐 정리(2026-08-06): QUEUE.csv 정확한 보류사유 확인 후 완료 처리 | 2026-08-08 로그인 read-only 프로필에서 게시물 941·팔로워 1.4만·팔로잉 30·공공 및 정부 기관 카테고리를 직접 확인; 최근12 지표와 등급은 기존값 유지"
jwtalk_official,JW 공식 인스타그램,국내 메디컬 인접 계정,한국,6775,189,2,738.5,78000,,,제약·헬스케어·건강정보,없음,없음,공용,B,실계정,,2026-08-08T11:28:16+09:00,Dbb7VZ2jTZw,2026-09-07T11:28:16+09:00,E1 Instagram 프로필 직접 확인,0,,"JW 공식 Instagram 프로필·헬스케어 리더 소개·공식 링크·건강 정보 및 헬스피디아 하이라이트를 직접 확인해 국내 메디컬 인접 계정으로 분류 | 2026-08-05 최근12 관측: 조회수 12/12, 공개 좋아요 0/12 | 2026-08-06 최근12 관측 완료; 조회수·중앙값·최고조회수 미기록: 공개 조회수 미노출 | 평소좋아요율 미확인: 콘텐츠 원장에 계정평소좋아요율 원값 없음; 릴스 없음 큐 정리(2026-08-06): QUEUE.csv 정확한 보류사유 확인 후 완료 처리 | 2026-08-08 로그인 read-only 프로필에서 게시물 189·팔로워 6775·팔로잉 2·공식 링크 www.dangboostatin 확인; 최근12 지표와 등급은 기존값 유지"
hanwhapharm_official,한화제약,국내 메디컬 인접 계정,한국,398,149,,,,,,제약·건강기능식품·건강정보,없음,없음,공용,B,실계정,,2026-08-08T11:32:05+09:00,DawTyDcGVkg,2026-09-07T11:32:05+09:00,E1 Instagram 프로필 직접 확인,0,,"한화제약 공식 Instagram 프로필·공식 계정 문구·건강 관련 제품 계정 링크와 공개 하이라이트를 직접 확인해 국내 메디컬 인접 계정으로 분류 | 2026-08-05 최근12 관측: 공개 릴스 5/12만 확인, 중앙값·최고조회수 미기록 사유: 공개 프로필 릴스 5건만 노출 | 2026-08-06 최근12 관측 완료; 조회수·중앙값·최고조회수 미기록: 공개 조회수 미노출 | 최근30일게시수 미확인: 최근 12개 원문이 완전하지 않음 | 평소좋아요율 미확인: 콘텐츠 원장에 계정평소좋아요율 원값 없음 | 2026-08-08 로그인 read-only 프로필에서 게시물 149·팔로워 398·팔로잉 31·@alive_vitamin75 연결을 직접 확인; 최근12 지표와 등급은 기존값 유지"
hanshinmedipia,한신메디피아·서초구검진센터·기업검진·국가검진,국내 메디컬 인접 계정,한국,5937,305,,,,,,의료 및 건강,없음,없음,공용,B,실계정,,2026-08-06T00:23:49.090Z,DZwAY9aE6Rn,2026-09-05T09:23:49.090+09:00,E2 공개 검색 후보·Instagram 직접 확인,0,,"한신메디피아 공식 Instagram 프로필·건강검진센터·기업검진·국가검진 명시·AI검진·국가검진 하이라이트와 공식 링크를 직접 확인해 국내 메디컬 인접 계정으로 분류 | 2026-08-05 최근12 관측: 공개 릴스 3/12만 확인, 중앙값·최고조회수 미기록 사유: 공개 프로필 릴스 3건만 노출 | 2026-08-06 최근12 관측 완료; 조회수·중앙값·최고조회수 미기록: 공개 조회수 미노출 | 최근30일게시수 미확인: 최근 12개 원문이 완전하지 않음 | 평소좋아요율 미확인: 콘텐츠 원장에 계정평소좋아요율 원값 없음; 릴스 없음 큐 정리(2026-08-06): QUEUE.csv 정확한 보류사유 확인 후 완료 처리. 재방문예정일을 마지막 정면채굴일시+30일로 설정"
amc_seoul_health,서울아산병원 건강증진센터,국내 메디컬 인접 계정,한국,399,87,1,,,,,건강증진센터·병원건강검진,없음,없음,공용,B,실계정,,2026-08-06T00:45:56.465Z,DbXhQPhu1NK,2026-08-12T11:14:38+09:00,E2 공개 검색 후보·Instagram 직접 확인,0,,"서울아산병원 건강증진센터 공식 Instagram 프로필·공식 건강정보 링크·건강검진센터 소개·공개 검진 안내 게시물을 직접 확인해 국내 메디컬 인접 계정으로 분류 | 2026-08-05 최근12 관측: 공개 릴스 0/12만 확인, 중앙값·최고조회수 미기록 사유: 공개 프로필 릴스 0건만 노출 | 2026-08-06 최근12 관측 완료; 조회수·중앙값·최고조회수 미기록: 공개 조회수 미노출 | 평소좋아요율 미확인: 콘텐츠 원장에 계정평소좋아요율 원값 없음"
wiltse_suwon,윌스기념병원,국내 메디컬 인접 계정,한국,83,177,6,,,,,종합병원·정형외과·건강증진센터,없음,없음,공용,B,실계정,,2026-08-06T00:49:50.385Z,DbpQrNmmd4E,2026-08-12T11:14:38+09:00,E2 공개 검색 후보·Instagram 직접 확인,0,,"윌스기념병원 공식 Instagram 프로필·2차 종합병원·24시간 응급실 문구·공식 홈페이지 링크·건강검진센터와 생활 건강정보 게시물을 직접 확인해 국내 메디컬 인접 계정으로 분류 | 2026-08-05 최근12 관측: 공개 릴스 0/12만 확인, 중앙값·최고조회수 미기록 사유: 공개 프로필 릴스 0건만 노출 | 2026-08-06 최근12 관측 완료; 조회수·중앙값·최고조회수 미기록: 공개 조회수 미노출 | 평소좋아요율 미확인: 콘텐츠 원장에 계정평소좋아요율 원값 없음"
seoulteamdoctor,서울 국가대표재활의학과,국내 메디컬 인접 계정,한국,809,236,9,,,,,재활의학과·정형외과·건강정보,없음,없음,공용,B,실계정,,2026-08-06T00:40:00.368Z,DbpBdGWTNzw,2026-08-12T11:22:06+09:00,E2 공개 웹 검색 후보·Instagram 직접 확인,0,,"서울 국가대표재활의학과 공식 Instagram 프로필·재활의학과·정형외과·잠실 진료 안내·네이버 예약 링크를 직접 확인해 국내 메디컬 인접 계정으로 분류 | 2026-08-05 최근12 관측: 공개 릴스 0/12만 확인, 중앙값·최고조회수 미기록 사유: 공개 프로필 릴스 0건만 노출 | 2026-08-06 최근12 관측 완료; 조회수·중앙값·최고조회수 미기록: 공개 조회수 미노출 | 평소좋아요율 미확인: 콘텐츠 원장에 계정평소좋아요율 원값 없음"
rehart_official,리하트병원·의정부 재활병원,국내 메디컬 인접 계정,한국,1452,513,9,2042.5,11000,,,재활병원·재활치료·건강정보,없음,없음,공용,B,실계정,,2026-08-06T00:36:40.337Z,Dbp2Pe_CmQ9,2026-09-05T09:36:40.337+09:00,E2 공개 웹 검색 후보·Instagram 직접 확인,0,,"리하트병원 공식 Instagram 프로필·의정부 재활병원 소개·공식 홈페이지 링크·물리치료사 및 재활치료 공개 게시물을 직접 확인해 국내 메디컬 인접 계정으로 분류 | 2026-08-05 최근12 관측: 공개 릴스 12/12 확인, 공개 좋아요 미노출로 평소좋아요율 미기록 | 2026-08-06 최근12 관측 완료; 조회수·중앙값·최고조회수 미기록: 공개 조회수 미노출 | 평소좋아요율 미확인: 콘텐츠 원장에 계정평소좋아요율 원값 없음; 릴스 없음 큐 정리(2026-08-06): QUEUE.csv 정확한 보류사유 확인 후 완료 처리. 재방문예정일을 마지막 정면채굴일시+30일로 설정"
cnchospital,씨엔씨재활의학과병원,국내 메디컬 인접 계정,한국,444,294,,1730,4858,,,재활의학과병원·뇌졸중·뇌성마비·건강정보,없음,없음,공용,B,실계정,,2026-08-05T17:55:49.559Z,DYOiP6nPGAh,2026-08-12T11:22:06+09:00,E2 공개 웹 검색 후보·Instagram 직접 확인,0,,"씨엔씨재활의학과병원 공식 Instagram 프로필·충북 재활병원 소개·뇌졸중·뇌성마비 진료 신호·공식 링크를 직접 확인해 국내 메디컬 인접 계정으로 분류 | 2026-08-05 최근12 관측: 공개 릴스 12/12 확인, 공개 좋아요 미노출로 평소좋아요율 미기록 | 최근30일게시수 미확인: 최근 12개 원문이 완전하지 않음 | 평소좋아요율 미확인: 콘텐츠 원장에 계정평소좋아요율 원값 없음"
seoulacehospital,서울에이스병원,국내 메디컬 인접 계정,한국,563,1062,11,942,1094000,,,정형외과·재활치료·운동치료·건강정보,없음,없음,공용,B,실계정,,2026-08-06T00:43:32.869Z,DbmY70PSZk3,2026-08-12T11:48:18+09:00,E2 공개 웹 검색 후보·Instagram 직접 확인,0,,"서울에이스병원 공식 Instagram 프로필·보건복지부 인증의료기관·첨단재생의료실시기관 문구·공식 홈페이지·건강검진 및 건강정보 하이라이트와 공개 게시물 신호를 직접 확인해 국내 메디컬 인접 계정으로 분류 | 2026-08-05 최근12 관측: 공개 릴스 12/12 확인, 공개 좋아요 미노출로 평소좋아요율 미기록 | 2026-08-06 최근12 관측 완료; 조회수·중앙값·최고조회수 미기록: 공개 조회수 미노출 | 평소좋아요율 미확인: 콘텐츠 원장에 계정평소좋아요율 원값 없음"
yonseiwoori_hospital,연세우리병원(척추·관절·내과·검진),국내 메디컬 인접 계정,한국,1174,543,,224.5,264,,,척추·관절·내과·건강검진·운동재활,없음,없음,공용,B,실계정,,2026-08-05T17:39:41.884Z,Dboz2mnNgfJ,2026-09-05T02:39:41.884+09:00,E2 공개 웹 검색 후보·Instagram 직접 확인,0,,"연세우리병원 공식 Instagram 프로필·척추·관절·내과·건강검진·MRI·CT·내시경·스포츠외상 진료 안내·공식 홈페이지와 공개 치료 릴스를 직접 확인해 국내 메디컬 인접 계정으로 분류 | 2026-08-05 최근12 관측: 공개 릴스 12/12 확인, 공개 좋아요 미노출로 평소좋아요율 미기록 | 최근30일게시수 미확인: 최근 12개 원문이 완전하지 않음 | 평소좋아요율 미확인: 콘텐츠 원장에 계정평소좋아요율 원값 없음; 릴스 없음 큐 정리(2026-08-06): QUEUE.csv 정확한 보류사유 확인 후 완료 처리. 재방문예정일을 마지막 정면채굴일시+30일로 설정"
madisesang,마디세상병원,국내 메디컬 인접 계정,한국,731,335,,211,3170,,,정형외과·스포츠재활·운동치료·건강정보,없음,없음,공용,B,실계정,,2026-08-05T17:46:33.418Z,DZG71HDptqx,2026-08-12T11:48:18+09:00,E2 공개 웹 검색 후보·Instagram 직접 확인,0,,"마디세상병원 공식 Instagram 프로필·필요한 치료와 수술만 한다는 병원 소개·신체 부위별 진료 하이라이트·스포츠재활 연구센터 신호·공개 게시물을 직접 확인해 국내 메디컬 인접 계정으로 분류 | 2026-08-05 최근12 관측: 공개 릴스 12/12 확인, 공개 좋아요 미노출로 평소좋아요율 미기록 | 최근30일게시수 미확인: 최근 12개 원문이 완전하지 않음 | 평소좋아요율 미확인: 콘텐츠 원장에 계정평소좋아요율 원값 없음"
ysbonlove,연세본사랑병원,국내 메디컬 인접 계정,한국,273,339,,195.5,254,,,정형외과·척추·관절·내과·건강검진·운동치료·재활,없음,없음,공용,B,실계정,,2026-08-05T18:05:40.158Z,DbFH6OAhMn0,2026-08-12T12:00:32+09:00,E2 공개 웹 검색 후보·Instagram 직접 확인,0,,"연세본사랑병원 공식 Instagram 프로필·Since 2003·관절·척추·내과·신경과·검진 진료 안내·공식 홈페이지 링크·자세 및 보행 분석·도수치료·운동치료·물리치료·스포츠재활 공개 릴스를 직접 확인해 국내 메디컬 인접 계정으로 분류 | 2026-08-05 최근12 관측: 공개 릴스 12/12 확인, 공개 좋아요 미노출로 평소좋아요율 미기록 | 최근30일게시수 미확인: 최근 12개 원문이 완전하지 않음 | 평소좋아요율 미확인: 콘텐츠 원장에 계정평소좋아요율 원값 없음"
nowhospital,평촌서울나우병원,국내 메디컬 인접 계정,한국,2682,926,,312.5,6506,,,관절전문병원·스포츠메디컬·정형외과·건강정보,없음,없음,공용,B,실계정,,2026-08-05T17:25:44.929Z,DbIMk1-PyUt,2026-09-05T02:25:44.929+09:00,E2 공개 웹 검색 후보·Instagram 직접 확인,0,,"평촌서울나우병원 공식 Instagram 프로필·보건복지부 지정 관절전문병원·의료기관 인증·공식 스포츠 메디컬 병원 문구·척추·수부·관절·족부 하이라이트·공식 유튜브 링크와 공개 게시물을 직접 확인해 국내 메디컬 인접 계정으로 분류 | 2026-08-05 최근12 관측: 공개 릴스 12/12 확인, 공개 좋아요 미노출로 평소좋아요율 미기록 | 최근30일게시수 미확인: 최근 12개 원문이 완전하지 않음 | 평소좋아요율 미확인: 콘텐츠 원장에 계정평소좋아요율 원값 없음; 릴스 없음 큐 정리(2026-08-06): QUEUE.csv 정확한 보류사유 확인 후 완료 처리. 재방문예정일을 마지막 정면채굴일시+30일로 설정"
jsjshospital,제이에스병원(수원정형외과),국내 메디컬 인접 계정,한국,1034,383,,504.5,12000,,,정형외과·관절·척추·내과검진·수족부·물리치료,없음,없음,공용,B,실계정,,2026-08-06T00:37:45.884Z,DEBufqyPUUE,2026-09-05T09:37:45.884+09:00,E2 공개 웹 검색 후보·Instagram 직접 확인,0,,"제이에스병원 공식 Instagram 프로필·관절센터·척추센터·내과검진센터·수족부 특화 진료 안내·공식 홈페이지 링크·공개 물리치료센터·관절척추 건강정보 게시물을 직접 확인해 국내 메디컬 인접 계정으로 분류 | 2026-08-05 최근12 관측: 공개 릴스 12/12 확인, 공개 좋아요 미노출로 평소좋아요율 미기록 | 2026-08-06 최근12 관측 완료; 조회수·중앙값·최고조회수 미기록: 공개 조회수 미노출 | 최근30일게시수 미확인: 최근 12개 원문이 완전하지 않음 | 평소좋아요율 미확인: 콘텐츠 원장에 계정평소좋아요율 원값 없음; 릴스 없음 큐 정리(2026-08-06): QUEUE.csv 정확한 보류사유 확인 후 완료 처리. 재방문예정일을 마지막 정면채굴일시+30일로 설정"
thebareun_clinic,더바른내과,국내 메디컬 인접 계정,한국,810,307,,197.5,238,,,내과·소화기내시경·건강검진·건강정보,없음,없음,공용,B,실계정,,2026-08-05T17:44:58.384Z,Dbo7_7apWmX,2026-08-12T12:14:03+09:00,E2 공개 웹 검색 후보·Instagram 직접 확인,0,,"더바른내과 공식 Instagram 프로필·양산 덕계 소재·소화기내시경 세부 전문의 4인 진료 안내·공식 홈페이지 링크·식중독·폭염·당뇨 위험신호·물 섭취·암검진 등 공개 건강정보 게시물을 직접 확인해 국내 메디컬 인접 계정으로 분류 | 2026-08-05 최근12 관측: 공개 릴스 12/12 확인, 공개 좋아요 미노출로 평소좋아요율 미기록 | 최근30일게시수 미확인: 최근 12개 원문이 완전하지 않음 | 평소좋아요율 미확인: 콘텐츠 원장에 계정평소좋아요율 원값 없음"
mizmedi_hospital,미즈메디병원,국내 메디컬 인접 계정,한국,953,688,,1143.5,94000,,,산부인과·여성병원·소아과·내과·건강정보,없음,없음,공용,B,실계정,,2026-08-06T00:40:00.368Z,DbjwWMDEks5,2026-08-12T12:32:02+09:00,E2 공개 웹 검색 후보·Instagram 직접 확인,0,,"미즈메디병원 공식 Instagram 프로필·보건복지부지정 산부인과 전문병원·강서구 종합병원·12개 진료과·60인의 전문의·질환정보 및 강좌 하이라이트를 직접 확인해 국내 메디컬 인접 계정으로 분류 | 2026-08-05 최근12 관측: 공개 릴스 12/12 확인, 공개 좋아요 미노출로 평소좋아요율 미기록 | 2026-08-06 최근12 관측 완료; 조회수·중앙값·최고조회수 미기록: 공개 조회수 미노출 | 최근30일게시수 미확인: 최근 12개가 모두 30일 안에 있어 전체 개수를 확정할 수 없음 | 평소좋아요율 미확인: 콘텐츠 원장에 계정평소좋아요율 원값 없음"
bombit_medical,봄빛병원,국내 메디컬 인접 계정,한국,9393,1408,,5796,85000,,,산부인과·여성병원·임신·출산 건강정보,없음,없음,공용,B,실계정,,2026-08-06T00:17:50.821Z,Dbo5BN4APL8,2026-08-12T12:32:02+09:00,E2 공개 웹 검색 후보·Instagram 직접 확인,0,,"봄빛병원 공식 Instagram 프로필·안양 평촌 위치·1996년 개원·누적분만건수 안내·산부인과 및 소아과 의료진 하이라이트·임신 중 흡연·부종·식사량·패스트푸드 공개 건강정보 게시물을 직접 확인해 국내 메디컬 인접 계정으로 분류 | 2026-08-05 최근12 관측: 조회수 12/12, 공개 좋아요 0/12 | 2026-08-06 최근12 관측 완료; 조회수·중앙값·최고조회수 미기록: 공개 조회수 미노출 | 최근30일게시수 미확인: 최근 12개가 모두 30일 안에 있어 전체 개수를 확정할 수 없음 | 평소좋아요율 미확인: 콘텐츠 원장에 계정평소좋아요율 원값 없음"
shesmedi_hospital,쉬즈메디병원_공식 인스타그램,국내 메디컬 인접 계정,한국,1899,767,9,623.5,16000,,,산부인과·소아과·내과·복강경·유방갑상선·건강정보,없음,없음,공용,B,실계정,,2026-08-06T00:34:35.514Z,DaKbEOjO_cq,2026-09-05T09:34:35.514+09:00,E2 공개 웹 검색 후보·Instagram 직접 확인,0,,"쉬즈메디병원 공식 Instagram 프로필·수원 산부인과·소아청소년과·내과 복강경센터·아이희망센터·유방갑상선센터·아동발달센터·공식 홈페이지·분만실 공개 게시물을 직접 확인해 국내 메디컬 인접 계정으로 분류 | 2026-08-05 최근12 관측: 공개 릴스 12/12 확인, 공개 좋아요 미노출로 평소좋아요율 미기록 | 2026-08-06 최근12 관측 완료; 조회수·중앙값·최고조회수 미기록: 공개 조회수 미노출 | 평소좋아요율 미확인: 콘텐츠 원장에 계정평소좋아요율 원값 없음; 릴스 없음 큐 정리(2026-08-06): QUEUE.csv 정확한 보류사유 확인 후 완료 처리. 재방문예정일을 마지막 정면채굴일시+30일로 설정"
urimedi1,부천우리병원 | 보건복지부 인증 종합병원,국내 메디컬 인접 계정,한국,340,474,10,229,155000,,,내과·척추관절·뇌신경·건강검진·응급실·건강정보,없음,없음,공용,B,실계정,,2026-08-06T00:46:48.428Z,DaOs1W5pSKe,2026-08-12T12:43:26+09:00,E2 공개 웹 검색 후보·Instagram 직접 확인,0,,"부천우리병원 공개 프로필·내과·척추관절·뇌신경센터·6대암검진·24시간 응급실·건강정보 하이라이트·뉴스레터 및 여름 건강정보 게시물을 직접 확인해 국내 메디컬 인접 계정으로 분류 | 2026-08-05 최근12 관측: 공개 릴스 12/12 확인, 공개 좋아요 미노출로 평소좋아요율 미기록 | 2026-08-06 최근12 관측 완료; 조회수·중앙값·최고조회수 미기록: 공개 조회수 미노출 | 평소좋아요율 미확인: 콘텐츠 원장에 계정평소좋아요율 원값 없음"
korea2nt_official,코리아이비인후과,국내 메디컬 인접 계정,한국,8,1,,,,,,이비인후과·코·목·귀·수면·수술,없음,없음,공용,B,실계정,,2026-08-07T01:54:58+09:00,DZMoBO0D-Xx,2026-08-21T01:54:58+09:00,E2 공개 웹 검색 후보·Instagram 직접 확인; E3 Instagram 직접 확인,0,,"코리아이비인후과 공개 프로필·대구 소재·코·목·귀·수면 진료·수술 중점 안내·공식 홈페이지·건강정보 게시물을 직접 확인해 국내 메디컬 인접 계정으로 분류 | 2026-08-05 최근12 관측: 공개 릴스 0/12만 확인, 중앙값·최고조회수 미기록 사유: 공개 프로필 릴스 0건만 노출 | 2026-08-06 최근12 관측 실패·부분 확인(1/12); 조회수·중앙값·최고조회수 미기록: 공개 조회수 미노출 | 최근30일게시수 미확인: 최근 12개 원문이 완전하지 않음 | 평소좋아요율 미확인: 콘텐츠 원장에 계정평소좋아요율 원값 없음 | 2026-08-06 E3 직접 확인: 프로필 팔로워 8, 게시물 1, 팔로우 0, 대구 수술 중점 이비인후과·코/목/귀/수면 진료·홈페이지/네이버플레이스 링크. 프로필 그리드 미디어는 노출되지 않았지만 기존 raw shortcode DZMoBO0D-Xx 직접 링크가 열림. 조회수 미노출·좋아요 5·댓글 없음·게시일 2026-06-05 확인. 최근12 전체는 미확인. | 2026-08-07 E3 재확인: 공개 프로필 팔로워 8, 게시물 1, 팔로우 0 확인. 게시물 1개와 태그됨 탭만 노출되고 reels 탭이 없어 최근12 전체를 확인하지 못했고 조회수도 미노출."
leehwanho_ent,이환호이비인후과,국내 메디컬 인접 계정,한국,115,8,,,,,,이비인후과·어지럼증·이명·난청·귀·균형,없음,없음,공용,B,실계정,,2026-08-07T01:47:45+09:00,DY34i-1RY1y,2026-08-21T01:47:45+09:00,E2 공개 웹 검색 후보·Instagram 직접 확인; E3 Instagram 직접 확인,0,,"이환호이비인후과 공개 프로필·부산 소재·이비인후과 전문의·산재지정 병원·어지럼증·이명·난청 집중 진료·진료일정과 건강정보 게시물을 직접 확인해 국내 메디컬 인접 계정으로 분류 | 2026-08-05 최근12 관측: 공개 릴스 0/12만 확인, 중앙값·최고조회수 미기록 사유: 공개 프로필 릴스 0건만 노출 | 2026-08-06 최근12 관측 실패·부분 확인(8/12); 조회수·중앙값·최고조회수 미기록: 공개 조회수 미노출 | 최근30일게시수 미확인: 최근 12개 원문이 완전하지 않음 | 평소좋아요율 미확인: 콘텐츠 원장에 계정평소좋아요율 원값 없음 | 2026-08-06 E3 직접 확인: 프로필 팔로워 115, 게시물 8, 팔로우 81, 이비인후과 전문의·귀/균형 진료·어지럼증·이명·난청 bio와 Naver blog 링크 확인. 프로필 그리드 미디어는 노출되지 않았지만 기존 raw shortcode DY34i-1RY1y 직접 링크가 열림. 좋아요 2·댓글 스레드 1건 노출·게시일 2026-05-28 확인. 조회수와 최근12 전체는 미확인. | 2026-08-07 E3 재확인: 공개 프로필 팔로워 115, 게시물 8, 팔로우 81 확인. 게시물 링크 8개는 노출됐지만 reels 탭이 없어 최근12 전체를 확인하지 못했고 조회수도 미노출."
akdskin_kr,대한피부과의사회,국내 메디컬 인접 계정,한국,1만,427,9,1925.5,36000,,,피부과의사회·피부과전문의·피부건강정보·피부시술,없음,없음,공용,B,실계정,,2026-08-06T00:14:17.865Z,C8wQ2jMR2Nc,2026-09-05T09:14:17.865+09:00,E2 공개 웹 검색 후보·Instagram 직접 확인,0,,"대한피부과의사회 공식 프로필·공식 홈페이지·피부과전문의 안내·피부과 선택과 시술 및 자외선·저자극 스킨케어 공개 게시물을 직접 확인해 국내 메디컬 인접 계정으로 분류 | 2026-08-05 최근12 관측: 조회수 12/12, 공개 좋아요 0/12 | 2026-08-06 최근12 관측 완료; 조회수·중앙값·최고조회수 미기록: 공개 조회수 미노출 | 평소좋아요율 미확인: 콘텐츠 원장에 계정평소좋아요율 원값 없음; 릴스 없음 큐 정리(2026-08-06): QUEUE.csv 정확한 보류사유 확인 후 완료 처리. 재방문예정일을 마지막 정면채굴일시+30일로 설정"
foretskin_official,포레피부과,국내 메디컬 인접 계정,한국,1172,288,,,,,,피부과·피부시술·피부노화·기미·잡티·자외선차단,없음,없음,공용,B,실계정,,2026-08-06T00:37:45.884Z,DamnWsEuDq9,2026-09-05T09:37:45.884+09:00,E2 공개 웹 검색 후보·Instagram 직접 확인,0,,"포레피부과 공식 프로필·피부과전문의 맞춤 진료·공식 링크·기미·잡티·피부노화·자외선 차단 공개 영상과 피부관리 콘텐츠를 직접 확인해 국내 메디컬 인접 계정으로 분류 | 2026-08-05 최근12 관측: 공개 릴스 0/12만 확인, 중앙값·최고조회수 미기록 사유: 공개 프로필 릴스 0건만 노출 | 2026-08-06 최근12 관측 완료; 조회수·중앙값·최고조회수 미기록: 공개 조회수 미노출 | 최근30일게시수 미확인: 최근 12개 원문이 완전하지 않음 | 평소좋아요율 미확인: 콘텐츠 원장에 계정평소좋아요율 원값 없음; 릴스 없음 큐 정리(2026-08-06): QUEUE.csv 정확한 보류사유 확인 후 완료 처리. 재방문예정일을 마지막 정면채굴일시+30일로 설정"
pnuh_hongbo,부산대학교병원 PNUH,국내 메디컬 인접 계정,한국,3620,910,,2021.5,4243,,,대학병원·암센터·호흡기·건강정보·병원소식,없음,없음,공용,B,실계정,,2026-08-06T00:28:11.851Z,DbnICA2lH9n,2026-09-05T09:28:11.851+09:00,E2 공개 웹 검색 후보·Instagram 직접 확인,0,,"부산대학교병원 공식 홍보 프로필·공식 웹진 링크·지역암센터·호흡기전문질환센터·CAR-T 세포치료 공개 게시물과 병원 건강소식을 직접 확인해 국내 메디컬 인접 계정으로 분류 | 2026-08-05 최근12 관측: 조회수 12/12, 공개 좋아요 0/12 | 2026-08-06 최근12 관측 완료; 조회수·중앙값·최고조회수 미기록: 공개 조회수 미노출 | 최근30일게시수 미확인: 최근 12개 원문이 완전하지 않음 | 평소좋아요율 미확인: 콘텐츠 원장에 계정평소좋아요율 원값 없음; 릴스 없음 큐 정리(2026-08-06): QUEUE.csv 정확한 보류사유 확인 후 완료 처리. 재방문예정일을 마지막 정면채굴일시+30일로 설정"
mokdong_samsung_top_im,목동삼성탑내과의원,국내 메디컬 인접 계정,한국,219,241,,131.5,188,,,내과·5대암건강검진·내시경·건강정보,없음,없음,공용,B,실계정,,2026-08-05T18:05:40.158Z,DbSUMWku7tz,2026-08-12T13:06:05+09:00,E2 공개 웹 검색 후보·Instagram 직접 확인,0,,"목동삼성탑내과의원 공개 프로필·5대암 검진 지정병원·보건복지부 인증 내과 전문의·내시경 세부전문의·공식 링크를 직접 확인해 국내 메디컬 인접 계정으로 분류 | 2026-08-05 최근12 관측: 공개 릴스 12/12 확인, 공개 좋아요 미노출로 평소좋아요율 미기록 | 최근30일게시수 미확인: 최근 12개 원문이 완전하지 않음 | 평소좋아요율 미확인: 콘텐츠 원장에 계정평소좋아요율 원값 없음"
yongsanint,용산성모내과의원,국내 메디컬 인접 계정,한국,3328,359,10,3899.5,843000,,,내과·내시경·당뇨·혈관건강·건강상식·건강검진,없음,없음,공용,B,실계정,,2026-08-06T00:28:11.851Z,DMKMO9RST4J,2026-09-05T09:28:11.851+09:00,E2 공개 웹 검색 후보·Instagram 직접 확인,0,,"용산성모내과의원 공개 프로필·내시경 진료·당뇨병·혈관건강·건강상식 하이라이트·공식 예약 링크를 직접 확인해 국내 메디컬 인접 계정으로 분류 | 2026-08-05 최근12 관측: 조회수 12/12, 공개 좋아요 0/12 | 2026-08-06 최근12 관측 완료; 조회수·중앙값·최고조회수 미기록: 공개 조회수 미노출 | 평소좋아요율 미확인: 콘텐츠 원장에 계정평소좋아요율 원값 없음; 릴스 없음 큐 정리(2026-08-06): QUEUE.csv 정확한 보류사유 확인 후 완료 처리. 재방문예정일을 마지막 정면채굴일시+30일로 설정"
bestson_suwon,베스트손내과_수원매교,국내 메디컬 인접 계정,한국,43,20,4,,,,,내과·건강검진·간초음파·수술전검사·건강정보,없음,없음,공용,B,실계정,,2026-08-06T00:50:44.902Z,Dbcr9cpmI2V,2026-08-12T13:06:05+09:00,E2 공개 웹 검색 후보·Instagram 직접 확인,0,,"베스트손내과 공식 프로필·건강검진 결과와 간초음파·수술 전 검사·수술 전 내과 진료 공개 게시물을 직접 확인해 국내 메디컬 인접 계정으로 분류 | 2026-08-05 최근12 관측: 공개 릴스 2/12만 확인, 중앙값·최고조회수 미기록 사유: 공개 프로필 릴스 2건만 노출 | 2026-08-06 최근12 관측 완료; 조회수·중앙값·최고조회수 미기록: 공개 조회수 미노출 | 평소좋아요율 미확인: 콘텐츠 원장에 계정평소좋아요율 원값 없음"
ckdhc__official,종근당건강 공식 인스타그램,국내 메디컬 인접 계정,한국,3.8만,339,7,1142.5,691000,,,건강기능식품·유산균·오메가3·비타민·건강정보,미확인,있음,공용,B,실계정,,2026-08-06T00:08:20.743Z,DbpDiiGxRi9,2026-09-05T09:08:20.743+09:00,E2 공개 웹 검색 후보·Instagram 직접 확인,0,,"종근당건강 공식 프로필·건강기능식품 카테고리·건강몰 링크·무릎통증·비타민C·장건강 건강정보 게시물 신호를 직접 확인해 국내 메디컬 인접 계정으로 분류 | 2026-08-05 최근12 관측: 조회수 12/12, 공개 좋아요 0/12 | 2026-08-06 최근12 관측 완료; 조회수·중앙값·최고조회수 미기록: 공개 조회수 미노출 | 평소좋아요율 미확인: 콘텐츠 원장에 계정평소좋아요율 원값 없음; 릴스 없음 큐 정리(2026-08-06): QUEUE.csv 정확한 보류사유 확인 후 완료 처리. 재방문예정일을 마지막 정면채굴일시+30일로 설정"
pillgram_official,맞춤영양제 필그램 PILLGRAM,국내 메디컬 인접 계정,한국,1364,217,,378,1496,,,맞춤영양제·건강검진·건강기능식품,미확인,있음,공용,B,실계정,,2026-08-05T17:38:09.359Z,DCp7xU6zr7W,2026-09-05T02:38:09.359+09:00,E2 공개 웹 검색 후보·Instagram 직접 확인,0,,"필그램 공식 프로필·건강검진 기반 맞춤 영양제 추천·산업부 장관상·특허 7종·Review와 News 하이라이트를 직접 확인해 국내 메디컬 인접 계정으로 분류 | 2026-08-05 최근12 관측: 공개 릴스 12/12 확인, 공개 좋아요 미노출로 평소좋아요율 미기록 | 최근30일게시수 미확인: 최근 12개 원문이 완전하지 않음 | 평소좋아요율 미확인: 콘텐츠 원장에 계정평소좋아요율 원값 없음; 릴스 없음 큐 정리(2026-08-06): QUEUE.csv 정확한 보류사유 확인 후 완료 처리. 재방문예정일을 마지막 정면채굴일시+30일로 설정"
knowledgeins_kr,지식에디트,국내 메디컬 인접 계정,한국,16.4만,1131,,19500,1454000,,,건강정보·시사·지식 콘텐츠,미확인,없음,공용,B,실계정,,2026-08-06T00:05:22.194Z,DbrYFuNgWZK,2026-09-05T09:05:22.194+09:00,E2 공개 웹 검색 후보·Instagram 직접 확인,0,,"지식에디트 공개 프로필·역류성 식도염·만성 염증·심장병 수술 관련 건강 주제 게시물 신호를 직접 확인해 국내 메디컬 인접 계정으로 분류 | 2026-08-05 최근12 관측: 조회수 12/12, 공개 좋아요 0/12 | 2026-08-06 최근12 관측 완료; 조회수·중앙값·최고조회수 미기록: 공개 조회수 미노출 | 최근30일게시수 미확인: 최근 12개가 모두 30일 안에 있어 전체 개수를 확정할 수 없음 | 평소좋아요율 미확인: 콘텐츠 원장에 계정평소좋아요율 원값 없음; 릴스 없음 큐 정리(2026-08-06): QUEUE.csv 정확한 보류사유 확인 후 완료 처리. 재방문예정일을 마지막 정면채굴일시+30일로 설정"
36.5_pharm,신흥36.5온누리약국,국내 메디컬 인접 계정,한국,48,17,0,,,,,약국·지역건강,,,공용,B,실계정,,2026-08-06T00:50:44.902Z,B-nt2mEB6F8,2026-08-12T13:40:41+09:00,E2 추천 계정·팔로잉 목록·Instagram 직접 확인,0,,"신흥36.5온누리약국 공식 프로필과 성남 신흥동 약국 정보 및 2020년 게시물 17개를 직접 확인했으며 최근 활동이 없어 콘텐츠 행은 추가하지 않음 | 2026-08-05 최근12 관측: 공개 릴스 0/12만 확인, 중앙값·최고조회수 미기록 사유: 공개 프로필 릴스 0건만 노출 | 2026-08-06 최근12 관측 완료; 조회수·중앙값·최고조회수 미기록: 공개 조회수 미노출 | 평소좋아요율 미확인: 콘텐츠 원장에 계정평소좋아요율 원값 없음"
realpharm5,💊공부하는 효약사💊,국내 약사 인플루언서,한국,67,142,,,,,,약국·약국임상·증상·건강정보,미확인,있음,김주성·오약·선영·공용,B,실계정,,2026-08-05T23:54:15.819Z,C7su9x0pDnK,2026-09-05T08:54:15.819+09:00,E2 추천 계정·팔로잉 목록·Instagram 직접 확인,0,,"프로필에서 7년차 약국임상 약사·증상 원인·근본치유 문구와 비염·코세척·건기식·피부 관련 공개 게시물 신호를 직접 확인해 국내 약사 인플루언서로 분류했으며 콘텐츠 행은 별도 검토 없이 추가하지 않음 | 2026-08-05 최근12 관측: 공개 릴스 4/12만 확인, 중앙값·최고조회수 미기록 사유: 공개 프로필 릴스 4건만 노출 | 2026-08-05 최근12 관측: 공개 릴스 4/12만 확인, 중앙값·최고조회수 미기록 사유: 공개 프로필 릴스 4건만 노출 | 2026-08-05 최근12 관측: 공개 릴스 2/12만 확인, 중앙값·최고조회수 미기록 사유: 공개 프로필 릴스 2건만 노출 | 2026-08-05 최근12 관측 완료; 조회수·중앙값·최고조회수 미기록: 공개 조회수 미노출 | 최근30일게시수 미확인: 최근 12개 원문이 완전하지 않음 | 평소좋아요율 미확인: 콘텐츠 원장에 계정평소좋아요율 원값 없음; 릴스 없음 큐 정리(2026-08-06): QUEUE.csv 정확한 보류사유 확인 후 완료 처리. 재방문예정일을 마지막 정면채굴일시+30일로 설정"
imagine_yaksa,상상약사,국내 약사 인플루언서,한국,102,6,0,,,,,약사·스포츠영양,,,오약·선영·공용,B,실계정,,2026-08-06T20:16:25+09:00,CkZ_gVpLy3u,2026-09-05T20:16:25+09:00,E2 추천 계정·팔로잉 목록·Instagram 직접 확인,0,,"약사 김상완·NSCA 상급 스포츠영양 지도사 프로필과 2022년 공개 게시물 6개를 직접 확인했으며 최근 활동이 없어 콘텐츠 행은 추가하지 않음 | 2026-08-05 최근12 관측: 공개 릴스 0/12만 확인, 중앙값·최고조회수 미기록 사유: 공개 프로필 릴스 0건만 노출 | 2026-08-05 최근12 관측: 공개 릴스 0/12만 확인, 중앙값·최고조회수 미기록 사유: 공개 프로필 릴스 0건만 노출 | 2026-08-05 최근12 관측 실패·부분 확인(6/12); 조회수·중앙값·최고조회수 미기록: 공개 조회수 미노출 | 최근30일게시수 미확인: 최근 12개 원문이 완전하지 않음 | 평소좋아요율 미확인: 콘텐츠 원장에 계정평소좋아요율 원값 없음 | 2026-08-06 재방문: 공개 프로필 게시물 6건을 확인했고 모두 슬라이드 캐러셀(2022-07~10)이며 릴스 탭과 공개 릴스는 0건이었다. 최근12 조회수·중앙값·최고조회수는 산출하지 않았다. 30일 후 재방문 예정. | 2026-08-06 재방문: 공개 프로필 게시물 6건을 확인했고 모두 슬라이드 캐러셀(2022-07~10)이며 릴스 탭과 공개 릴스는 0건이었다. 최근12 조회수·중앙값·최고조회수는 산출하지 않았다. 30일 후 재방문 예정."
our_med._room,우리들의 약 공간,국내 약사 인플루언서,한국,374,90,10,318,2228,,,약학·건강정보·체중관리·영양제,미확인,있음,오약·선영·공용,B,실계정,,2026-08-05T23:54:15.819Z,Daj9MtTv4rb,2026-09-05T08:54:15.819+09:00,E2 추천 계정·팔로잉 목록·Instagram 직접 확인,0,,"종로구 다제약물 관리사업 자문약사와 약사 소통 공간 프로필 및 위고비·마운자로·임신영양제·콜라겐·관절영양제 공개 게시물 신호를 직접 확인해 국내 약사 인플루언서로 분류했으며 콘텐츠 행은 별도 검토 없이 추가하지 않음 | 2026-08-05 최근12 관측: 조회수 12/12, 공개 좋아요 0/12 | 2026-08-05 최근12 관측 완료; 조회수·중앙값·최고조회수 미기록: 공개 조회수 미노출 | 평소좋아요율 미확인: 콘텐츠 원장에 계정평소좋아요율 원값 없음; 릴스 없음 큐 정리(2026-08-06): QUEUE.csv 정확한 보류사유 확인 후 완료 처리. 재방문예정일을 마지막 정면채굴일시+30일로 설정"
donga_onnuri,동아온누리약국,국내 메디컬 인접 계정,한국,291,1114,,219,277,,,약국·일반의약품·건강기능식품·의약품정보,미확인,있음,공용,B,실계정,,2026-08-05T18:04:05.683Z,DL4dNeXTn_u,2026-08-12T13:44:05+09:00,E2 추천 계정·팔로잉 목록·Instagram 직접 확인,0,,"안산 지역 동아온누리약국 공식 프로필과 건강기능식품 상담·택배 안내 및 일반의약품·의약품정보 게시물 신호를 직접 확인해 국내 메디컬 인접 계정으로 분류했으며 콘텐츠 행은 별도 검토 없이 추가하지 않음 | 2026-08-05 최근12 관측: 공개 릴스 12/12 확인, 공개 좋아요 미노출로 평소좋아요율 미기록 | 최근30일게시수 미확인: 최근 12개 원문이 완전하지 않음 | 평소좋아요율 미확인: 콘텐츠 원장에 계정평소좋아요율 원값 없음"
blessing.pharmacy,blessing.pharmacy,국내 메디컬 인접 계정,한국,369,106,4,,,,,약국·복약지도·의약품정보,미확인,없음,공용,B,실계정,,2026-08-06T00:45:56.465Z,DIP6ln8T6my,2026-08-12T13:45:21+09:00,E2 추천 계정·팔로잉 목록·Instagram 직접 확인,0,,"서울 지역 약국 프로필과 약국생활·복약지도·일반의약품 관련 공개 게시물 신호를 직접 확인해 국내 메디컬 인접 계정으로 분류했으며 콘텐츠 행은 별도 검토 없이 추가하지 않음 | 2026-08-05 최근12 관측: 공개 릴스 8/12만 확인, 중앙값·최고조회수 미기록 사유: 공개 프로필 릴스 8건만 노출 | 2026-08-06 최근12 관측 완료; 조회수·중앙값·최고조회수 미기록: 공개 조회수 미노출 | 평소좋아요율 미확인: 콘텐츠 원장에 계정평소좋아요율 원값 없음"
bpa_antidrug,부산시약사회 마약류 및 약물중독예방센터,국내 메디컬 인접 계정,한국,61,6,,,,,,약사회·약물중독예방·공공캠페인,없음,없음,공용,B,실계정,,2026-08-07T01:50:56+09:00,DbU1KBgE1UK,2026-08-21T01:50:56+09:00,E2 팔로잉 목록·Instagram 직접 확인; E3 Instagram 직접 확인,0,,"부산시약사회 마약류 및 약물중독예방센터 공식 프로필과 2026년 약물중독 예방·마약퇴치 공공캠페인 게시물을 직접 확인해 국내 메디컬 인접 계정으로 분류했으며 콘텐츠 행은 별도 검토 없이 추가하지 않음 | 2026-08-05 최근12 관측: 공개 릴스 0/12만 확인, 중앙값·최고조회수 미기록 사유: 공개 프로필 릴스 0건만 노출 | 2026-08-06 최근12 관측 실패·부분 확인(5/12); 조회수·중앙값·최고조회수 미기록: 공개 조회수 미노출 | 최근30일게시수 미확인: 최근 12개 원문이 완전하지 않음 | 평소좋아요율 미확인: 콘텐츠 원장에 계정평소좋아요율 원값 없음 | 2026-08-06 E3 직접 확인: 프로필 팔로워 60, 게시물 6, 팔로우 119, 부산광역시약사회 마약류 및 약물중독 예방센터 bio. 프로필 그리드 미디어는 노출되지 않았지만 기존 raw shortcode DbU1KBgE1UK 직접 링크가 열림. 조회수 미노출·좋아요 15·댓글 없음·게시일 2026-07-28 확인. 최근12 전체는 미확인. | 2026-08-07 E3 재확인: 공개 프로필 팔로워 61, 게시물 6, 팔로우 119 확인. 게시물 링크 6개는 노출됐지만 reels 탭이 없어 최근12 전체를 확인하지 못했고 조회수도 미노출."
owm.pharm.official,O.W.M 옵티마웰니스뮤지엄 약국,국내 메디컬 인접 계정,한국,8602,35,,19500,117000,,,약국·의약품·화장품·웰니스,미확인,있음,공용,B,실계정,,2026-08-06T00:17:50.821Z,DbpXhzLoHrj,2026-09-05T09:17:50.821+09:00,E2 팔로잉 목록·Instagram 직접 확인,0,,"옵티마웰니스뮤지엄 약국 공식 프로필과 의약품·화장품·웰니스 소개 및 2026년 7~8월 공개 게시물을 직접 확인해 국내 메디컬 인접 계정으로 분류했으며 콘텐츠 행은 별도 검토 없이 추가하지 않음 | 2026-08-05 최근12 관측: 조회수 12/12, 공개 좋아요 0/12 | 2026-08-06 최근12 관측 완료; 조회수·중앙값·최고조회수 미기록: 공개 조회수 미노출 | 최근30일게시수 미확인: 최근 12개 원문이 완전하지 않음 | 평소좋아요율 미확인: 콘텐츠 원장에 계정평소좋아요율 원값 없음; 릴스 없음 큐 정리(2026-08-06): QUEUE.csv 정확한 보류사유 확인 후 완료 처리. 재방문예정일을 마지막 정면채굴일시+30일로 설정"
knjbio.academy,김남주바이오 아카데미,국내 메디컬 인접 계정,한국,639,313,,356.5,584,,,대체의학·홀리스틱 건강·홍삼·한약재,미확인,있음,공용,B,실계정,,2026-08-05T17:48:25.095Z,DaRwC8fvHuV,2026-08-12T13:48:31+09:00,E2 팔로잉 목록·Instagram 직접 확인,0,,"김남주바이오 아카데미 공식 프로필과 동서양 재료·근본 건강 회복 문구 및 홍삼·한약재·콜라겐·비타민 관련 공개 게시물 신호를 직접 확인해 국내 메디컬 인접 계정으로 분류했으며 콘텐츠 행은 별도 검토 없이 추가하지 않음 | 2026-08-05 최근12 관측: 공개 릴스 12/12 확인, 공개 좋아요 미노출로 평소좋아요율 미기록 | 최근30일게시수 미확인: 최근 12개 원문이 완전하지 않음 | 평소좋아요율 미확인: 콘텐츠 원장에 계정평소좋아요율 원값 없음"
dr.wongu,닥터원구의 K-beauty l 그대고운피부과 대표원장 이원구,국내 메디컬 인접 계정,한국,3.6만,36,0,56000,11600000,,,피부과·K-beauty·피부노화·피부과 전문의,미확인,미확인,공용,B,실계정,,2026-08-06T00:08:20.743Z,DZ80S3rBARz,2026-09-05T09:08:20.743+09:00,E5 인접 직군 검색·Instagram 직접 확인,0,,"피부과 전문의·그대고운피부과 대표원장 프로필과 2026년 공개 피부노화·자외선차단·K-beauty 게시물 신호를 직접 확인해 국내 메디컬 인접 계정으로 분류했으며 콘텐츠 행은 별도 검토 없이 추가하지 않음 | 2026-08-05 최근12 관측: 조회수 12/12, 공개 좋아요 0/12 | 2026-08-06 최근12 관측 완료; 조회수·중앙값·최고조회수 미기록: 공개 조회수 미노출 | 평소좋아요율 미확인: 콘텐츠 원장에 계정평소좋아요율 원값 없음; 릴스 없음 큐 정리(2026-08-06): QUEUE.csv 정확한 보류사유 확인 후 완료 처리. 재방문예정일을 마지막 정면채굴일시+30일로 설정"
yuni__yaksa,다정한 엄마약사 | 유니약사,국내 약사 인플루언서,한국,21.3만,556,,92500,1007000,,0.86%,건강·뷰티,미확인,있음,공용,A,실계정,,2026-08-08T13:32:02+09:00,Dbu9yTKzOXn,2026-09-07T13:32:02+09:00,E1 #약사,0,,"13년차 약사엄마 프로필과 장건강·약국꿀팁·비타민C 아연·만성염증 해킹 하이라이트 및 공개 공동구매 게시물 신호를 직접 확인해 국내 약사 인플루언서로 분류했으며 콘텐츠 원문 행은 별도 검토 없이 추가하지 않음 | 2026-08-05 최근12 관측: 조회수 0/12, 공개 좋아요 12/12, 평소좋아요율 0.86% | 2026-08-05 최근12 관측 실패·부분 확인(0/12); 조회수·중앙값·최고조회수 미기록: profile HTTP 410 | 2026-08-05 최근12 관측 실패·부분 확인(6/12); 조회수·중앙값·최고조회수 미기록: 공개 프로필 대체 소스에서 6/12 게시물만 노출; 나머지 6건은 목록 미노출 | 최근30일게시수 미확인: 최근 12개 원문이 완전하지 않음 | 평소좋아요율 미확인: 콘텐츠 원장에 계정평소좋아요율 원값 없음 | 2026-08-08 logged-in read-only recent12 recheck: 12 reel views exposed; latest12 median 92500 and max 1007000; evidence Dbu9yTKzOXn through DbMmqwQTXW0. DbskRVBTHkb was 283000 views in the initial DOM snapshot; after scroll the same link showed likes and comments first. Other account metrics remain unresolved."
fit_yaksa,약사 배선우 | 올영 vs 약국 뷰티 분석,국내 약사 인플루언서,한국,4.4만,38,7,,,,,건강·뷰티·약국 꿀템,미확인,미확인,공용,A,실계정,,2026-08-05T23:39:20.281Z,DZZyw1bCn5n,2026-09-05T08:39:20.281+09:00,E1 #약사,0,,약사 배선우 프로필과 올영·약국 비교 분석·여드름 외용제 대체 비교·약국 뷰티·선크림 TOP5 공개 릴스 신호를 직접 확인해 국내 약사 인플루언서로 분류했으며 콘텐츠 원문 행은 별도 검토 없이 추가하지 않음 | 2026-08-05 최근12 관측 완료; 조회수·중앙값·최고조회수 미기록: 공개 조회수 미노출 | 평소좋아요율 미확인: 콘텐츠 원장에 계정평소좋아요율 원값 없음; 릴스 없음 큐 정리(2026-08-06): QUEUE.csv 정확한 보류사유 확인 후 완료 처리. 재방문예정일을 마지막 정면채굴일시+30일로 설정
sue_yaksa,슈슈 Sue | 모두의 약사 친구 박수빈,국내 약사 인플루언서,한국,1011,18,7,22500,98000,,,약·뷰티·운동·식단,미확인,미확인,공용,B,실계정,,2026-08-05T23:54:15.819Z,DaAcUKDzc40,2026-09-05T08:54:15.819+09:00,E1 #약사,0,,"슈슈 약사 프로필과 약이야기·식단관리·운동·피부뷰티 하이라이트 및 영양제 성분 분석 공개 릴스 신호를 직접 확인해 국내 약사 인플루언서로 분류했으며 콘텐츠 원문 행은 별도 검토 없이 추가하지 않음 | 2026-08-05 최근12 관측: 조회수 12/12, 공개 좋아요 0/12 | 2026-08-05 최근12 관측 완료; 조회수·중앙값·최고조회수 미기록: 공개 조회수 미노출 | 평소좋아요율 미확인: 콘텐츠 원장에 계정평소좋아요율 원값 없음; 릴스 없음 큐 정리(2026-08-06): QUEUE.csv 정확한 보류사유 확인 후 완료 처리. 재방문예정일을 마지막 정면채굴일시+30일로 설정"
sspharm_apgujeong,생생온누리약국,국내 메디컬 인접 계정,한국,142,2,,,,,,약국·K-beauty·Skincare·건강기능식품,미확인,미확인,공용,B,실계정,,2026-08-07T01:39:36+09:00,DYepFwZkmUo,2026-08-21T01:39:36+09:00,E2 onnuripharmacy 팔로잉 목록·Instagram 직접 확인; E3 Instagram 직접 확인,0,,"서울 압구정 소재 약국의 K-beauty·Skincare·건강기능식품·Tax Free 공개 프로필을 직접 확인해 국내 메디컬 인접 계정으로 분류했으며 콘텐츠 원문 행은 별도 검토 없이 추가하지 않음 | 2026-08-05 최근12 관측: 공개 릴스 0/12만 확인, 중앙값·최고조회수 미기록 사유: 공개 프로필 릴스 0건만 노출 | 2026-08-06 최근12 관측 실패·부분 확인(2/12); 조회수·중앙값·최고조회수 미기록: 공개 조회수 미노출 | 최근30일게시수 미확인: 최근 12개 원문이 완전하지 않음 | 평소좋아요율 미확인: 콘텐츠 원장에 계정평소좋아요율 원값 없음 | 2026-08-06 E3 직접 확인: 프로필 팔로워 142, 게시물 2, 팔로우 28, K-Beauty·Skincare·Supplements·Tax Free bio. 프로필 그리드 미디어는 노출되지 않았지만 기존 raw shortcode DYepFwZkmUo 직접 링크가 열림. 좋아요 11·댓글 없음·게시일 2026-05-18 확인. 조회수와 최근12 전체는 미확인. | 2026-08-07 E3 재확인: 공개 프로필 팔로워 142, 게시물 2, 팔로우 28 확인. 프로필에는 게시물·리포스트·태그됨 탭만 노출되고 reels 탭이 없어 최근12 전체를 확인하지 못함. 기존 shortcode DYepFwZkmUo 직접 링크만 확인했으며 조회수는 미노출."
dongdong_pharm,연산하나로약국,국내 약사 인플루언서,한국,528,127,0,,,,,약국·건강기능식품·동물약·명상·컬러테라피,미확인,미확인,공용,B,실계정,,2026-08-05T23:54:15.819Z,DK8eFHxSY6N,2026-09-05T08:54:15.819+09:00,E2 onnuripharmacy 팔로잉 목록·Instagram 직접 확인,0,,"연산하나로약국과 약사 소개 및 건강기능식품·동물약·명상·컬러테라피 공개 프로필을 직접 확인해 국내 약사 인플루언서로 분류했으며 콘텐츠 원문 행은 별도 검토 없이 추가하지 않음 | 2026-08-05 최근12 관측: 공개 릴스 11/12만 확인, 중앙값·최고조회수 미기록 사유: 공개 프로필 릴스 11건만 노출 | 2026-08-05 최근12 관측: 공개 릴스 11/12만 확인, 중앙값·최고조회수 미기록 사유: 공개 프로필 릴스 11건만 노출 | 2026-08-05 최근12 관측: 공개 릴스 1/12만 확인, 중앙값·최고조회수 미기록 사유: 공개 프로필 릴스 1건만 노출 | 2026-08-05 최근12 관측 완료; 조회수·중앙값·최고조회수 미기록: 공개 조회수 미노출 | 평소좋아요율 미확인: 콘텐츠 원장에 계정평소좋아요율 원값 없음; 릴스 없음 큐 정리(2026-08-06): QUEUE.csv 정확한 보류사유 확인 후 완료 처리. 재방문예정일을 마지막 정면채굴일시+30일로 설정"
yu._.yak,유약💊_병원약사 인스타툰,국내 약사 인플루언서,한국,1.3만,178,,6521,286000,43.86x(DaWrI69OspU);42.78x(DUsTjazExJO);4.45x(DShvVsREyuf),,약국·의료현장·생활습관,,예,공용,,,,2026-08-07T05:45:00+09:00,DIzmDd_Ttws,,E1·Instagram 검색 약사일상,0,검토,"Instagram 공개 프로필 직접 확인: 표시명 유약💊_병원약사 인스타툰, 팔로워 1.3만, 게시물 178, 팔로우 1112. bio에 병원약사 인스타툰 연재와 약사 정체성이 명시됨. 릴스 탭에서 최근12 조회수 286000·3257·7428·5614·279000·5456·14000·8298·29000·5558·5007·2627을 확인해 중앙값 6521·최고조회수 286000·상위3 배수를 계산했다. linktr.ee와 마플샵·아이디어스 입점 하이라이트가 보여 공구·판매링크운영은 예로 기록. 최근30일 게시수·평소좋아요율·최근20개 광고수는 직접 근거가 없어 공란 유지."
tony71004,약사툰,국내 약사 인플루언서,한국,5002,144,,,,,,약국·의료현장,,,,,실계정,,2026-08-09T04:41:38+09:00,CRK7aMeH8oq,,E1 약사툰 검색 · Instagram 직접 확인,0,,"약사툰 검색 프로필 직접 확인: 약국·약사 10년차, 일상을 만화로 담는 약사. 프로필 지표=게시물 144·팔로워 5002·팔로우 3480. recent12/reels 조회수는 다음 read-only 배치에서 확인 예정. | 2026-08-07T06:18:44+09:00 reels 재확인: 공개 reels 6개 노출. 조회수 5579·1535·1840·1540·1519, 1개 조회수 미노출. recent12 전체·중앙값·최고조회수는 미확인 유지. | 2026-08-07T13:37:04+09:00 E1 로그인 세션 프로필 재확인: 팔로워 5002·게시물 144 확인, 프로필 릴스 탭 미노출; 기존 직접 릴스 근거와 recent12 공란 유지. | 2026-08-08T01:24:23+09:00 E1 공개 프로필 재확인: 팔로워 5001·팔로우 3480·공개 게시물 링크 12개 확인; 로그인 대화상자로 콘텐츠 상세는 미확인 유지. | 2026-08-09T04:41:38+09:00 로그인 read-only 재확인: 프로필 게시물 144·팔로워 5002·팔로우 3480·약국/의료현장·약사툰·상담차트 확인; /reels/ 릴스 6개 조회수 5579·1535·1840·1540·1519·15926 확인, 기존 미노출 BmSKSVmhuH4 조회수 15926 노출; 스크롤 후 추가 릴스 미노출로 recent12 중앙값·최고조회수 공란 유지; contents.csv 해당 shortcode 행은 없어 신규 행을 만들지 않음"
jjing_yaksa,약사 크리에이터 찡순 <찡약사 툰>,국내 약사 인플루언서,한국,1119,43,,,,,,약국·의료현장·생활습관,,,,,실계정,,2026-08-09T04:51:05+09:00,CMtyYjPntVd,,E1 약사툰 검색 · Instagram 직접 확인,0,,"약사툰 검색 프로필 직접 확인: 약사 크리에이터·연애툰 같은 약툰. 프로필 지표=게시물 43·팔로워 1119·팔로우 376. recent12/reels 조회수는 다음 read-only 배치에서 확인 예정. | 2026-08-07T06:23:15+09:00 reels 재확인: 공개 reels 3개 노출. 조회수 1180·1969·845. recent12 전체·중앙값·최고조회수는 미확인 유지. | 2026-08-07T13:37:04+09:00 E1 로그인 세션 프로필 재확인: 팔로워 1119·게시물 43 확인, 릴스 탭 노출; 탭 콘텐츠 로딩 중으로 recent12 공란 유지. | 2026-08-09T04:51:05+09:00 로그인 read-only 재확인: 프로필 게시물 43·팔로워 1119·팔로우 376·디지털 크리에이터·약사 크리에이터 찡순·찡약사 툰·하이라이트 6개 확인; /reels/ 릴스 3개 조회수 1181·1970·845, 스크롤 후 추가 릴스 미노출로 recent12 중앙값·최고조회수 공란 유지; 관측 shortcode 3개는 known ledger이고 contents.csv 행은 없어 신규 행을 만들지 않음"
anyaksa3,안편한약국| 약사툰,국내 약사 인플루언서,한국,332,71,,,,,,약국·의료현장·생활습관,,,,,실계정,,2026-08-07T06:26:04+09:00,,,E1 약사툰 검색 · Instagram 직접 확인,0,,약사툰 검색 프로필 직접 확인: 안편한 약국 이야기·약국약사 일상툰. 프로필 지표=게시물 71·팔로워 332·팔로우 72. recent12/reels 조회수는 다음 read-only 배치에서 확인 예정. | 2026-08-07T06:26:04+09:00 프로필 재확인: 공개 프로필에서 게시물·태그됨 탭만 노출되고 reels 탭은 노출되지 않음. recent12·조회수는 미확인 유지.
molti_yaksatoon,몰티약사 | 약사툰 | 컷툰,국내 약사 인플루언서,한국,40,11,,,,,,약물안전·복약,,,,,실계정,,2026-08-07T06:29:26+09:00,,,E1 약사툰 검색 · Instagram 직접 확인,0,,"약사툰 검색 프로필 직접 확인: 약 정보 컷툰, 건기식·OTC·ETC·동물약·더마코스메틱 주제. 프로필 지표=게시물 11·팔로워 40·팔로우 29. recent12/reels 조회수는 다음 read-only 배치에서 확인 예정. | 2026-08-07T06:29:26+09:00 프로필 재확인: 공개 프로필에서 게시물·태그됨 탭만 노출되고 reels 탭은 노출되지 않음. recent12·조회수는 미확인 유지."
cheoeum_yaksa__toon,처음약사🐥_약사툰/일상툰,국내 약사 인플루언서,한국,0,1,,,,,,약국·의료현장·생활습관,,,,,실계정,,2026-08-07T06:43:16+09:00,,,E1 약사툰 검색 · Instagram 직접 확인,0,,약사툰 검색 프로필 및 /reels/ 경로 재확인: /reels/ 요청이 프로필 게시물 화면으로 리디렉션되고 릴스 탭은 노출되지 않음. 프로필 지표=게시물 1·팔로워 0·팔로우 0. 소아과 아래 약국 근무 약사의 일상툰 소개 확인. recent12 조회수는 근거 부족으로 공란 유지.
sunny_yaksa,써니약사,국내 약사 인플루언서,한국,7.7만,134,,,,,,가족건강·알레르기·피부건강,,,,B,,,2026-08-08T10:56:55+09:00,C6tBAUwOZlK,2026-08-15T10:56:55+09:00,E1 Instagram 프로필 직접 확인,0,,직접 게시물에서 sunny_yaksa·써니약사·약사 엄마·피부과 의사 아빠 표현을 확인; 2026-08-08 로그인 read-only 프로필에서 게시물 134·팔로워 7.7만 확인; 최근30일 게시수·최근12 지표는 공란 유지
pharmy.official,파미,국내 메디컬 인접 계정,한국,909,90,,,,,,약국·약사상담 플랫폼·탈모약·건강정보,,,,B,실계정,,2026-08-08T10:56:55+09:00,C84MvUOuSsc,2026-08-22T10:56:55+09:00,E1 Instagram 프로필 직접 확인,0,,pharmy.official 공식 계정에서 파미·PharMy 앱과 약국 상담·의약품 관련 콘텐츠를 확인; 2026-08-08 로그인 read-only 프로필에서 게시물 90·팔로워 909 확인; 최근12 지표는 공란 유지
yaksa_mommy,약사마미 | 약사 이선자,국내 약사 인플루언서,한국,1.8만,35,,,,,,약물안전·복약·여성건강·임신·약국상담,,있음,오약·선영·공용,B,실계정,,2026-08-09 23:08:33+09:00,DZM6VWtS94M,2026-09-08 23:08:33+09:00,E1 Instagram 로그인 태그·키워드 검색,1,,인증 프로필에서 중앙대 약대·40년 약사·팔로워 1.8만·게시물 35건·팔로우 80을 확인함. 최근12 지표는 미확인. 프리미엄 질유산균 하이라이트로 상업 맥락을 보존하되 게시물 광고 판정은 불명으로 둠.
eve_skinpharm,이브 약사 | 양지수,국내 약사 인플루언서,한국,8247,,,,,,,피부·뷰티,,,오약·선영·공용,B,실계정,,2026-08-09T23:25:00+09:00,DbTL402vfuF,2026-09-08T23:25:00+09:00,E1 Instagram 로그인 태그·키워드 검색,1,,"인증 프로필에서 이브 약사·양지수, 팔로워 8247·팔로우 266, 성분 분석·피부관리·K-Beauty·약사 피부상식·전 제약회사 임상팀 bio를 확인함. 게시물 수와 recent12 지표는 미확인."
ode.doctor,오드의원,국내 메디컬 인접 계정,한국,2.6만,,,,,,,피부·뷰티,,,공용,B,실계정,,2026-08-09T23:25:00+09:00,DZmZ9ZwpFn6,2026-09-08T23:25:00+09:00,E1 Instagram 로그인 태그·키워드 검색,1,,프로필에서 팔로워 2.6만·팔로우 0과 오드의원(서울 강남구 강남대로 340 8층)·피부과 원장 bio를 확인함. 게시물 수와 recent12 지표는 미확인. 서비스 계정 맥락을 보존하고 게시물 광고 판정은 불명으로 둠.
sonyaksa_lab,손약사의 건강연구소 I 약사 손민수,국내 약사 인플루언서,한국,2.5만,117,,,,,,건강·뷰티,,있음,오약·선영·공용,B,실계정,,2026-08-09T23:54:14+09:00,DZFPdkrTd9S,2026-09-08T23:54:14+09:00,E1 Instagram 로그인 검색 약사 탈모,0,,인증 프로필에서 게시물 117·팔로워 2.5만·팔로우 375·약사 건강연구소·만성염증·혈당관리 전문 bio를 확인함. 상담 DM과 링크가 있어 상업 맥락을 보존함. 최근12 지표는 미확인.
yak_secret,약사비책 | 약사 고신형,국내 약사 인플루언서,한국,13만,1205,,,,,,건강·뷰티,,있음,김주성·오약·선영·공용,B,실계정,,2026-08-09T23:54:14+09:00,DZ7liYjxEDH,2026-09-08T23:54:14+09:00,E1 Instagram 로그인 검색 약사 탈모,0,,인증 프로필에서 게시물 1205·팔로워 13만·팔로우 388·건강·뷰티·혈당·염증·뱃살 bio를 확인함. 공동구매와 챌린지 운영을 명시해 게시물 광고 판정은 불명으로 유지함. 최근12 지표는 미확인.
myyaksa,장세경 마이약사 | 건강·피부·일상,국내 약사 인플루언서,한국,2.8만,115,,,,,0.0064,건강·뷰티,,있음,오약·선영·공용,B,실계정,,2026-08-10T00:12:31+09:00,DZFviGYp9LC,2026-09-10T00:12:31+09:00,E1 Instagram 로그인 검색 약사 수면,0,,인증 프로필에서 게시물 115·팔로워 2.8만·팔로우 126·대학병원 약국·임상약학 대학원생 bio를 확인함. 영양제 상담 DM·카카오톡과 링크가 있어 상업 맥락을 보존함. 최근12 지표는 미확인.
shine_yaksa,샤인약사ㅣ염증 관리 전문 약사ㅣ김혜란,국내 약사 인플루언서,한국,11.1만,502,,,,,,건강·뷰티,,있음,오약·선영·공용,B,실계정,,2026-08-10T00:12:31+09:00,DaNaUXpgn5p,2026-09-10T00:12:31+09:00,E1 Instagram 로그인 검색 약사 수면,0,,인증 프로필에서 게시물 502·팔로워 11.1만·팔로우 200·염증 관리 전문·핵심 영양제·카톡 상담 bio를 확인함. 7월·8월 마켓 하이라이트와 링크가 있어 계정 상업 맥락을 보존함. 해당 게시물은 No 광고·No 마진 표기를 확인함.
yak.filter,필터약사 신동호ㅣ딸에게 꼭 알려주고싶은 여성건강 tmi,국내 약사 인플루언서,한국,4.3만,162,,,,,,여성건강·소아건강,,있음,오약·선영·공용,B,실계정,,2026-08-10T00:21:02+09:00,DaXo2PDyJjS,2026-09-10T00:21:02+09:00,E1 Instagram 로그인 검색 약사 비타민,0,검토,인증 프로필에서 게시물 162·팔로워 4.3만·팔로우 168·12년차 약사·임신·육아·1:1 맞춤상담과 링크를 확인함. 최근 게시물 DaXo2PDyJjS 직접 확인.
dubu_yaksa,두부약사,국내 약사 인플루언서,한국,8402,,,,,,,영양제·자기관리,,없음,오약·선영·공용,B,실계정,,2026-08-10T00:21:02+09:00,DZkNvHhPkqG,2026-09-10T00:21:02+09:00,E1 Instagram 로그인 검색 약사 비타민,0,검토,인증 프로필에서 팔로워 8402·팔로우 106·근거기반 건강정보 bio를 확인함. 최근 게시물 DZkNvHhPkqG 본문에 공구·광고 없음 취지 표기를 확인함.
jessi_yaksa,제씨약사 | 뷰티·웰니스·건강 | 제선영,국내 약사 인플루언서,한국,7261,42,,,,,0.028902,약물안전·복약,,있음,오약·선영·공용,B,실계정,,2026-08-10T00:45:52+09:00,DZ9_P79vyP_,2026-09-10T00:45:52+09:00,E1 Instagram 로그인 검색 약사 소화,0,검토,인증 프로필에서 게시물 42·팔로워 7261·팔로우 112·제씨약사·현직 약사·피부·영양·회복 루틴·맞춤형 건강기능식품 관리사 bio와 이메일을 확인함. 최근 게시물 DZ9_P79vyP_ 직접 확인.
aneun_yak,아는약사 | 건강하고 안전한 육아,국내 약사 인플루언서,한국,4092,94,,,,,,소아·약물안전,,있음,오약·선영·공용,B,실계정,,2026-08-10T00:45:52+09:00,DZMr2d1Syj3,2026-09-10T00:45:52+09:00,E1 Instagram 로그인 검색 약사 소화,0,검토,프로필에서 게시물 94·팔로워 4092·팔로우 98·아는약사·건강하고 안전한 육아·아기 제품 성분분석·DM 상담·카카오 링크를 확인함. 최근 게시물 DZMr2d1Syj3 직접 확인.
yeogi_yaksa,여기약사 박현지 | 여성건강·임신준비·노산·난임,국내 약사 인플루언서,한국,7499,122,,,,,,약물안전·여름건강,,있음,오약·선영·공용,B,실계정,,2026-08-10T00:58:30+09:00,DbxKZByRD94,2026-09-10T00:58:30+09:00,E1 Instagram 로그인 검색 약국 면역력,0,검토,인증 프로필에서 게시물 122·팔로워 7499·팔로우 297·여성건강·임신준비 약사·링크를 확인함. 최근 게시물 DbxKZByRD94 직접 확인.
woori_yaksa,빼자언니 💗 우리약사 | 배혜정,국내 약사 인플루언서,한국,6.3만,471,,,,,,피로·수분·약물안전,,있음,오약·선영·공용,B,실계정,,2026-08-10T00:58:30+09:00,DbP8kPMyL1L,2026-09-10T00:58:30+09:00,E1 Instagram 로그인 검색 약국 면역력,0,검토,인증 프로필에서 게시물 471·팔로워 6.3만·팔로우 867·약사 웰니스 루틴·YDY 멀티비타민·테라큐민 오픈·링크를 확인함. 최근 게시물 DbP8kPMyL1L 직접 확인.
woojoobe.yak,우주비 | 약사엄마·건강 육아,국내 약사 인플루언서,한국,2.1만,263,,,,,,육아·여름 약물안전,,있음,오약·선영·공용,B,실계정,,2026-08-10T00:58:30+09:00,DalqU2kSMFO,2026-09-10T00:58:30+09:00,E1 Instagram 로그인 검색 약국 면역력,0,검토,인증 프로필에서 게시물 263·팔로워 2.1만·팔로우 337·서울대 약학과 약사엄마·키즈·맘 건강정보·면역부스터 오픈·링크를 확인함. 최근 게시물 DalqU2kSMFO 직접 확인.
eunha__yak,은하약사 | 손혜림,국내 약사 인플루언서,한국,11.3만,494,,,,,0.06753,여성건강·빈혈,,있음,오약·선영·공용,B,실계정,,2026-08-10T01:08:00+09:00,DbIbNn0sJ2Q,2026-09-10T01:08:00+09:00,E1 Instagram 로그인 검색 약사 철분,0,검토,인증 프로필에서 게시물 494·팔로워 11.3만·팔로우 512·은하약사·약사엄마·아이 건강·여성건강·카카오 상담·링크를 확인함. 최근 게시물 DbIbNn0sJ2Q 직접 확인.
winner_yaksa,위너약사 | 위너,국내 약사 인플루언서,한국,9501,67,,,,,,피부·여성건강·다이어트·약국템,,있음,오약·선영·공용,B,실계정,,2026-08-10T01:34:12+09:00,DaMgcdBTGe3,2026-09-09,E1 Instagram 로그인 검색 약국 여성용품,0,검토,인증 프로필에서 게시물 67·팔로워 9501·팔로우 126·약사·카이스트·DM bio 확인.
byori_yaksa,뵤리약사 | 임별,국내 약사 인플루언서,한국,11만,309,,,,,,피부·영양제·여성건강·약국템,,있음,선영·오약·공용,B,실계정,,2026-08-10T01:34:12+09:00,DbskU18BlGw,2026-09-09,E1 Instagram 로그인 검색 약국 여성용품,0,검토,인증 프로필에서 게시물 309·팔로워 11만·팔로우 470·약사·피부·영양제·여성유산균·이노시톨 OPEN bio 확인.
woojjujju_yaksa,우쭈쭈약사 | 약사 우성준,국내 약사 인플루언서,한국,180,10,,,,,,약물안전·복약,,,,,실계정,,2026-08-10T00:53:08.098Z,DZU1svcSx69,2026-09-09,E1 Instagram discovery + direct read-only recheck,0,검토,프로필·후보 게시물 직접 확인. 팔로워 180; 게시물 10; 조회수·최근12 중앙값·게시 연도 미확인. 제품명 중심 효능 표현을 유효성분·방부제·일회용 여부·렌즈 착용 시 주의·진료 필요 신호 중심으로 바꾼다.
mina_yaksa,미나약사 | 김미나,국내 약사 인플루언서,한국,7451,68,,,,,,영양제·성분·다이어트,,있음,,,실계정,,2026-08-10T00:53:08.098Z,DaIdNLPySfH,2026-09-09,E1 Instagram discovery + direct read-only recheck,0,검토,프로필·후보 게시물 직접 확인. 팔로워 7451; 게시물 68; 조회수·최근12 중앙값·게시 연도 미확인. 평가 기준·측정 단위·근거 출처를 화면에 함께 제시하고 혈당·첨가물 관련 주장은 근거 확인 뒤 사용한다.
dubu_yaksa,두부약사 | 연진 🫧,국내 약사 인플루언서,한국,8412,59,,,,,,피부·약물안전,,있음,,,실계정,,2026-08-10T00:53:08.098Z,Da-SlwEv8rp,2026-09-09,E1 Instagram discovery + direct read-only recheck,0,검토,프로필·후보 게시물 직접 확인. 팔로워 8412; 게시물 59; 조회수·최근12 중앙값·게시 연도 미확인. 유효성분·일반의약품 여부·적응증·사용 빈도·금기·진료 필요 신호를 함께 제시한다. 항생제·항진균제·레티노이드 외용제는 진단을 대신하지 않는다고 명시한다.
drjoshaxe,"Dr. Josh Axe, DC, DNM, CNS | Podcast Host",해외 메디컬 인접 계정,,154.5만,5314,,,,,,내분비·갑상선·기능의학,,있음,,,실계정,,2026-08-10T00:53:08.098Z,Dbym1nqma25,2026-09-09,E1 Instagram discovery + direct read-only recheck,0,검토,프로필·후보 게시물 직접 확인. 팔로워 154.5만; 게시물 5314; 조회수·최근12 중앙값·게시 연도 미확인. 증상 목록→검사 해석의 한계→진료가 필요한 경고 신호→검사·상담 준비 체크리스트로 바꾼다. 증상만으로 진단하지 않는다.
jangsu_note,장수노트,국내 메디컬 인접 계정,한국,1.8만,67,,,,,,건강·뷰티·약국템,,있음,오약·선영·공용,F,실계정,,2026-08-10T10:00:10+09:00,DYmSanDT4_Q,2026-09-09,E1 Instagram discovery + direct read-only recheck,0,검토,프로필 건강/뷰티 계정; 쿠팡 파트너스 링크; 팔로워 1.8만; 게시물 67; 팔로우 0; 대상 릴스 11주·2026-05-21; 좋아요 2.7천; 댓글 216; 리포스트 265; 조회수 미노출; 상비약 정보 근거 검토 필요.
"kimjejo_pharma","김제조 | 약사 | 제조업 CEO","국내 약사 인플루언서","한국","1536","6","","","","","","건강정보·영양·건강기능식품","","있음","김주성·오약·선영·공용","B","실계정","","2026-08-10T10:32:21+09:00","Dbs3c0rPLhB","2026-09-09","E1 Instagram 약사 편두통 검색 deferred + direct read-only recheck","0","검토","프로필에서 약사·건기식 제조업 대표·팔로워 1536·게시물 6·개인상담 링크를 직접 확인함. 숙취해소제 게시물의 제품·복용 조합 주장은 별도 근거 검토 필요."
"yaksa.park","박약사 | 박정욱 약사","국내 약사 인플루언서","한국","2927","76","","","","","","약물안전·복약·피부·영양제","","없음","김주성·오약·선영·공용","B","실계정","","2026-08-10T10:37:38+09:00","Dau6zjSKRCV","2026-09-09","E1 Instagram 약사 편두통 검색 deferred + direct read-only recheck","0","검토","프로필에서 팔로워 2927·게시물 76·약사 자기관리·약 이야기 bio를 직접 확인함. 레티노이드 외용제 비교와 처방·자극 관련 내용은 허가사항과 진료 기준을 별도 검토해야 함."
"onbomclinic","온봄의원","국내 메디컬 인접 계정","한국","9387","118","","","","","","병원·의료기관·두통·통증","","있음","김주성·오약·선영·공용","B","실계정","","2026-08-10T10:43:47+09:00","DTma_cLkdeR","2026-09-09","E1 Instagram 약사 편두통 검색 deferred + direct read-only recheck","0","검토","프로필에서 온봄의원, 팔로워 9387·게시물 118·알레르기·아토피·SIBO·장문제 진료 bio와 진료·상담·검사 문의 링크를 직접 확인함. 29주 전 두통 분류 릴스는 최근 90일 밖이라 콘텐츠는 raw-only로 보류."
"yak_minam","약미남 | 약에 미친 남자","국내 약사 인플루언서","한국","1.2만","90","","","","","","약물안전·복약·영양제","","미확인","김주성·오약·선영·공용","B","실계정","","2026-08-10T10:58:48+09:00","DZ9sHlRht_O","2026-09-09","E1 Instagram 약사 편두통 검색 deferred + direct read-only recheck","0","검토","프로필에서 약사 bio·팔로워 1.2만·게시물 90·영양제 리스트 안내를 직접 확인함. 두통 약국템 선택과 복용 주의 표현은 허가사항·근거를 별도 검토해야 함."
"buddy_yaksa","해독 전문 약사 I 버디약사","국내 약사 인플루언서","한국","75000","891","","","","","","두통·약물안전·건강/뷰티","","있음","김주성·오약·선영·공용","B","실계정","","2026-08-10T11:07:09+09:00","C151KxBRn2T","2026-09-09","E1 Instagram 약사 편두통 검색 deferred + direct read-only recheck","0","검토","프로필에서 해독 전문 약사 I 버디약사, 팔로워 7.5만·게시물 891·성분·조합·타이밍 분석 bio와 inpk.link/buddy_yaksa 링크를 직접 확인함. 134주 전 두통약 릴스는 2024-01-10 게시로 최근 90일 밖이라 콘텐츠는 raw-only로 보류."
"yaksa_tips","약사팁스 | 애주가 약사 이용민","국내 약사 인플루언서","한국","1만","97","","","","","","숙취·두통·약물안전·영양제","","있음","김주성·오약·선영·공용","B","실계정","","2026-08-10T11:15:48+09:00","DLEr9r-g9WD","2026-09-09","E1 Instagram 약사 편두통 검색 deferred + direct read-only recheck","0","검토","프로필에서 약사팁스·애주가 약사 이용민, 팔로워 1만·게시물 97·15년차 약국 운영 bio와 공동구매 일정·litt.ly/yaksa_tips 링크를 직접 확인함. 59주 전 숙취두통 릴스는 2025-06-19 게시로 최근 90일 밖이라 콘텐츠는 raw-only로 보류."
"yakstagram_","약스타그램 | 심혜란","국내 건강 인접 계정","한국","18.7만","570","","","","","","영양제·만성염증·여성·소아건강","","있음","김주성·오약·선영·공용","B","실계정","","2026-08-10T11:21:31+09:00","CxxuEu5J1O1","2026-09-09","E1 Instagram 약사 편두통 검색 deferred + direct read-only recheck","0","검토","프로필에서 약스타그램·심혜란, 팔로워 18.7만·게시물 570·영양제 상담 DM·단독할인 링크와 건강 카테고리를 직접 확인함. 149주 전 두통약 분류 릴스는 2023-09-29 게시로 최근 90일 밖이고 본문에 엘레나 유산균 최저가 공구 일정이 있어 콘텐츠는 raw-only로 보류."
"yuni__yaksa","다정한 엄마약사 | 유니약사","국내 약사 인플루언서","","21.3만","562","","","","","","건강/뷰티·장건강·영양제","","있음","","","실계정","","2026-08-10T11:58:15+09:00","DV6FcEsk4Zg","2026-08-12T11:58:15+09:00","E1 #약사 유산균","0","중복 이력","기존 canonical 계정 행이 2026-08-08에 이미 있어 신규 계정 행을 추가하면 안 됐으나, 행 삭제 금지 규칙에 따라 이력 행을 보존하고 중복으로 기록함. 21주 후보; 최근30일게시수·최근12개중앙조회수 미확인; 프로필 장건강 유산균 open·상품 링크와 게시물 공구·구매완료 이벤트 확인; 콘텐츠 raw-only"
"dr.microbiome","마이크로바이옴 R&D 센터 공식 채널","국내 메디컬 인접 계정","한국","7083","40","","","","","","장건강·마이크로바이옴·유산균","","없음","김주성·오약·공용","B","실계정","","2026-08-10T12:43:00+09:00","DUFUIzNEc3Z","","E1 로그인 검색·Instagram 직접 확인","0","검토","마이크로바이옴 R&D 센터 공식 채널. 프로필에서 게시물 40·팔로워 7083·팔로우 0·blog.naver.com/dr_microbiome 링크·고함량 유산균 하이라이트를 확인. 대상 릴스는 27주·1월 29일 표시, 좋아요 수는 여러 명으로만 표시되고 댓글 8·리포스트 1·조회수 미노출. CJLP133 균주와 피부 기능성·안전성·수상 근거를 홍보하는 내용으로, 최근 90일 밖이라 콘텐츠 canonical에는 추가하지 않음."
